sample,step,layer,name,cosine,relative_l2,max_abs_diff,mean_abs_diff
sample_00000,0,16,block_out,0.9194499850273132,0.3944531977176666,237.70172119140625,0.5504398345947266
sample_00000,0,1,block_out,1.0010557174682617,0.0005222592153586447,0.033203125,0.00016162350948434323
sample_00000,0,23,block_out,0.8057454824447632,0.6026425361633301,420.30499267578125,1.1090964078903198
sample_00000,0,27,block_out,0.8472088575363159,0.5368912220001221,500.0966796875,1.6605905294418335
sample_00000,0,31,block_out,0.8417450189590454,0.5705353617668152,644.3977661132812,3.141908645629883
sample_00000,0,8,block_out,0.9955618977546692,0.10408588498830795,2.87451171875,0.09863675385713577
sample_00000,16,16,block_out,0.8924722671508789,0.4529469609260559,520.009033203125,0.5736488699913025
sample_00000,16,1,block_out,0.9950491189956665,0.10934761166572571,27.01953125,0.008585257455706596
sample_00000,16,23,block_out,0.7728079557418823,0.648292064666748,626.1561279296875,1.1669626235961914
sample_00000,16,27,block_out,0.811989963054657,0.5914720296859741,742.9842529296875,1.8006261587142944
sample_00000,16,31,block_out,0.7941979169845581,0.6478487849235535,660.9388427734375,3.4433624744415283
sample_00000,16,8,block_out,0.9822161197662354,0.1943156123161316,238.759033203125,0.11525464057922363
sample_00000,32,16,block_out,0.8918123841285706,0.45444491505622864,541.81005859375,0.5721670389175415
sample_00000,32,1,block_out,0.9900405406951904,0.1479395478963852,26.1171875,0.014767689630389214
sample_00000,32,23,block_out,0.7752568125724792,0.6455250978469849,649.9814453125,1.166311502456665
sample_00000,32,27,block_out,0.8173996210098267,0.5839207172393799,748.2412109375,1.776044487953186
sample_00000,32,31,block_out,0.7981705665588379,0.6441630721092224,629.2332153320312,3.3733367919921875
sample_00000,32,8,block_out,0.9796143174171448,0.2078329175710678,250.2900390625,0.12186665832996368
sample_00000,4,16,block_out,0.899053692817688,0.43948736786842346,487.404296875,0.5639403462409973
sample_00000,4,1,block_out,0.9989292621612549,0.06504750996828079,22.4404296875,0.0032691096421331167
sample_00000,4,23,block_out,0.7827847003936768,0.6346668601036072,558.912109375,1.1467796564102173
sample_00000,4,27,block_out,0.8287942409515381,0.5661811232566833,599.57421875,1.7434279918670654
sample_00000,4,31,block_out,0.8110962510108948,0.6241874694824219,661.79833984375,3.3289363384246826
sample_00000,4,8,block_out,0.9863033890724182,0.17133177816867828,227.972412109375,0.10473551601171494
sample_00000,63,16,block_out,0.9061980247497559,0.4247991442680359,311.409423828125,0.5522603988647461
sample_00000,63,1,block_out,0.9866130352020264,0.169435515999794,29.1417236328125,0.02099674567580223
sample_00000,63,23,block_out,0.8000916242599487,0.610515832901001,419.3040771484375,1.1561557054519653
sample_00000,63,27,block_out,0.8369677662849426,0.5560702085494995,497.0325927734375,1.7230812311172485
sample_00000,63,31,block_out,0.7968223690986633,0.6376140117645264,612.6692504882812,3.1458852291107178
sample_00000,63,8,block_out,0.9834314584732056,0.18900221586227417,159.440673828125,0.12250330299139023
sample_00001,0,16,block_out,0.9214614629745483,0.38971954584121704,244.14794921875,0.535409688949585
sample_00001,0,1,block_out,1.0010037422180176,0.0005223694024607539,0.03515625,0.00016247104213107377
sample_00001,0,23,block_out,0.8056207299232483,0.6031084060668945,426.30419921875,1.1015691757202148
sample_00001,0,27,block_out,0.843995213508606,0.5432534217834473,505.694580078125,1.6798030138015747
sample_00001,0,31,block_out,0.8379189968109131,0.5777975916862488,688.1392822265625,3.2049503326416016
sample_00001,0,8,block_out,0.9957996606826782,0.1008375734090805,2.896484375,0.09574460238218307
sample_00001,16,16,block_out,0.8840539455413818,0.4701996445655823,604.943115234375,0.5783236026763916
sample_00001,16,1,block_out,0.995076060295105,0.10858450829982758,26.91015625,0.00873430073261261
sample_00001,16,23,block_out,0.7588279247283936,0.6693233251571655,745.53515625,1.1900415420532227
sample_00001,16,27,block_out,0.7939122319221497,0.6174992918968201,887.74609375,1.871553897857666
sample_00001,16,31,block_out,0.7588051557540894,0.7018981575965881,714.8816528320312,3.6541240215301514
sample_00001,16,8,block_out,0.9805976748466492,0.2022075206041336,256.0612487792969,0.1131075918674469
sample_00001,32,16,block_out,0.8756548166275024,0.48727747797966003,647.125244140625,0.5931892395019531
sample_00001,32,1,block_out,0.9908004999160767,0.1422877013683319,25.908203125,0.014844768680632114
sample_00001,32,23,block_out,0.7444148659706116,0.6910869479179382,842.3165893554688,1.2186992168426514
sample_00001,32,27,block_out,0.7763770818710327,0.6417092680931091,992.950439453125,1.9219247102737427
sample_00001,32,31,block_out,0.7308030128479004,0.7325343489646912,563.2244873046875,3.7393314838409424
sample_00001,32,8,block_out,0.9778976440429688,0.21567848324775696,231.725830078125,0.12012913078069687
sample_00001,4,16,block_out,0.8940551280975342,0.4497223496437073,479.67266845703125,0.5501564741134644
sample_00001,4,1,block_out,0.9988585710525513,0.06536755710840225,21.1923828125,0.003406536066904664
sample_00001,4,23,block_out,0.768652081489563,0.6545214056968689,771.6848754882812,1.140693187713623
sample_00001,4,27,block_out,0.8213961124420166,0.5777738690376282,941.4716796875,1.7514060735702515
sample_00001,4,31,block_out,0.8065897226333618,0.6356417536735535,690.9783935546875,3.3591816425323486
sample_00001,4,8,block_out,0.9870265126228333,0.16642965376377106,206.654296875,0.10212438553571701
sample_00001,63,16,block_out,0.8893817663192749,0.461177259683609,449.72662353515625,0.566126823425293
sample_00001,63,1,block_out,0.9834574460983276,0.18646779656410217,27.8218994140625,0.02372322790324688
sample_00001,63,23,block_out,0.7790617346763611,0.6438226699829102,564.7666625976562,1.1627322435379028
sample_00001,63,27,block_out,0.8159911036491394,0.5892056226730347,720.3955688476562,1.770897388458252
sample_00001,63,31,block_out,0.7708372473716736,0.6694592237472534,648.117431640625,3.3023629188537598
sample_00001,63,8,block_out,0.9790477752685547,0.21253442764282227,152.816650390625,0.12624844908714294
sample_00002,0,16,block_out,0.9219948053359985,0.3883659839630127,252.01953125,0.5371354222297668
sample_00002,0,1,block_out,1.0009211301803589,0.0005199623410589993,0.037109375,0.00016594123735558242
sample_00002,0,23,block_out,0.8070088028907776,0.5996135473251343,426.99420166015625,1.104862928390503
sample_00002,0,27,block_out,0.8454462289810181,0.539895236492157,505.583984375,1.6815321445465088
sample_00002,0,31,block_out,0.8416274785995483,0.5713224411010742,628.7518920898438,3.1811435222625732
sample_00002,0,8,block_out,0.995603084564209,0.10208426415920258,2.6884765625,0.09825010597705841
sample_00002,16,16,block_out,0.8903988599777222,0.45774704217910767,480.54638671875,0.564295768737793
sample_00002,16,1,block_out,0.9947328567504883,0.11107327789068222,26.828125,0.009458811953663826
sample_00002,16,23,block_out,0.765582263469696,0.6587705016136169,898.5125732421875,1.1490046977996826
sample_00002,16,27,block_out,0.8091710209846497,0.5936753749847412,1088.3211669921875,1.805679202079773
sample_00002,16,31,block_out,0.7872930765151978,0.6577814817428589,822.0181884765625,3.4414238929748535
sample_00002,16,8,block_out,0.9868994355201721,0.1677686721086502,216.2559814453125,0.11516334116458893
sample_00002,32,16,block_out,0.8887934684753418,0.4610857367515564,417.718505859375,0.5712152719497681
sample_00002,32,1,block_out,0.9886488318443298,0.1560813933610916,25.755859375,0.016491124406456947
sample_00002,32,23,block_out,0.7636383175849915,0.6616715788841248,802.371337890625,1.1622257232666016
sample_00002,32,27,block_out,0.7956737875938416,0.6135312914848328,978.28076171875,1.86285400390625
sample_00002,32,31,block_out,0.7622316479682922,0.68999183177948,619.45849609375,3.558067560195923
sample_00002,32,8,block_out,0.9845218658447266,0.18230517208576202,178.17626953125,0.12446524947881699
sample_00002,4,16,block_out,0.9070963859558105,0.42274463176727295,520.53466796875,0.5491766929626465
sample_00002,4,1,block_out,0.9986178278923035,0.06781776249408722,22.0361328125,0.0036151243839412928
sample_00002,4,23,block_out,0.7900611758232117,0.6247133016586304,692.33837890625,1.1265617609024048
sample_00002,4,27,block_out,0.8339958190917969,0.5564671754837036,780.74072265625,1.7402911186218262
sample_00002,4,31,block_out,0.8124220371246338,0.6247111558914185,688.1192016601562,3.329277276992798
sample_00002,4,8,block_out,0.9937689304351807,0.11870398372411728,95.68408203125,0.10364723950624466
sample_00002,63,16,block_out,0.883816659450531,0.47104910016059875,678.68701171875,0.5496158599853516
sample_00002,63,1,block_out,0.982795000076294,0.18943853676319122,28.3494873046875,0.02457045204937458
sample_00002,63,23,block_out,0.7797671556472778,0.6409517526626587,1001.390869140625,1.128720760345459
sample_00002,63,27,block_out,0.833620548248291,0.5618711113929749,1127.784423828125,1.6949944496154785
sample_00002,63,31,block_out,0.7990788221359253,0.6311737298965454,705.9818115234375,3.0519309043884277
sample_00002,63,8,block_out,0.9810003638267517,0.20242975652217865,161.2574462890625,0.1290564090013504
sample_00003,0,16,block_out,0.9218637943267822,0.3886573910713196,243.0640869140625,0.5428749918937683
sample_00003,0,1,block_out,1.000974416732788,0.0005049862083978951,0.0361328125,0.00016219366807490587
sample_00003,0,23,block_out,0.8138823509216309,0.5889196991920471,430.7376708984375,1.0797972679138184
sample_00003,0,27,block_out,0.8518967628479004,0.5289328098297119,511.923095703125,1.653268814086914
sample_00003,0,31,block_out,0.8536690473556519,0.5482996106147766,540.873291015625,3.0545907020568848
sample_00003,0,8,block_out,0.9952815175056458,0.1057383120059967,2.72314453125,0.10163188725709915
sample_00003,16,16,block_out,0.8920090794563293,0.45439308881759644,463.18145751953125,0.5712758302688599
sample_00003,16,1,block_out,0.9953122138977051,0.1061776876449585,26.744140625,0.008477349765598774
sample_00003,16,23,block_out,0.7771617770195007,0.6430515050888062,567.8381958007812,1.1406389474868774
sample_00003,16,27,block_out,0.8169230818748474,0.5834431052207947,667.5125122070312,1.7833855152130127
sample_00003,16,31,block_out,0.7923481464385986,0.6486719250679016,802.8822631835938,3.3756608963012695
sample_00003,16,8,block_out,0.9868984818458557,0.16769181191921234,216.70782470703125,0.11583855003118515
sample_00003,32,16,block_out,0.8825993537902832,0.47290387749671936,584.6890869140625,0.5898531079292297
sample_00003,32,1,block_out,0.9891026020050049,0.15350478887557983,25.8046875,0.015634816139936447
sample_00003,32,23,block_out,0.7560223937034607,0.6729150414466858,905.9488525390625,1.1905816793441772
sample_00003,32,27,block_out,0.7924121022224426,0.6193406581878662,1072.9442138671875,1.8738322257995605
sample_00003,32,31,block_out,0.7590386271476746,0.6934074759483337,534.3404541015625,3.542210817337036
sample_00003,32,8,block_out,0.9841383695602417,0.184609055519104,173.29345703125,0.125715970993042
sample_00003,4,16,block_out,0.8966709971427917,0.44448983669281006,606.73681640625,0.5559223890304565
sample_00003,4,1,block_out,0.9990936517715454,0.06121806800365448,22.900390625,0.002988714026287198
sample_00003,4,23,block_out,0.7770883440971375,0.6421668529510498,848.814208984375,1.1197688579559326
sample_00003,4,27,block_out,0.8261412978172302,0.570258378982544,960.802490234375,1.7351717948913574
sample_00003,4,31,block_out,0.8166065216064453,0.6123136281967163,570.170654296875,3.278369426727295
sample_00003,4,8,block_out,0.9934592843055725,0.12173539400100708,101.34765625,0.10663372278213501
sample_00003,63,16,block_out,0.880535364151001,0.4780149459838867,642.4345703125,0.5591141581535339
sample_00003,63,1,block_out,0.9839484691619873,0.1837044656276703,24.57421875,0.023491723462939262
sample_00003,63,23,block_out,0.7725358009338379,0.650252640247345,941.208984375,1.1605567932128906
sample_00003,63,27,block_out,0.8225246071815491,0.5755591988563538,1107.875,1.731606125831604
sample_00003,63,31,block_out,0.8004854321479797,0.6307834386825562,547.21337890625,3.0745911598205566
sample_00003,63,8,block_out,0.9785529971122742,0.21485650539398193,171.4534912109375,0.12986509501934052
sample_00004,0,16,block_out,0.9216322898864746,0.3891965448856354,241.52813720703125,0.5369840860366821
sample_00004,0,1,block_out,1.0009069442749023,0.0005188303184695542,0.03515625,0.00016499300545547158
sample_00004,0,23,block_out,0.8103522062301636,0.5944674611091614,424.66680908203125,1.086256742477417
sample_00004,0,27,block_out,0.8551397919654846,0.5214816927909851,504.101806640625,1.6335086822509766
sample_00004,0,31,block_out,0.853904664516449,0.5464792847633362,623.2884521484375,3.04182505607605
sample_00004,0,8,block_out,0.9956653118133545,0.10095933824777603,2.724609375,0.09711596369743347
sample_00004,16,16,block_out,0.8823841214179993,0.47350770235061646,630.0989990234375,0.568965494632721
sample_00004,16,1,block_out,0.9948428273200989,0.10987203568220139,27.099609375,0.008953972719609737
sample_00004,16,23,block_out,0.7603268027305603,0.6667160987854004,825.1402587890625,1.163380742073059
sample_00004,16,27,block_out,0.805801510810852,0.598679780960083,996.8360595703125,1.8216315507888794
sample_00004,16,31,block_out,0.7820680141448975,0.6633983254432678,559.6395874023438,3.484537124633789
sample_00004,16,8,block_out,0.9813368320465088,0.19785603880882263,252.599365234375,0.1139228492975235
sample_00004,32,16,block_out,0.8789094090461731,0.48099809885025024,653.1494140625,0.5798267126083374
sample_00004,32,1,block_out,0.9898074269294739,0.14840219914913177,26.064453125,0.015649763867259026
sample_00004,32,23,block_out,0.7499698400497437,0.6824007034301758,848.288818359375,1.204310655593872
sample_00004,32,27,block_out,0.7858211994171143,0.6255836486816406,1004.736083984375,1.9001914262771606
sample_00004,32,31,block_out,0.7490391731262207,0.70531165599823,549.9638671875,3.6254608631134033
sample_00004,32,8,block_out,0.9773645997047424,0.21756091713905334,234.55908203125,0.12232904136180878
sample_00004,4,16,block_out,0.892852783203125,0.4523453116416931,619.491943359375,0.5491945743560791
sample_00004,4,1,block_out,0.9988787770271301,0.06354860216379166,22.4912109375,0.003302248427644372
sample_00004,4,23,block_out,0.777135968208313,0.6424625515937805,831.978759765625,1.1153254508972168
sample_00004,4,27,block_out,0.8324092626571655,0.5590240955352783,931.854736328125,1.7151275873184204
sample_00004,4,31,block_out,0.8252825140953064,0.5961824655532837,571.513427734375,3.2450180053710938
sample_00004,4,8,block_out,0.987004816532135,0.16565798223018646,219.50732421875,0.10272768884897232
sample_00004,63,16,block_out,0.8833385705947876,0.47344136238098145,456.264404296875,0.5502466559410095
sample_00004,63,1,block_out,0.9836907386779785,0.18469330668449402,24.76171875,0.02459093928337097
sample_00004,63,23,block_out,0.774983286857605,0.6474167108535767,794.488037109375,1.148706316947937
sample_00004,63,27,block_out,0.8214809894561768,0.5766004323959351,951.738525390625,1.740785002708435
sample_00004,63,31,block_out,0.7842241525650024,0.65242999792099,576.536865234375,3.157780647277832
sample_00004,63,8,block_out,0.9780664443969727,0.21617312729358673,177.81077575683594,0.12642531096935272
sample_00005,0,16,block_out,0.9102640748023987,0.4147488474845886,214.3660888671875,0.5847731232643127
sample_00005,0,1,block_out,1.000585913658142,0.0005340380012057722,0.037109375,0.00016701426648069173
sample_00005,0,23,block_out,0.8042794466018677,0.6049667596817017,404.72802734375,1.1108604669570923
sample_00005,0,27,block_out,0.8565705418586731,0.5189086198806763,486.12841796875,1.6180651187896729
sample_00005,0,31,block_out,0.8700869679450989,0.5138218402862549,529.8616333007812,3.0687482357025146
sample_00005,0,8,block_out,0.9931049942970276,0.12275959551334381,2.94580078125,0.1134936660528183
sample_00005,16,16,block_out,0.8572684526443481,0.5187355279922485,675.209716796875,0.6265614628791809
sample_00005,16,1,block_out,0.9930471181869507,0.12249265611171722,28.0595703125,0.011936518363654613
sample_00005,16,23,block_out,0.7373127341270447,0.695485532283783,886.22705078125,1.2185096740722656
sample_00005,16,27,block_out,0.7904825806617737,0.6200699210166931,1004.51220703125,1.8860621452331543
sample_00005,16,31,block_out,0.7578403949737549,0.7085502743721008,650.579345703125,3.7916817665100098
sample_00005,16,8,block_out,0.9775597453117371,0.21540655195713043,217.653564453125,0.13374553620815277
sample_00005,32,16,block_out,0.8564061522483826,0.5211693048477173,606.485595703125,0.637936532497406
sample_00005,32,1,block_out,0.989764392375946,0.14682839810848236,26.91796875,0.01844378374516964
sample_00005,32,23,block_out,0.7328179478645325,0.7018080353736877,817.48046875,1.2420200109481812
sample_00005,32,27,block_out,0.7762197852134705,0.639482319355011,929.69775390625,1.9495807886123657
sample_00005,32,31,block_out,0.7162702679634094,0.7691617608070374,937.8349609375,3.982470989227295
sample_00005,32,8,block_out,0.9778029918670654,0.2151271551847458,202.2735595703125,0.13971470296382904
sample_00005,4,16,block_out,0.8692862391471863,0.49700671434402466,612.70849609375,0.6058198809623718
sample_00005,4,1,block_out,0.9975452423095703,0.07793669402599335,22.6611328125,0.004915722645819187
sample_00005,4,23,block_out,0.7560009360313416,0.6714979410171509,797.1700439453125,1.1712085008621216
sample_00005,4,27,block_out,0.8187429904937744,0.5795208215713501,919.8555908203125,1.769274115562439
sample_00005,4,31,block_out,0.8091096878051758,0.6317724585533142,744.5692138671875,3.500501871109009
sample_00005,4,8,block_out,0.9830101132392883,0.18767717480659485,183.70785522460938,0.12209836393594742
sample_00005,63,16,block_out,0.8580693006515503,0.5199505090713501,528.404296875,0.6074903607368469
sample_00005,63,1,block_out,0.9804354310035706,0.20022089779376984,27.95941162109375,0.030678346753120422
sample_00005,63,23,block_out,0.748229444026947,0.6896336674690247,913.4559326171875,1.192707896232605
sample_00005,63,27,block_out,0.7976304888725281,0.6194689869880676,1095.2078857421875,1.80778169631958
sample_00005,63,31,block_out,0.7576770186424255,0.6882669925689697,622.5164794921875,3.4613304138183594
sample_00005,63,8,block_out,0.9757610559463501,0.226484477519989,196.95989990234375,0.15119658410549164
sample_00006,0,16,block_out,0.9082964658737183,0.41937053203582764,235.34820556640625,0.5907664895057678
sample_00006,0,1,block_out,1.0005707740783691,0.0005389343132264912,0.0478515625,0.0001722535234875977
sample_00006,0,23,block_out,0.791634202003479,0.6244109869003296,536.1548461914062,1.1417763233184814
sample_00006,0,27,block_out,0.8393725156784058,0.5484071373939514,666.0259399414062,1.707513451576233
sample_00006,0,31,block_out,0.8464084267616272,0.5668728947639465,481.314208984375,3.297140121459961
sample_00006,0,8,block_out,0.9927117228507996,0.12591196596622467,4.2686767578125,0.11688721179962158
sample_00006,16,16,block_out,0.8639567494392395,0.5078036189079285,581.157958984375,0.6413134932518005
sample_00006,16,1,block_out,0.9926800727844238,0.12540876865386963,26.26953125,0.012440145015716553
sample_00006,16,23,block_out,0.7450817823410034,0.6891813278198242,755.043701171875,1.226314663887024
sample_00006,16,27,block_out,0.787857711315155,0.624884843826294,908.294677734375,1.9319357872009277
sample_00006,16,31,block_out,0.738943874835968,0.734364926815033,584.9010009765625,3.972266435623169
sample_00006,16,8,block_out,0.9761340022087097,0.2223658710718155,226.661376953125,0.14062631130218506
sample_00006,32,16,block_out,0.8605250716209412,0.5144125819206238,571.1734619140625,0.6466984152793884
sample_00006,32,1,block_out,0.9880101680755615,0.15806153416633606,25.2109375,0.019762158393859863
sample_00006,32,23,block_out,0.7403706312179565,0.695584237575531,781.1280517578125,1.2408610582351685
sample_00006,32,27,block_out,0.7828510999679565,0.6319239735603333,882.7550048828125,1.9483845233917236
sample_00006,32,31,block_out,0.7275947332382202,0.7521653175354004,863.8369140625,3.9532904624938965
sample_00006,32,8,block_out,0.9736276268959045,0.23416469991207123,210.36148071289062,0.14883312582969666
sample_00006,4,16,block_out,0.876063346862793,0.4856751561164856,523.512451171875,0.6146910786628723
sample_00006,4,1,block_out,0.9973777532577515,0.07983474433422089,22.8427734375,0.00518496660515666
sample_00006,4,23,block_out,0.759767472743988,0.6691096425056458,664.9873046875,1.1875866651535034
sample_00006,4,27,block_out,0.8146565556526184,0.5867542624473572,757.2666015625,1.8176419734954834
sample_00006,4,31,block_out,0.7945839166641235,0.6601202487945557,595.5133056640625,3.6513314247131348
sample_00006,4,8,block_out,0.9815969467163086,0.19504931569099426,195.3167724609375,0.12486208230257034
sample_00006,63,16,block_out,0.8597298860549927,0.5183099508285522,490.94073486328125,0.6313292384147644
sample_00006,63,1,block_out,0.9810813665390015,0.1969049870967865,28.0560302734375,0.030197186395525932
sample_00006,63,23,block_out,0.7416903972625732,0.697677731513977,852.729248046875,1.2385375499725342
sample_00006,63,27,block_out,0.790686845779419,0.6255049109458923,1033.421630859375,1.8768924474716187
sample_00006,63,31,block_out,0.7423977851867676,0.7170946598052979,574.7357177734375,3.6145455837249756
sample_00006,63,8,block_out,0.9758698344230652,0.22560247778892517,199.0755615234375,0.15374869108200073
sample_00007,0,16,block_out,0.9112802743911743,0.4128239154815674,206.378662109375,0.5811951756477356
sample_00007,0,1,block_out,1.0006881952285767,0.000518167857080698,0.0322265625,0.000166293655638583
sample_00007,0,23,block_out,0.8030517101287842,0.6067953109741211,455.912109375,1.1121610403060913
sample_00007,0,27,block_out,0.8521853089332581,0.5267069339752197,558.884765625,1.6481373310089111
sample_00007,0,31,block_out,0.8599265813827515,0.5403286218643188,426.573486328125,3.1579341888427734
sample_00007,0,8,block_out,0.992969810962677,0.1242087185382843,3.39923095703125,0.11536882072687149
sample_00007,16,16,block_out,0.8765593767166138,0.484636515378952,495.6943359375,0.626431405544281
sample_00007,16,1,block_out,0.9939996600151062,0.11528109014034271,26.1083984375,0.01058128196746111
sample_00007,16,23,block_out,0.7554264068603516,0.6737150549888611,595.8135986328125,1.2224246263504028
sample_00007,16,27,block_out,0.7925401926040649,0.618037760257721,678.1749267578125,1.9346832036972046
sample_00007,16,31,block_out,0.7476333975791931,0.7266597151756287,658.3541259765625,3.932882785797119
sample_00007,16,8,block_out,0.9765036702156067,0.2207520604133606,232.85595703125,0.13377855718135834
sample_00007,32,16,block_out,0.8659045100212097,0.5048608183860779,524.4447021484375,0.6420341730117798
sample_00007,32,1,block_out,0.9907452464103699,0.14054127037525177,25.1171875,0.016773100942373276
sample_00007,32,23,block_out,0.7410697937011719,0.6927680373191833,676.5311279296875,1.24894118309021
sample_00007,32,27,block_out,0.7807514667510986,0.633860170841217,766.8612060546875,1.9678988456726074
sample_00007,32,31,block_out,0.725617527961731,0.7566864490509033,1041.6163330078125,3.970010995864868
sample_00007,32,8,block_out,0.9743109941482544,0.23115554451942444,228.476806640625,0.13983960449695587
sample_00007,4,16,block_out,0.8871625661849976,0.46388667821884155,452.060546875,0.596779465675354
sample_00007,4,1,block_out,0.9982811212539673,0.0692230612039566,23.7021484375,0.004064626060426235
sample_00007,4,23,block_out,0.7724452614784241,0.6487023830413818,595.515625,1.1637651920318604
sample_00007,4,27,block_out,0.8224844336509705,0.5749977827072144,739.66748046875,1.8013049364089966
sample_00007,4,31,block_out,0.7989763617515564,0.652494490146637,600.566162109375,3.615844249725342
sample_00007,4,8,block_out,0.9803824424743652,0.20158672332763672,220.34326171875,0.12263096123933792
sample_00007,63,16,block_out,0.8601616621017456,0.517629861831665,637.0164794921875,0.6008948087692261
sample_00007,63,1,block_out,0.9818803071975708,0.1932373195886612,23.7734375,0.02866934798657894
sample_00007,63,23,block_out,0.7674686908721924,0.6598256230354309,820.7457885742188,1.1766855716705322
sample_00007,63,27,block_out,0.8195427060127258,0.5807082653045654,944.811767578125,1.7591696977615356
sample_00007,63,31,block_out,0.7756326794624329,0.6664609909057617,548.3919067382812,3.2901651859283447
sample_00007,63,8,block_out,0.971418023109436,0.24540747702121735,236.5359344482422,0.14943429827690125
sample_00008,0,16,block_out,0.91282719373703,0.40924331545829773,221.10125732421875,0.5765186548233032
sample_00008,0,1,block_out,1.000738501548767,0.0005167587078176439,0.0341796875,0.00016461823543068022
sample_00008,0,23,block_out,0.8002992272377014,0.6091582179069519,372.393310546875,1.1372535228729248
sample_00008,0,27,block_out,0.8485559821128845,0.5324351787567139,434.9150390625,1.676855444908142
sample_00008,0,31,block_out,0.8537303805351257,0.5490562915802002,478.6025390625,3.2011642456054688
sample_00008,0,8,block_out,0.9934660196304321,0.12011569738388062,3.125244140625,0.11104734987020493
sample_00008,16,16,block_out,0.8968689441680908,0.44365033507347107,221.463623046875,0.6283735036849976
sample_00008,16,1,block_out,0.994421124458313,0.11210428178310394,26.673828125,0.01033592876046896
sample_00008,16,23,block_out,0.7628345489501953,0.6627850532531738,370.034423828125,1.2602205276489258
sample_00008,16,27,block_out,0.7909199595451355,0.6197027564048767,432.804443359375,1.9745149612426758
sample_00008,16,31,block_out,0.736945629119873,0.7374926209449768,651.0400390625,3.99889874458313
sample_00008,16,8,block_out,0.9894509315490723,0.15041938424110413,43.66162109375,0.12930794060230255
sample_00008,32,16,block_out,0.8588988780975342,0.517003059387207,602.4376220703125,0.6435818076133728
sample_00008,32,1,block_out,0.9910906553268433,0.13861164450645447,25.70703125,0.016193054616451263
sample_00008,32,23,block_out,0.7214324474334717,0.7167130708694458,810.0863037109375,1.2836111783981323
sample_00008,32,27,block_out,0.7664088606834412,0.6526209115982056,909.6448974609375,2.0107452869415283
sample_00008,32,31,block_out,0.7166138291358948,0.7654736042022705,634.0463256835938,4.058022499084473
sample_00008,32,8,block_out,0.9852275848388672,0.17669044435024261,126.0802001953125,0.13589993119239807
sample_00008,4,16,block_out,0.880032479763031,0.4775371551513672,554.626953125,0.5999805927276611
sample_00008,4,1,block_out,0.9979527592658997,0.07448536902666092,22.4775390625,0.004582653287798166
sample_00008,4,23,block_out,0.7501057386398315,0.6780263781547546,726.52197265625,1.2042630910873413
sample_00008,4,27,block_out,0.8076393008232117,0.5966672897338867,862.40869140625,1.8369874954223633
sample_00008,4,31,block_out,0.7858098745346069,0.6719220876693726,535.6951293945312,3.7049503326416016
sample_00008,4,8,block_out,0.9910207390785217,0.139020174741745,96.517578125,0.11855766922235489
sample_00008,63,16,block_out,0.9017418622970581,0.43350332975387573,240.560546875,0.5937511324882507
sample_00008,63,1,block_out,0.9823052287101746,0.19129875302314758,27.9388427734375,0.027289386838674545
sample_00008,63,23,block_out,0.7860341668128967,0.6326577663421631,391.9344482421875,1.2250208854675293
sample_00008,63,27,block_out,0.828729510307312,0.5688723921775818,457.8641357421875,1.778838872909546
sample_00008,63,31,block_out,0.7715455293655396,0.6720947623252869,570.3572998046875,3.3720271587371826
sample_00008,63,8,block_out,0.9830434322357178,0.19051864743232727,41.551513671875,0.14441731572151184
sample_00009,0,16,block_out,0.9110629558563232,0.4130550026893616,228.37225341796875,0.5820650458335876
sample_00009,0,1,block_out,1.0005794763565063,0.0005408656434156001,0.0361328125,0.00017051800386980176
sample_00009,0,23,block_out,0.7932770252227783,0.6201701164245605,522.1994018554688,1.1417346000671387
sample_00009,0,27,block_out,0.8407987356185913,0.5464078187942505,648.6876831054688,1.6992690563201904
sample_00009,0,31,block_out,0.8456817269325256,0.5667805671691895,446.003173828125,3.320014715194702
sample_00009,0,8,block_out,0.9931674003601074,0.12233428657054901,3.09521484375,0.11346323043107986
sample_00009,16,16,block_out,0.8625667691230774,0.5096206068992615,645.853271484375,0.6242852210998535
sample_00009,16,1,block_out,0.9930577278137207,0.12242123484611511,26.474609375,0.011768022552132607
sample_00009,16,23,block_out,0.7390019297599792,0.6953696608543396,857.6439819335938,1.227874994277954
sample_00009,16,27,block_out,0.7965021729469299,0.6148476004600525,930.4345703125,1.878368616104126
sample_00009,16,31,block_out,0.760006308555603,0.7107545733451843,615.185791015625,3.8166918754577637
sample_00009,16,8,block_out,0.977181077003479,0.21720834076404572,221.052001953125,0.13196596503257751
sample_00009,32,16,block_out,0.857520341873169,0.5189271569252014,635.393798828125,0.638404369354248
sample_00009,32,1,block_out,0.989647388458252,0.1475909799337387,25.427734375,0.01819421723484993
sample_00009,32,23,block_out,0.7314276695251465,0.7048330903053284,856.6494140625,1.2530337572097778
sample_00009,32,27,block_out,0.7872191667556763,0.627131998538971,962.953369140625,1.914517879486084
sample_00009,32,31,block_out,0.7365296483039856,0.7424116134643555,896.9217529296875,3.8827943801879883
sample_00009,32,8,block_out,0.9762064814567566,0.22228308022022247,214.5919189453125,0.13921472430229187
sample_00009,4,16,block_out,0.8746901750564575,0.4875764846801758,563.649169921875,0.6045359373092651
sample_00009,4,1,block_out,0.9975626468658447,0.07758519053459167,22.119140625,0.005060178693383932
sample_00009,4,23,block_out,0.7529308199882507,0.6757931113243103,732.192138671875,1.19939124584198
sample_00009,4,27,block_out,0.8094028830528259,0.5957484245300293,860.220458984375,1.8283348083496094
sample_00009,4,31,block_out,0.7901442646980286,0.6677705645561218,551.3119506835938,3.6753268241882324
sample_00009,4,8,block_out,0.9806329011917114,0.20006634294986725,212.51220703125,0.12205972522497177
sample_00009,63,16,block_out,0.8592488765716553,0.5182540416717529,510.66845703125,0.6224634647369385
sample_00009,63,1,block_out,0.9804776906967163,0.19991753995418549,28.14398193359375,0.03047889471054077
sample_00009,63,23,block_out,0.7429919242858887,0.6948283910751343,908.202392578125,1.2176107168197632
sample_00009,63,27,block_out,0.8040146827697754,0.6092894077301025,1090.159912109375,1.8130844831466675
sample_00009,63,31,block_out,0.7686215043067932,0.6747035980224609,635.71337890625,3.4347763061523438
sample_00009,63,8,block_out,0.9752421379089355,0.22869637608528137,212.36859130859375,0.15154212713241577
sample_00010,0,16,block_out,0.9097080230712891,0.41627228260040283,234.70361328125,0.5901361107826233
sample_00010,0,1,block_out,1.0004698038101196,0.0005648304359056056,0.037109375,0.00018544791964814067
sample_00010,0,23,block_out,0.8020402193069458,0.6060234904289246,389.202880859375,1.1297310590744019
sample_00010,0,27,block_out,0.8484325408935547,0.5334079265594482,455.998046875,1.6920599937438965
sample_00010,0,31,block_out,0.8518568873405457,0.5509140491485596,514.88330078125,3.1404829025268555
sample_00010,0,8,block_out,0.9928809404373169,0.12361500412225723,3.19573974609375,0.11845698952674866
sample_00010,16,16,block_out,0.9088128805160522,0.4183339774608612,212.30712890625,0.5962807536125183
sample_00010,16,1,block_out,0.9987128973007202,0.058765653520822525,21.0771484375,0.0031326613388955593
sample_00010,16,23,block_out,0.8051163554191589,0.5991504788398743,380.48126220703125,1.1387068033218384
sample_00010,16,27,block_out,0.8492287397384644,0.5306975841522217,457.751220703125,1.708158254623413
sample_00010,16,31,block_out,0.8368120193481445,0.5807106494903564,477.532470703125,3.1731040477752686
sample_00010,16,8,block_out,0.9915023446083069,0.1343316286802292,59.36943817138672,0.12324267625808716
sample_00010,32,16,block_out,0.9097950458526611,0.4162089228630066,265.49462890625,0.5935394763946533
sample_00010,32,1,block_out,0.998832106590271,0.05619924142956734,20.63623046875,0.002930615097284317
sample_00010,32,23,block_out,0.8040311336517334,0.6017485857009888,409.0887451171875,1.1487382650375366
sample_00010,32,27,block_out,0.8464111089706421,0.535679042339325,472.8177490234375,1.7334916591644287
sample_00010,32,31,block_out,0.8262452483177185,0.5955506563186646,501.5970458984375,3.2125000953674316
sample_00010,32,8,block_out,0.991803765296936,0.13190369307994843,49.21238708496094,0.12327414751052856
sample_00010,4,16,block_out,0.8722373247146606,0.4930616617202759,621.9371337890625,0.5965216755867004
sample_00010,4,1,block_out,0.9984599947929382,0.06323327124118805,21.3984375,0.0035441559739410877
sample_00010,4,23,block_out,0.754402756690979,0.6709907650947571,882.0560302734375,1.1547868251800537
sample_00010,4,27,block_out,0.8237862586975098,0.5715441107749939,1034.1405029296875,1.7386598587036133
sample_00010,4,31,block_out,0.835405707359314,0.582626223564148,496.5474853515625,3.2608559131622314
sample_00010,4,8,block_out,0.9891299605369568,0.15104171633720398,116.59930419921875,0.12334702163934708
sample_00010,63,16,block_out,0.9143426418304443,0.4056561291217804,318.142822265625,0.5674753189086914
sample_00010,63,1,block_out,0.9996313452720642,0.03845508396625519,25.273193359375,0.0015553515404462814
sample_00010,63,23,block_out,0.8149515986442566,0.5851414799690247,628.7445068359375,1.1252388954162598
sample_00010,63,27,block_out,0.8601205945014954,0.5121298432350159,765.3880615234375,1.6604193449020386
sample_00010,63,31,block_out,0.8360652327537537,0.5734389424324036,545.9407958984375,2.9388439655303955
sample_00010,63,8,block_out,0.9925418496131897,0.12621410191059113,11.04327392578125,0.12200209498405457
sample_00011,0,16,block_out,0.9098999500274658,0.4162607491016388,223.620849609375,0.6020453572273254
sample_00011,0,1,block_out,1.0004667043685913,0.000561481574550271,0.041015625,0.00018528471991885453
sample_00011,0,23,block_out,0.7963929176330566,0.6165990233421326,383.805419921875,1.1543270349502563
sample_00011,0,27,block_out,0.8395645022392273,0.5476073622703552,463.6533203125,1.7455939054489136
sample_00011,0,31,block_out,0.8385099768638611,0.5775120258331299,486.1337890625,3.323038339614868
sample_00011,0,8,block_out,0.9927672147750854,0.12461213022470474,2.8614501953125,0.11919788271188736
sample_00011,16,16,block_out,0.9075756072998047,0.42102980613708496,270.478515625,0.6034347414970398
sample_00011,16,1,block_out,1.0002540349960327,0.020365817472338676,1.91748046875,0.0012889801291748881
sample_00011,16,23,block_out,0.8016035556793213,0.6070636510848999,423.7174072265625,1.1471812725067139
sample_00011,16,27,block_out,0.8532395362854004,0.5241237282752991,491.7164306640625,1.6855380535125732
sample_00011,16,31,block_out,0.850690484046936,0.5470988154411316,521.4781494140625,3.0968775749206543
sample_00011,16,8,block_out,0.9925199151039124,0.12634024024009705,4.671909332275391,0.12248479574918747
sample_00011,32,16,block_out,0.8561703562736511,0.5228050947189331,586.14013671875,0.6640706062316895
sample_00011,32,1,block_out,0.9927777647972107,0.12396398931741714,16.7861328125,0.013099749572575092
sample_00011,32,23,block_out,0.7308573722839355,0.7032397985458374,943.24560546875,1.2280292510986328
sample_00011,32,27,block_out,0.7748770713806152,0.6443098187446594,1114.7747802734375,1.9565010070800781
sample_00011,32,31,block_out,0.6983438730239868,0.7857999801635742,537.7064208984375,4.041463375091553
sample_00011,32,8,block_out,0.9823784828186035,0.19052378833293915,93.59100341796875,0.15419748425483704
sample_00011,4,16,block_out,0.9085758924484253,0.4189740717411041,236.0166015625,0.6051104068756104
sample_00011,4,1,block_out,0.9999869465827942,0.031020337715744972,4.630615234375,0.0022216513752937317
sample_00011,4,23,block_out,0.8055452704429626,0.6015303730964661,360.0079345703125,1.1272743940353394
sample_00011,4,27,block_out,0.8595728278160095,0.5131402611732483,428.07666015625,1.6511763334274292
sample_00011,4,31,block_out,0.8664618134498596,0.5189703702926636,470.04925537109375,3.0224010944366455
sample_00011,4,8,block_out,0.9922618865966797,0.1284816861152649,31.5037841796875,0.12208712846040726
sample_00011,63,16,block_out,0.8939455151557922,0.45046132802963257,239.25,0.6395637392997742
sample_00011,63,1,block_out,0.9842050671577454,0.17989088594913483,18.9072265625,0.023418985307216644
sample_00011,63,23,block_out,0.7935214638710022,0.6206932067871094,380.904296875,1.2184534072875977
sample_00011,63,27,block_out,0.8202404379844666,0.5815020799636841,459.44384765625,1.8731873035430908
sample_00011,63,31,block_out,0.7692257165908813,0.679138720035553,427.975341796875,3.366472005844116
sample_00011,63,8,block_out,0.977020800113678,0.21715685725212097,28.9635009765625,0.16873699426651
sample_00012,0,16,block_out,0.9093084335327148,0.4171644151210785,227.22802734375,0.5975236296653748
sample_00012,0,1,block_out,1.000451683998108,0.0005508888862095773,0.03515625,0.00018157190061174333
sample_00012,0,23,block_out,0.8036295175552368,0.6057226657867432,391.3736572265625,1.1256868839263916
sample_00012,0,27,block_out,0.8541803359985352,0.5230351090431213,472.18701171875,1.6660817861557007
sample_00012,0,31,block_out,0.8609889149665833,0.5325462222099304,495.79638671875,3.105323076248169
sample_00012,0,8,block_out,0.9925426840782166,0.12607026100158691,2.3331298828125,0.12099562585353851
sample_00012,16,16,block_out,0.9094607830047607,0.4164831340312958,243.5927734375,0.5934234857559204
sample_00012,16,1,block_out,1.0004220008850098,0.0005435478524304926,0.03125,0.00018256971088703722
sample_00012,16,23,block_out,0.8052488565444946,0.5999941229820251,411.0509033203125,1.1260082721710205
sample_00012,16,27,block_out,0.8559112548828125,0.5191441178321838,489.1910400390625,1.6752063035964966
sample_00012,16,31,block_out,0.8542020320892334,0.5416204929351807,503.7535400390625,3.119799852371216
sample_00012,16,8,block_out,0.9926473498344421,0.12513722479343414,3.2044677734375,0.12043709307909012
sample_00012,32,16,block_out,0.9105353951454163,0.4141508638858795,229.791259765625,0.5930062532424927
sample_00012,32,1,block_out,1.000401496887207,0.0005462259869091213,0.037109375,0.00018343138799536973
sample_00012,32,23,block_out,0.8085049986839294,0.5951300263404846,396.158203125,1.128204107284546
sample_00012,32,27,block_out,0.8542248606681824,0.5220751762390137,475.42041015625,1.6906383037567139
sample_00012,32,31,block_out,0.8422213792800903,0.5620793104171753,460.47705078125,3.136445999145508
sample_00012,32,8,block_out,0.9926167726516724,0.12535299360752106,3.478240966796875,0.12104413658380508
sample_00012,4,16,block_out,0.9091007709503174,0.41728079319000244,230.422119140625,0.5944675207138062
sample_00012,4,1,block_out,1.0004398822784424,0.000548698881175369,0.03515625,0.00018219799676444381
sample_00012,4,23,block_out,0.802213191986084,0.6062496900558472,412.614990234375,1.1203898191452026
sample_00012,4,27,block_out,0.8527540564537048,0.5252128839492798,496.599853515625,1.666055679321289
sample_00012,4,31,block_out,0.8653299808502197,0.5208766460418701,501.184814453125,3.0688953399658203
sample_00012,4,8,block_out,0.9926596283912659,0.1250373274087906,2.738037109375,0.12066818028688431
sample_00012,63,16,block_out,0.9167698621749878,0.40021201968193054,239.4229736328125,0.5673966407775879
sample_00012,63,1,block_out,0.9998111724853516,0.03300316631793976,22.193359375,0.0009407051838934422
sample_00012,63,23,block_out,0.8196387887001038,0.5782203078269958,367.6822509765625,1.1407148838043213
sample_00012,63,27,block_out,0.8692176342010498,0.4953323006629944,437.03759765625,1.6369105577468872
sample_00012,63,31,block_out,0.8517272472381592,0.5418131351470947,451.82275390625,2.8432552814483643
sample_00012,63,8,block_out,0.9925268292427063,0.12606067955493927,11.922622680664062,0.12166586518287659
sample_00013,0,16,block_out,0.9098570942878723,0.41576629877090454,263.6754150390625,0.5852282047271729
sample_00013,0,1,block_out,1.000455617904663,0.0005539786070585251,0.0390625,0.00018295882910024375
sample_00013,0,23,block_out,0.802387535572052,0.6065160036087036,401.728759765625,1.1222096681594849
sample_00013,0,27,block_out,0.8486664295196533,0.5325051546096802,465.21337890625,1.6888575553894043
sample_00013,0,31,block_out,0.8518643379211426,0.5474415421485901,492.91845703125,3.167736291885376
sample_00013,0,8,block_out,0.9925912022590637,0.12564201653003693,2.45068359375,0.12050605565309525
sample_00013,16,16,block_out,0.8702188730239868,0.4963231086730957,614.6797485351562,0.5940658450126648
sample_00013,16,1,block_out,0.9988459348678589,0.05638859048485756,21.7939453125,0.002927454886958003
sample_00013,16,23,block_out,0.7592575550079346,0.665008544921875,857.9057006835938,1.145991325378418
sample_00013,16,27,block_out,0.8280755281448364,0.5655034780502319,974.2149658203125,1.7315236330032349
sample_00013,16,31,block_out,0.8290808200836182,0.5922675728797913,482.6751708984375,3.285299062728882
sample_00013,16,8,block_out,0.9817900061607361,0.19326849281787872,181.0142822265625,0.12608863413333893
sample_00013,32,16,block_out,0.8683227896690369,0.49955710768699646,643.1447143554688,0.5936488509178162
sample_00013,32,1,block_out,0.9989411234855652,0.05420190095901489,21.2978515625,0.0027938485145568848
sample_00013,32,23,block_out,0.7586382031440735,0.6656818985939026,882.5529174804688,1.150756597518921
sample_00013,32,27,block_out,0.8240475654602051,0.5716007947921753,1013.183349609375,1.747620940208435
sample_00013,32,31,block_out,0.8205732703208923,0.6052350997924805,469.29150390625,3.2714555263519287
sample_00013,32,8,block_out,0.9818443059921265,0.19286197423934937,190.56964111328125,0.12649044394493103
sample_00013,4,16,block_out,0.8717342615127563,0.49366703629493713,598.963623046875,0.5921361446380615
sample_00013,4,1,block_out,0.9986690282821655,0.05965329334139824,22.208984375,0.0031771576032042503
sample_00013,4,23,block_out,0.7553152441978455,0.6708837151527405,843.951416015625,1.152735710144043
sample_00013,4,27,block_out,0.8228133320808411,0.5735481977462769,960.435302734375,1.7531365156173706
sample_00013,4,31,block_out,0.8276334404945374,0.5968868136405945,482.1268310546875,3.3556947708129883
sample_00013,4,8,block_out,0.9826470017433167,0.18883183598518372,169.529052734375,0.12622185051441193
sample_00013,63,16,block_out,0.8691911697387695,0.4990077614784241,591.016357421875,0.5845082402229309
sample_00013,63,1,block_out,0.9988951683044434,0.05409959331154823,22.1669921875,0.002613653428852558
sample_00013,63,23,block_out,0.7567529082298279,0.6696412563323975,974.6708984375,1.1739509105682373
sample_00013,63,27,block_out,0.8268022537231445,0.5668532252311707,1155.7041015625,1.7362009286880493
sample_00013,63,31,block_out,0.8261726498603821,0.5876104831695557,647.2509765625,3.034044027328491
sample_00013,63,8,block_out,0.9869476556777954,0.16423039138317108,161.0902099609375,0.12512236833572388
sample_00014,0,16,block_out,0.9098469018936157,0.4163019359111786,239.69677734375,0.6044430732727051
sample_00014,0,1,block_out,1.0004631280899048,0.0005493797943927348,0.0302734375,0.00018189872207585722
sample_00014,0,23,block_out,0.8023698329925537,0.6091354489326477,391.519287109375,1.1490272283554077
sample_00014,0,27,block_out,0.8510251045227051,0.5272793769836426,468.520751953125,1.6850719451904297
sample_00014,0,31,block_out,0.8600786328315735,0.5338862538337708,487.321533203125,3.1093404293060303
sample_00014,0,8,block_out,0.9925544261932373,0.12638220191001892,2.473388671875,0.12019383162260056
sample_00014,16,16,block_out,0.9097572565078735,0.4160720407962799,255.083740234375,0.6021408438682556
sample_00014,16,1,block_out,1.0001537799835205,0.02429639920592308,1.8150787353515625,0.0011432599276304245
sample_00014,16,23,block_out,0.8096093535423279,0.5960330963134766,381.365234375,1.1382948160171509
sample_00014,16,27,block_out,0.861561119556427,0.5093948841094971,454.6083984375,1.6434935331344604
sample_00014,16,31,block_out,0.8613351583480835,0.5265918970108032,481.5478515625,2.985253095626831
sample_00014,16,8,block_out,0.9923542737960815,0.12778444588184357,7.92138671875,0.12302859127521515
sample_00014,32,16,block_out,0.8976813554763794,0.4425032138824463,249.793212890625,0.6432292461395264
sample_00014,32,1,block_out,0.994767963886261,0.10647878795862198,17.35546875,0.010260357521474361
sample_00014,32,23,block_out,0.7928116917610168,0.6221596002578735,375.46435546875,1.1893540620803833
sample_00014,32,27,block_out,0.8153584003448486,0.5870822668075562,443.37646484375,1.8664915561676025
sample_00014,32,31,block_out,0.75822514295578,0.7016923427581787,447.34521484375,3.677668571472168
sample_00014,32,8,block_out,0.9863436818122864,0.16834209859371185,39.67732238769531,0.1487358659505844
sample_00014,4,16,block_out,0.9070125818252563,0.422000527381897,239.729736328125,0.6099386215209961
sample_00014,4,1,block_out,0.9999496936798096,0.03194759413599968,3.7236328125,0.002365050371736288
sample_00014,4,23,block_out,0.8035079836845398,0.6040410995483398,376.12939453125,1.139424204826355
sample_00014,4,27,block_out,0.8585820198059082,0.5142910480499268,453.47900390625,1.6493252515792847
sample_00014,4,31,block_out,0.8688319325447083,0.5142640471458435,479.27325439453125,2.9759767055511475
sample_00014,4,8,block_out,0.991832971572876,0.13187019526958466,31.936767578125,0.12453890591859818
sample_00014,63,16,block_out,0.8996342420578003,0.4377635419368744,269.2080078125,0.6278644800186157
sample_00014,63,1,block_out,0.9872524738311768,0.16230137646198273,16.55517578125,0.020385680720210075
sample_00014,63,23,block_out,0.8047929406166077,0.6030668616294861,391.663818359375,1.1865836381912231
sample_00014,63,27,block_out,0.831459641456604,0.5628542304039001,446.741943359375,1.8131003379821777
sample_00014,63,31,block_out,0.7882696986198425,0.6520423293113708,465.738037109375,3.2355735301971436
sample_00014,63,8,block_out,0.9796715378761292,0.20354044437408447,28.65478515625,0.16233570873737335
sample_00015,0,16,block_out,0.9095325469970703,0.41614818572998047,234.05322265625,0.5826520919799805
sample_00015,0,1,block_out,1.0003852844238281,0.0005460939719341695,0.038330078125,0.00018010023632086813
sample_00015,0,23,block_out,0.8043853640556335,0.6014565825462341,430.2181396484375,1.1181442737579346
sample_00015,0,27,block_out,0.8495412468910217,0.5294700860977173,526.1341552734375,1.6691913604736328
sample_00015,0,31,block_out,0.8558375239372253,0.5492151379585266,520.1468505859375,3.2728753089904785
sample_00015,0,8,block_out,0.992426872253418,0.12542468309402466,3.57867431640625,0.1169445812702179
sample_00015,16,16,block_out,0.8665015697479248,0.5014636516571045,569.764404296875,0.5917885899543762
sample_00015,16,1,block_out,0.9979299306869507,0.06947225332260132,21.498046875,0.004245998337864876
sample_00015,16,23,block_out,0.7708580493927002,0.6447896361351013,744.8701171875,1.128706455230713
sample_00015,16,27,block_out,0.8310534358024597,0.5589815974235535,852.0087890625,1.698974370956421
sample_00015,16,31,block_out,0.8420708775520325,0.5696717500686646,527.9033203125,3.2977192401885986
sample_00015,16,8,block_out,0.9741449356079102,0.22838516533374786,229.213134765625,0.12324808537960052
sample_00015,32,16,block_out,0.8635168075561523,0.5071754455566406,585.930908203125,0.5901684165000916
sample_00015,32,1,block_out,0.9982849955558777,0.06382337957620621,20.8740234375,0.003906193422153592
sample_00015,32,23,block_out,0.7676233053207397,0.6494355797767639,794.6181640625,1.1316999197006226
sample_00015,32,27,block_out,0.8290355205535889,0.5620012879371643,917.680908203125,1.7023957967758179
sample_00015,32,31,block_out,0.8310410976409912,0.5885279178619385,501.538818359375,3.2927308082580566
sample_00015,32,8,block_out,0.9770981073379517,0.2150694727897644,209.54708862304688,0.12341195344924927
sample_00015,4,16,block_out,0.8664982914924622,0.5016768574714661,578.30078125,0.590484619140625
sample_00015,4,1,block_out,0.9973943829536438,0.07712778449058533,22.5849609375,0.00493418937548995
sample_00015,4,23,block_out,0.7598769664764404,0.6609020829200745,783.395263671875,1.1516770124435425
sample_00015,4,27,block_out,0.8205993175506592,0.5750755071640015,904.421630859375,1.7487092018127441
sample_00015,4,31,block_out,0.8309452533721924,0.5919612646102905,542.358154296875,3.456256628036499
sample_00015,4,8,block_out,0.9748135209083557,0.22564342617988586,213.798828125,0.12403033673763275
sample_00015,63,16,block_out,0.8944288492202759,0.44778215885162354,382.17431640625,0.5794512033462524
sample_00015,63,1,block_out,0.9980831146240234,0.0659034475684166,24.885498046875,0.003394621191546321
sample_00015,63,23,block_out,0.8060147762298584,0.5960578918457031,593.94970703125,1.1335030794143677
sample_00015,63,27,block_out,0.8468117713928223,0.5335133075714111,685.11669921875,1.6949023008346558
sample_00015,63,31,block_out,0.8221442103385925,0.593800961971283,683.501953125,3.1499741077423096
sample_00015,63,8,block_out,0.9874290227890015,0.15997979044914246,127.52978515625,0.1224268451333046
sample_00016,0,16,block_out,0.9100409746170044,0.4150752127170563,250.3485107421875,0.5841464400291443
sample_00016,0,1,block_out,1.0004667043685913,0.0005324434023350477,0.0419921875,0.0001726127229630947
sample_00016,0,23,block_out,0.8011541366577148,0.6055961847305298,407.4456787109375,1.1399332284927368
sample_00016,0,27,block_out,0.8421030044555664,0.5424617528915405,474.5364990234375,1.729029893875122
sample_00016,0,31,block_out,0.8424241542816162,0.5733307600021362,500.1409912109375,3.375154972076416
sample_00016,0,8,block_out,0.9926078915596008,0.12525665760040283,3.6403274536132812,0.11843227595090866
sample_00016,16,16,block_out,0.8544353246688843,0.5224696397781372,641.995849609375,0.6457445025444031
sample_00016,16,1,block_out,0.9900387525558472,0.14395427703857422,27.7646484375,0.015578677877783775
sample_00016,16,23,block_out,0.7280330061912537,0.7028655409812927,861.112060546875,1.2358213663101196
sample_00016,16,27,block_out,0.7743489742279053,0.6435383558273315,1023.8807373046875,1.9726462364196777
sample_00016,16,31,block_out,0.7362663745880127,0.733802855014801,640.592529296875,4.053543567657471
sample_00016,16,8,block_out,0.9811023473739624,0.19712385535240173,177.1796875,0.1455010026693344
sample_00016,32,16,block_out,0.8527742028236389,0.5254656076431274,659.8101196289062,0.6553358435630798
sample_00016,32,1,block_out,0.9829409718513489,0.18646691739559174,26.474609375,0.024924129247665405
sample_00016,32,23,block_out,0.7239418625831604,0.7063243985176086,893.8268432617188,1.2669847011566162
sample_00016,32,27,block_out,0.7571249604225159,0.6642912030220032,1070.8193359375,2.0299360752105713
sample_00016,32,31,block_out,0.698142409324646,0.7793141603469849,515.5406494140625,4.205877304077148
sample_00016,32,8,block_out,0.9784712195396423,0.21098381280899048,136.8515625,0.15707822144031525
sample_00016,4,16,block_out,0.8708170652389526,0.49320849776268005,603.513916015625,0.61225825548172
sample_00016,4,1,block_out,0.9964009523391724,0.08995668590068817,23.7998046875,0.006202809978276491
sample_00016,4,23,block_out,0.7510567903518677,0.6738469004631042,819.28515625,1.1859380006790161
sample_00016,4,27,block_out,0.8100945353507996,0.5926834940910339,948.5185546875,1.8232421875
sample_00016,4,31,block_out,0.8074636459350586,0.6337659358978271,648.80419921875,3.593503952026367
sample_00016,4,8,block_out,0.988825261592865,0.1522606760263443,112.30615234375,0.12792707979679108
sample_00016,63,16,block_out,0.8776806592941284,0.4831490218639374,269.1064453125,0.6456813812255859
sample_00016,63,1,block_out,0.9677443504333496,0.25414079427719116,27.2501220703125,0.04161334037780762
sample_00016,63,23,block_out,0.755182683467865,0.6717057824134827,576.3720703125,1.2556211948394775
sample_00016,63,27,block_out,0.7848872542381287,0.6332760453224182,710.64453125,1.9425312280654907
sample_00016,63,31,block_out,0.7253537774085999,0.7360023260116577,542.453125,3.7644290924072266
sample_00016,63,8,block_out,0.976012647151947,0.22367976605892181,66.36114501953125,0.17093418538570404
sample_00017,0,16,block_out,0.9174842834472656,0.39838913083076477,204.147705078125,0.5644280910491943
sample_00017,0,1,block_out,1.000497817993164,0.0005396471824496984,0.044921875,0.0001724466565065086
sample_00017,0,23,block_out,0.819426953792572,0.5791972279548645,403.868408203125,1.0814110040664673
sample_00017,0,27,block_out,0.8716452121734619,0.49106940627098083,489.531982421875,1.5807058811187744
sample_00017,0,31,block_out,0.8769333362579346,0.5078465938568115,502.133056640625,2.9552390575408936
sample_00017,0,8,block_out,0.9932345151901245,0.12074876576662064,3.738494873046875,0.1132306307554245
sample_00017,16,16,block_out,0.9020015001296997,0.4325442612171173,209.136474609375,0.6167076230049133
sample_00017,16,1,block_out,0.9909206032752991,0.13797909021377563,28.173828125,0.014280743896961212
sample_00017,16,23,block_out,0.7785292267799377,0.6411346793174744,375.614990234375,1.2142558097839355
sample_00017,16,27,block_out,0.7880828380584717,0.6249460577964783,458.171630859375,2.0118257999420166
sample_00017,16,31,block_out,0.7255184054374695,0.75534987449646,487.87908935546875,4.054027080535889
sample_00017,16,8,block_out,0.9873517155647278,0.163039892911911,58.970947265625,0.137502983212471
sample_00017,32,16,block_out,0.895736575126648,0.4461437165737152,251.10223388671875,0.6319841146469116
sample_00017,32,1,block_out,0.9834792017936707,0.18375685811042786,26.904296875,0.023814374580979347
sample_00017,32,23,block_out,0.7780264616012573,0.6433119177818298,382.69696044921875,1.2294470071792603
sample_00017,32,27,block_out,0.7915392518043518,0.6213968992233276,445.416748046875,1.9861280918121338
sample_00017,32,31,block_out,0.7258654236793518,0.746626615524292,495.0113525390625,3.9513440132141113
sample_00017,32,8,block_out,0.9818940162658691,0.19449545443058014,116.2750244140625,0.15039986371994019
sample_00017,4,16,block_out,0.879723310470581,0.47739794850349426,605.3319091796875,0.5889827013015747
sample_00017,4,1,block_out,0.9964244365692139,0.08999834209680557,23.4287109375,0.006021151784807444
sample_00017,4,23,block_out,0.7614413499832153,0.663316011428833,832.5609130859375,1.1520788669586182
sample_00017,4,27,block_out,0.8151758313179016,0.5856330990791321,949.3577880859375,1.8240604400634766
sample_00017,4,31,block_out,0.7827385067939758,0.6786168813705444,643.2266845703125,3.6924548149108887
sample_00017,4,8,block_out,0.9904249906539917,0.14195731282234192,83.3369140625,0.12270830571651459
sample_00017,63,16,block_out,0.8979536294937134,0.4418489634990692,216.7579345703125,0.6098458170890808
sample_00017,63,1,block_out,0.9710077047348022,0.2411627173423767,29.4664306640625,0.039065759629011154
sample_00017,63,23,block_out,0.8002484440803528,0.6078873872756958,387.34765625,1.2005820274353027
sample_00017,63,27,block_out,0.8267212510108948,0.5696243047714233,460.1474609375,1.8172889947891235
sample_00017,63,31,block_out,0.7701123952865601,0.6803666949272156,475.1513671875,3.3802602291107178
sample_00017,63,8,block_out,0.9802151918411255,0.20475029945373535,51.7261962890625,0.15724427998065948
sample_00018,0,16,block_out,0.9094958305358887,0.41610339283943176,226.991455078125,0.5817177891731262
sample_00018,0,1,block_out,1.0003721714019775,0.0005431629251688719,0.02734375,0.00017764384392648935
sample_00018,0,23,block_out,0.810019314289093,0.5922593474388123,432.37548828125,1.1035518646240234
sample_00018,0,27,block_out,0.8580215573310852,0.5157222151756287,521.958984375,1.6290147304534912
sample_00018,0,31,block_out,0.8793956637382507,0.49986743927001953,538.435546875,3.105128526687622
sample_00018,0,8,block_out,0.9925445318222046,0.12457029521465302,3.737396240234375,0.11538504809141159
sample_00018,16,16,block_out,0.8660886287689209,0.5013924837112427,548.8826904296875,0.59160315990448
sample_00018,16,1,block_out,0.9982744455337524,0.0644133985042572,21.4052734375,0.0039044369477778673
sample_00018,16,23,block_out,0.7668909430503845,0.650724470615387,771.7166748046875,1.1250627040863037
sample_00018,16,27,block_out,0.8313930630683899,0.5590269565582275,876.5203857421875,1.7123688459396362
sample_00018,16,31,block_out,0.8529324531555176,0.5541924834251404,560.67724609375,3.303826093673706
sample_00018,16,8,block_out,0.97713303565979,0.21488367021083832,189.26953125,0.12205923348665237
sample_00018,32,16,block_out,0.8543568253517151,0.5215376019477844,648.112060546875,0.5917930006980896
sample_00018,32,1,block_out,0.9984634518623352,0.06094564124941826,20.8955078125,0.003672689199447632
sample_00018,32,23,block_out,0.756050705909729,0.66429203748703,895.9677734375,1.1374539136886597
sample_00018,32,27,block_out,0.8217118978500366,0.5737161636352539,1020.706298828125,1.739977240562439
sample_00018,32,31,block_out,0.837859034538269,0.5800406336784363,509.61517333984375,3.3755271434783936
sample_00018,32,8,block_out,0.975948691368103,0.22017717361450195,208.481201171875,0.12233201414346695
sample_00018,4,16,block_out,0.8710998296737671,0.49264830350875854,487.318359375,0.5906276106834412
sample_00018,4,1,block_out,0.9979915618896484,0.06896915286779404,21.857421875,0.004253670107573271
sample_00018,4,23,block_out,0.7706535458564758,0.6463534235954285,654.076904296875,1.1216967105865479
sample_00018,4,27,block_out,0.8347427248954773,0.5537790656089783,735.770263671875,1.6948871612548828
sample_00018,4,31,block_out,0.8570764064788818,0.5488656759262085,536.7119140625,3.3170342445373535
sample_00018,4,8,block_out,0.9767889976501465,0.21651794016361237,188.33642578125,0.12278967350721359
sample_00018,63,16,block_out,0.9008563756942749,0.43457674980163574,262.80224609375,0.5818970799446106
sample_00018,63,1,block_out,0.9982883334159851,0.06261458992958069,23.7666015625,0.003504419233649969
sample_00018,63,23,block_out,0.8079085946083069,0.5933086276054382,457.403564453125,1.158350944519043
sample_00018,63,27,block_out,0.8372471928596497,0.5484619140625,542.454345703125,1.7839438915252686
sample_00018,63,31,block_out,0.8132439851760864,0.6136300563812256,552.385986328125,3.3437769412994385
sample_00018,63,8,block_out,0.9860548973083496,0.16830524802207947,130.83212280273438,0.11737123876810074
sample_00019,0,16,block_out,0.9113664627075195,0.41198328137397766,237.486083984375,0.578091561794281
sample_00019,0,1,block_out,1.000375509262085,0.0005476117366924882,0.0283203125,0.0001798788143787533
sample_00019,0,23,block_out,0.8098499774932861,0.5929780006408691,419.8837890625,1.1100174188613892
sample_00019,0,27,block_out,0.8597249388694763,0.5120915770530701,512.86474609375,1.6225348711013794
sample_00019,0,31,block_out,0.8738332986831665,0.5131523013114929,522.57666015625,3.094902753829956
sample_00019,0,8,block_out,0.9923335313796997,0.1261807233095169,3.52703857421875,0.1178479939699173
sample_00019,16,16,block_out,0.8489152193069458,0.5321301817893982,548.677001953125,0.6275606751441956
sample_00019,16,1,block_out,0.9881780743598938,0.15905508399009705,27.25872802734375,0.018621264025568962
sample_00019,16,23,block_out,0.7065815925598145,0.7289888858795166,948.794189453125,1.190166711807251
sample_00019,16,27,block_out,0.7685628533363342,0.6516054272651672,1134.954345703125,1.9417246580123901
sample_00019,16,31,block_out,0.7443239092826843,0.7224087119102478,776.686767578125,4.0544233322143555
sample_00019,16,8,block_out,0.9798843264579773,0.201378732919693,169.16998291015625,0.14832109212875366
sample_00019,32,16,block_out,0.8323464393615723,0.5584293603897095,615.05419921875,0.6612081527709961
sample_00019,32,1,block_out,0.9796743392944336,0.20924538373947144,25.9410400390625,0.03065386973321438
sample_00019,32,23,block_out,0.6951676607131958,0.7420971989631653,1027.445556640625,1.2410508394241333
sample_00019,32,27,block_out,0.7196847796440125,0.7161442637443542,1223.773681640625,2.160979747772217
sample_00019,32,31,block_out,0.6514132022857666,0.8628730773925781,797.749755859375,4.557016849517822
sample_00019,32,8,block_out,0.9755391478538513,0.22116300463676453,139.795654296875,0.167738139629364
sample_00019,4,16,block_out,0.8770300149917603,0.4815607964992523,461.86572265625,0.6067826747894287
sample_00019,4,1,block_out,0.9977591633796692,0.0724591389298439,24.396484375,0.004836380016058683
sample_00019,4,23,block_out,0.7595466375350952,0.6628640294075012,773.7548828125,1.15751051902771
sample_00019,4,27,block_out,0.8198763132095337,0.5759553909301758,916.0048828125,1.7834200859069824
sample_00019,4,31,block_out,0.8274993300437927,0.589629590511322,838.689453125,3.6014931201934814
sample_00019,4,8,block_out,0.9853740334510803,0.1731073558330536,161.9744873046875,0.1267886459827423
sample_00019,63,16,block_out,0.8872500658035278,0.46162375807762146,270.433349609375,0.6420533061027527
sample_00019,63,1,block_out,0.9660852551460266,0.2754803001880646,24.0498046875,0.04881594702601433
sample_00019,63,23,block_out,0.7855608463287354,0.6245476603507996,414.889892578125,1.2115514278411865
sample_00019,63,27,block_out,0.7890117764472961,0.6204009652137756,474.232666015625,1.9891140460968018
sample_00019,63,31,block_out,0.7146656513214111,0.7616891860961914,493.371337890625,3.8808395862579346
sample_00019,63,8,block_out,0.9741703271865845,0.22704379260540009,30.570556640625,0.17960715293884277
sample_00020,0,16,block_out,0.9132161736488342,0.40843525528907776,236.8662109375,0.5719380974769592
sample_00020,0,1,block_out,1.0007266998291016,0.0005240195314399898,0.0341796875,0.00016599138325545937
sample_00020,0,23,block_out,0.8017145395278931,0.6075415015220642,413.021484375,1.1188987493515015
sample_00020,0,27,block_out,0.8496532440185547,0.5319997072219849,487.50830078125,1.6768622398376465
sample_00020,0,31,block_out,0.8449644446372986,0.5713319778442383,517.82275390625,3.2482492923736572
sample_00020,0,8,block_out,0.9932280778884888,0.12153872102499008,3.9876708984375,0.11451686918735504
sample_00020,16,16,block_out,0.8745473623275757,0.4883766174316406,564.234619140625,0.6153166890144348
sample_00020,16,1,block_out,0.994398295879364,0.11214111745357513,21.7041015625,0.010792763903737068
sample_00020,16,23,block_out,0.7591754794120789,0.6675633192062378,766.9598388671875,1.1916515827178955
sample_00020,16,27,block_out,0.813651442527771,0.5885938405990601,940.9927978515625,1.8214998245239258
sample_00020,16,31,block_out,0.7703750133514404,0.6893118023872375,506.71923828125,3.6279144287109375
sample_00020,16,8,block_out,0.9807943105697632,0.19976960122585297,230.7918701171875,0.13474197685718536
sample_00020,32,16,block_out,0.8719362020492554,0.49374517798423767,567.32470703125,0.6199787259101868
sample_00020,32,1,block_out,0.9888867735862732,0.15312953293323517,20.9814453125,0.018613513559103012
sample_00020,32,23,block_out,0.7442686557769775,0.6889829635620117,946.704833984375,1.2083154916763306
sample_00020,32,27,block_out,0.8020079135894775,0.6069267392158508,1132.244873046875,1.840073823928833
sample_00020,32,31,block_out,0.750380277633667,0.7148926854133606,655.30517578125,3.6290760040283203
sample_00020,32,8,block_out,0.9786466360092163,0.21059276163578033,146.90869140625,0.14242349565029144
sample_00020,4,16,block_out,0.9065945148468018,0.423094242811203,240.146484375,0.5902266502380371
sample_00020,4,1,block_out,0.9981424808502197,0.07175333797931671,22.3193359375,0.004177359864115715
sample_00020,4,23,block_out,0.7903923392295837,0.6238646507263184,445.08404541015625,1.1582767963409424
sample_00020,4,27,block_out,0.8406469821929932,0.5457016229629517,544.9483032226562,1.7406905889511108
sample_00020,4,31,block_out,0.8110261559486389,0.6372706294059753,785.444091796875,3.4575142860412598
sample_00020,4,8,block_out,0.9906384348869324,0.14113999903202057,102.45654296875,0.12097341567277908
sample_00020,63,16,block_out,0.8617773056030273,0.5133816003799438,628.71923828125,0.6081563830375671
sample_00020,63,1,block_out,0.9804070591926575,0.20037244260311127,27.1622314453125,0.02943713217973709
sample_00020,63,23,block_out,0.747820258140564,0.6850748062133789,990.46484375,1.1950957775115967
sample_00020,63,27,block_out,0.8161494731903076,0.5875522494316101,1174.48046875,1.7617169618606567
sample_00020,63,31,block_out,0.7751104831695557,0.6725128889083862,669.818359375,3.286074638366699
sample_00020,63,8,block_out,0.9745692014694214,0.23163947463035583,159.7294921875,0.15010085701942444
sample_00021,0,16,block_out,0.914019763469696,0.4066278636455536,237.322265625,0.5657455921173096
sample_00021,0,1,block_out,1.000750184059143,0.0005261288024485111,0.033203125,0.0001671521458774805
sample_00021,0,23,block_out,0.8067141771316528,0.60005122423172,411.3515625,1.108214020729065
sample_00021,0,27,block_out,0.8556246161460876,0.5215862393379211,484.772216796875,1.651376724243164
sample_00021,0,31,block_out,0.8470659852027893,0.570656418800354,514.164794921875,3.171963691711426
sample_00021,0,8,block_out,0.9934277534484863,0.11993405222892761,4.0557861328125,0.11275120079517365
sample_00021,16,16,block_out,0.8657110929489136,0.5041016340255737,623.4000244140625,0.6068843603134155
sample_00021,16,1,block_out,0.9942651987075806,0.11354780942201614,25.771484375,0.010210439562797546
sample_00021,16,23,block_out,0.7392705082893372,0.6925517916679382,831.9173583984375,1.1848727464675903
sample_00021,16,27,block_out,0.8042004704475403,0.6027933955192566,1008.5159912109375,1.8078378438949585
sample_00021,16,31,block_out,0.7727686762809753,0.6875529885292053,680.260009765625,3.603619337081909
sample_00021,16,8,block_out,0.9848887920379639,0.17754733562469482,177.391845703125,0.1314009130001068
sample_00021,32,16,block_out,0.8965316414833069,0.44475847482681274,241.583984375,0.6127371191978455
sample_00021,32,1,block_out,0.9902001023292542,0.14473982155323029,24.76953125,0.016680369153618813
sample_00021,32,23,block_out,0.7822175025939941,0.6349644660949707,422.61669921875,1.1937021017074585
sample_00021,32,27,block_out,0.8122175931930542,0.5911398530006409,499.63525390625,1.8540403842926025
sample_00021,32,31,block_out,0.7577975988388062,0.7121157050132751,522.54345703125,3.647340774536133
sample_00021,32,8,block_out,0.9835106730461121,0.1862730085849762,111.837890625,0.13929703831672668
sample_00021,4,16,block_out,0.8878731727600098,0.46211543679237366,542.507568359375,0.5798482298851013
sample_00021,4,1,block_out,0.9985316395759583,0.06640734523534775,22.3740234375,0.0036873130593448877
sample_00021,4,23,block_out,0.7677984833717346,0.6552936434745789,932.02734375,1.1472032070159912
sample_00021,4,27,block_out,0.8337252140045166,0.5580304861068726,1117.98681640625,1.717669129371643
sample_00021,4,31,block_out,0.8187066316604614,0.6227506995201111,692.611572265625,3.340771198272705
sample_00021,4,8,block_out,0.9882396459579468,0.15741318464279175,150.82916259765625,0.11871672421693802
sample_00021,63,16,block_out,0.8788190484046936,0.48052623867988586,482.739990234375,0.6060015559196472
sample_00021,63,1,block_out,0.9808789491653442,0.1983218640089035,27.7857666015625,0.027734413743019104
sample_00021,63,23,block_out,0.7655314803123474,0.6590871810913086,856.0799560546875,1.1915960311889648
sample_00021,63,27,block_out,0.819824755191803,0.5819538235664368,1029.1551513671875,1.7855476140975952
sample_00021,63,31,block_out,0.7758179903030396,0.6781885027885437,818.5428466796875,3.3304049968719482
sample_00021,63,8,block_out,0.9796010255813599,0.2074025720357895,115.79443359375,0.14951041340827942
sample_00022,0,16,block_out,0.9130033850669861,0.4089222848415375,232.904296875,0.5719351172447205
sample_00022,0,1,block_out,1.0007601976394653,0.000526050163898617,0.037109375,0.00016847887309268117
sample_00022,0,23,block_out,0.8050459027290344,0.6028937697410583,409.484130859375,1.113478422164917
sample_00022,0,27,block_out,0.8564476370811462,0.5204395055770874,483.638916015625,1.653590440750122
sample_00022,0,31,block_out,0.8550246953964233,0.5531048774719238,513.120849609375,3.1278111934661865
sample_00022,0,8,block_out,0.9932717084884644,0.1212206780910492,3.9307861328125,0.11400461941957474
sample_00022,16,16,block_out,0.8709461688995361,0.4947495460510254,624.256591796875,0.6139662861824036
sample_00022,16,1,block_out,0.9939929246902466,0.11591935157775879,20.921875,0.011394945904612541
sample_00022,16,23,block_out,0.7576422095298767,0.6680722832679749,827.162841796875,1.1924394369125366
sample_00022,16,27,block_out,0.8125023245811462,0.5905283093452454,990.5523681640625,1.8241924047470093
sample_00022,16,31,block_out,0.7749276757240295,0.6800462007522583,517.45068359375,3.557544231414795
sample_00022,16,8,block_out,0.9795358180999756,0.20582272112369537,241.53125,0.13454551994800568
sample_00022,32,16,block_out,0.8742311596870422,0.48927515745162964,549.4388427734375,0.6212806105613708
sample_00022,32,1,block_out,0.9891038537025452,0.1519898772239685,19.712890625,0.018574513494968414
sample_00022,32,23,block_out,0.7555805444717407,0.671637237071991,885.6771240234375,1.2082667350769043
sample_00022,32,27,block_out,0.8044410943984985,0.6029646992683411,1055.2781982421875,1.8607677221298218
sample_00022,32,31,block_out,0.7511506676673889,0.7130258083343506,503.23828125,3.6098170280456543
sample_00022,32,8,block_out,0.9779311418533325,0.21401460468769073,158.2901611328125,0.14175349473953247
sample_00022,4,16,block_out,0.9051175117492676,0.426254540681839,310.9388427734375,0.5893478989601135
sample_00022,4,1,block_out,0.9981244802474976,0.07238608598709106,21.16796875,0.004439717158675194
sample_00022,4,23,block_out,0.7891555428504944,0.6247857213020325,594.9261474609375,1.1586705446243286
sample_00022,4,27,block_out,0.8430906534194946,0.5419484376907349,732.7647705078125,1.7247720956802368
sample_00022,4,31,block_out,0.8230158090591431,0.6110334992408752,723.7706298828125,3.3007867336273193
sample_00022,4,8,block_out,0.990570604801178,0.14167504012584686,105.45947265625,0.12008661031723022
sample_00022,63,16,block_out,0.86542809009552,0.5069316029548645,635.4639892578125,0.6034970879554749
sample_00022,63,1,block_out,0.9820873141288757,0.19207629561424255,23.4559326171875,0.02857445552945137
sample_00022,63,23,block_out,0.7564000487327576,0.6724715232849121,960.639404296875,1.1927517652511597
sample_00022,63,27,block_out,0.8171495199203491,0.5855259299278259,1134.088623046875,1.7691453695297241
sample_00022,63,31,block_out,0.7805184721946716,0.6620771288871765,626.048583984375,3.261683940887451
sample_00022,63,8,block_out,0.9749547243118286,0.22924168407917023,194.53091430664062,0.14792770147323608
sample_00023,0,16,block_out,0.9128559231758118,0.4092887043952942,236.9765625,0.5716436505317688
sample_00023,0,1,block_out,1.000758171081543,0.0005116271204315126,0.0390625,0.00016324805619660765
sample_00023,0,23,block_out,0.8003221154212952,0.6107317805290222,405.778076171875,1.1318556070327759
sample_00023,0,27,block_out,0.8483837842941284,0.535063624382019,476.696044921875,1.6781764030456543
sample_00023,0,31,block_out,0.8474596738815308,0.566432774066925,507.418701171875,3.202728748321533
sample_00023,0,8,block_out,0.9937459826469421,0.1174970492720604,3.917236328125,0.10996538400650024
sample_00023,16,16,block_out,0.8750568628311157,0.48662373423576355,601.22900390625,0.6004651188850403
sample_00023,16,1,block_out,0.9945796728134155,0.11079763621091843,25.91796875,0.01028324756771326
sample_00023,16,23,block_out,0.7481998801231384,0.6804220080375671,786.5615234375,1.1920709609985352
sample_00023,16,27,block_out,0.8057813048362732,0.6018122434616089,929.08984375,1.8144344091415405
sample_00023,16,31,block_out,0.7726866602897644,0.6989262700080872,473.1177978515625,3.609175682067871
sample_00023,16,8,block_out,0.9827321767807007,0.1892789751291275,210.751953125,0.12487762421369553
sample_00023,32,16,block_out,0.863715648651123,0.5081067681312561,612.42431640625,0.6136172413825989
sample_00023,32,1,block_out,0.9912201166152954,0.13769754767417908,24.87109375,0.016388321295380592
sample_00023,32,23,block_out,0.734622061252594,0.698108434677124,790.912109375,1.2198787927627563
sample_00023,32,27,block_out,0.7883769869804382,0.6251595616340637,944.9833984375,1.8716909885406494
sample_00023,32,31,block_out,0.7570011615753174,0.7169178128242493,684.5694580078125,3.671062707901001
sample_00023,32,8,block_out,0.9804731011390686,0.20134519040584564,209.809814453125,0.13223880529403687
sample_00023,4,16,block_out,0.8818039298057556,0.47425124049186707,501.68310546875,0.5899298787117004
sample_00023,4,1,block_out,0.9980576634407043,0.07333015650510788,22.0458984375,0.0043937829323112965
sample_00023,4,23,block_out,0.7569387555122375,0.6698557138442993,648.199462890625,1.1766449213027954
sample_00023,4,27,block_out,0.8191969394683838,0.5820817351341248,732.123291015625,1.776140809059143
sample_00023,4,31,block_out,0.797457754611969,0.6614673137664795,715.0794067382812,3.5115883350372314
sample_00023,4,8,block_out,0.9861728549003601,0.16989867389202118,176.330078125,0.11689776927232742
sample_00023,63,16,block_out,0.8691087961196899,0.4993392825126648,601.82275390625,0.591192364692688
sample_00023,63,1,block_out,0.9826899766921997,0.18924693763256073,27.2474365234375,0.0274514090269804
sample_00023,63,23,block_out,0.7505688071250916,0.6829975843429565,987.1016845703125,1.1972962617874146
sample_00023,63,27,block_out,0.8141579627990723,0.5910487174987793,1172.0284423828125,1.768233060836792
sample_00023,63,31,block_out,0.7848134636878967,0.6579183340072632,663.6595458984375,3.2429418563842773
sample_00023,63,8,block_out,0.9813460111618042,0.19789277017116547,179.7823486328125,0.14240624010562897
sample_00024,0,16,block_out,0.9138616919517517,0.4069783389568329,237.4794921875,0.5675974488258362
sample_00024,0,1,block_out,1.000688076019287,0.000523362192325294,0.0390625,0.0001663479779381305
sample_00024,0,23,block_out,0.8084995746612549,0.5982764363288879,407.67138671875,1.1047707796096802
sample_00024,0,27,block_out,0.8574405908584595,0.5180869102478027,479.26416015625,1.6378728151321411
sample_00024,0,31,block_out,0.8548727035522461,0.5472065210342407,507.79931640625,3.1030173301696777
sample_00024,0,8,block_out,0.9934585690498352,0.11957946419715881,4.005767822265625,0.11232494562864304
sample_00024,16,16,block_out,0.8718996047973633,0.49240759015083313,577.4736328125,0.6072241067886353
sample_00024,16,1,block_out,0.9945109486579895,0.11082014441490173,25.36328125,0.009853348135948181
sample_00024,16,23,block_out,0.7511615753173828,0.6759187579154968,741.069580078125,1.1786757707595825
sample_00024,16,27,block_out,0.8115144371986389,0.5917952060699463,882.728759765625,1.7994087934494019
sample_00024,16,31,block_out,0.7833036184310913,0.6656967401504517,614.1273193359375,3.552520751953125
sample_00024,16,8,block_out,0.9826369881629944,0.18954697251319885,204.5576171875,0.1307840645313263
sample_00024,32,16,block_out,0.8625060319900513,0.5114337205886841,586.302978515625,0.6304915547370911
sample_00024,32,1,block_out,0.9899417161941528,0.14607825875282288,24.279296875,0.01703612506389618
sample_00024,32,23,block_out,0.7371941804885864,0.6947014927864075,751.506591796875,1.210282802581787
sample_00024,32,27,block_out,0.7911087274551392,0.6216309070587158,894.64453125,1.8849645853042603
sample_00024,32,31,block_out,0.7465405464172363,0.720111608505249,497.512451171875,3.699384927749634
sample_00024,32,8,block_out,0.9803930521011353,0.20169608294963837,172.768310546875,0.14002279937267303
sample_00024,4,16,block_out,0.8849512338638306,0.4675809442996979,586.30322265625,0.5727819800376892
sample_00024,4,1,block_out,0.9990040063858032,0.057872988283634186,22.6357421875,0.0028981645591557026
sample_00024,4,23,block_out,0.771782398223877,0.6483837366104126,756.531494140625,1.1429224014282227
sample_00024,4,27,block_out,0.828635573387146,0.5653871297836304,884.159423828125,1.7431219816207886
sample_00024,4,31,block_out,0.828707754611969,0.5996531844139099,599.656982421875,3.3459393978118896
sample_00024,4,8,block_out,0.9848429560661316,0.17742423713207245,192.75439453125,0.11714143306016922
sample_00024,63,16,block_out,0.8685221672058105,0.5013493895530701,534.92041015625,0.6029031872749329
sample_00024,63,1,block_out,0.9798679947853088,0.20309090614318848,22.798828125,0.02901121787726879
sample_00024,63,23,block_out,0.7583280205726624,0.6680229306221008,932.58984375,1.1984518766403198
sample_00024,63,27,block_out,0.8132081627845764,0.5901350378990173,1119.357421875,1.796576738357544
sample_00024,63,31,block_out,0.764218807220459,0.6978117823600769,706.92138671875,3.345393419265747
sample_00024,63,8,block_out,0.9783596992492676,0.2129872888326645,134.586181640625,0.1505192071199417
sample_00025,0,16,block_out,0.9215889573097229,0.3889996409416199,231.932373046875,0.523196816444397
sample_00025,0,1,block_out,1.0006487369537354,0.0005039754905737936,0.03173828125,0.0001564107951708138
sample_00025,0,23,block_out,0.7966494560241699,0.6132587790489197,397.860107421875,1.1156803369522095
sample_00025,0,27,block_out,0.8484835028648376,0.5317941904067993,468.544921875,1.6618247032165527
sample_00025,0,31,block_out,0.8671159744262695,0.5228415131568909,488.4052734375,3.0928478240966797
sample_00025,0,8,block_out,0.9965300559997559,0.0912618413567543,2.53662109375,0.08682921528816223
sample_00025,16,16,block_out,0.8813717365264893,0.47411268949508667,669.7685546875,0.5259138345718384
sample_00025,16,1,block_out,0.9992542862892151,0.05246811732649803,20.6455078125,0.002734466688707471
sample_00025,16,23,block_out,0.7591350078582764,0.6622803211212158,896.9395751953125,1.1412519216537476
sample_00025,16,27,block_out,0.8288019299507141,0.5641071796417236,1044.73193359375,1.7070679664611816
sample_00025,16,31,block_out,0.8495396971702576,0.5630882382392883,458.0296630859375,3.170241594314575
sample_00025,16,8,block_out,0.9869927763938904,0.1653762012720108,201.6220703125,0.09017568081617355
sample_00025,32,16,block_out,0.8849042654037476,0.46722322702407837,657.593017578125,0.5202377438545227
sample_00025,32,1,block_out,0.9993403553962708,0.050387389957904816,20.1044921875,0.0025558003690093756
sample_00025,32,23,block_out,0.7661606669425964,0.6521673798561096,871.394775390625,1.1360162496566772
sample_00025,32,27,block_out,0.8333759307861328,0.5565742254257202,1006.72021484375,1.6944411993026733
sample_00025,32,31,block_out,0.8501982688903809,0.5583608150482178,442.96630859375,3.0900676250457764
sample_00025,32,8,block_out,0.9885033965110779,0.15597914159297943,191.827392578125,0.08967059850692749
sample_00025,4,16,block_out,0.883715033531189,0.4696320593357086,649.172119140625,0.5276908278465271
sample_00025,4,1,block_out,0.9990434646606445,0.056654930114746094,21.0302734375,0.003072720021009445
sample_00025,4,23,block_out,0.7557531595230103,0.6673617362976074,865.647705078125,1.149570345878601
sample_00025,4,27,block_out,0.8212053775787354,0.5753313302993774,1004.5693359375,1.7508419752120972
sample_00025,4,31,block_out,0.8405355215072632,0.5794732570648193,462.25726318359375,3.2880780696868896
sample_00025,4,8,block_out,0.986248791217804,0.16980214416980743,202.123046875,0.09097693115472794
sample_00025,63,16,block_out,0.9279863238334656,0.3739665746688843,246.990478515625,0.4883384704589844
sample_00025,63,1,block_out,0.9998856782913208,0.03681478649377823,26.6114501953125,0.0013416997389867902
sample_00025,63,23,block_out,0.8200339078903198,0.5765224099159241,409.642333984375,1.0899072885513306
sample_00025,63,27,block_out,0.8634210824966431,0.5076712965965271,479.402099609375,1.6048985719680786
sample_00025,63,31,block_out,0.8490169644355774,0.5542736053466797,512.31640625,2.8740711212158203
sample_00025,63,8,block_out,0.9952795505523682,0.10404003411531448,79.0361328125,0.0872303918004036
sample_00026,0,16,block_out,0.923114001750946,0.38544583320617676,234.40765380859375,0.5162486433982849
sample_00026,0,1,block_out,1.0006567239761353,0.0005150492070242763,0.0380859375,0.00016140534717123955
sample_00026,0,23,block_out,0.7946857213973999,0.6162204146385193,407.65960693359375,1.1168404817581177
sample_00026,0,27,block_out,0.8416915535926819,0.5431424379348755,484.3173828125,1.693709373474121
sample_00026,0,31,block_out,0.8461394906044006,0.5673292279243469,509.5576171875,3.240253210067749
sample_00026,0,8,block_out,0.99660325050354,0.09047552943229675,2.64794921875,0.08611356467008591
sample_00026,16,16,block_out,0.8837666511535645,0.46922799944877625,647.948486328125,0.5226698517799377
sample_00026,16,1,block_out,0.9993229508399963,0.05128053203225136,19.96728515625,0.002668434288352728
sample_00026,16,23,block_out,0.7602338194847107,0.6598042845726013,876.290771484375,1.1336579322814941
sample_00026,16,27,block_out,0.8245696425437927,0.5705082416534424,1022.8228759765625,1.720644235610962
sample_00026,16,31,block_out,0.8348268270492554,0.5907614231109619,526.76953125,3.2657902240753174
sample_00026,16,8,block_out,0.9867455959320068,0.16683430969715118,203.044921875,0.08979448676109314
sample_00026,32,16,block_out,0.8837190866470337,0.46925151348114014,655.12744140625,0.5176187753677368
sample_00026,32,1,block_out,0.99941486120224,0.04914788156747818,19.51953125,0.002490187995135784
sample_00026,32,23,block_out,0.7614225745201111,0.6570607423782349,878.845947265625,1.1335300207138062
sample_00026,32,27,block_out,0.8284041285514832,0.5638304352760315,1021.21728515625,1.6991055011749268
sample_00026,32,31,block_out,0.8369132280349731,0.5854865908622742,579.72900390625,3.1583707332611084
sample_00026,32,8,block_out,0.9874651432037354,0.16243544220924377,206.4296875,0.08926460891962051
sample_00026,4,16,block_out,0.8878819942474365,0.46134576201438904,622.002685546875,0.5212170481681824
sample_00026,4,1,block_out,0.9991236925125122,0.05532665178179741,20.35888671875,0.0029923291876912117
sample_00026,4,23,block_out,0.7574008107185364,0.664885401725769,831.800048828125,1.146467685699463
sample_00026,4,27,block_out,0.8178228139877319,0.5809836387634277,965.649169921875,1.7714879512786865
sample_00026,4,31,block_out,0.8228310942649841,0.6152602434158325,481.0185546875,3.4360382556915283
sample_00026,4,8,block_out,0.9859169721603394,0.17173868417739868,205.7568359375,0.09057683497667313
sample_00026,63,16,block_out,0.8929952383041382,0.4510164260864258,578.6240234375,0.49972444772720337
sample_00026,63,1,block_out,0.9991406798362732,0.0536748431622982,25.981201171875,0.002319942694157362
sample_00026,63,23,block_out,0.7776328921318054,0.6388013958930969,908.466796875,1.1155048608779907
sample_00026,63,27,block_out,0.8390856385231018,0.5491515398025513,1076.8447265625,1.6520888805389404
sample_00026,63,31,block_out,0.825761616230011,0.5900147557258606,536.2119140625,3.055551052093506
sample_00026,63,8,block_out,0.9927510023117065,0.12593111395835876,137.218017578125,0.08962678164243698
sample_00027,0,16,block_out,0.920875608921051,0.39068010449409485,231.69775390625,0.528751790523529
sample_00027,0,1,block_out,1.0006284713745117,0.0005142575828358531,0.037109375,0.00015963223995640874
sample_00027,0,23,block_out,0.7935380935668945,0.6182135939598083,382.04931640625,1.1205432415008545
sample_00027,0,27,block_out,0.8424877524375916,0.5430542826652527,447.06005859375,1.6783593893051147
sample_00027,0,31,block_out,0.8630155920982361,0.5340986251831055,473.37255859375,3.1427509784698486
sample_00027,0,8,block_out,0.9964560866355896,0.09201961010694504,2.627197265625,0.0877629816532135
sample_00027,16,16,block_out,0.8633965253829956,0.5078012943267822,645.016357421875,0.5718352198600769
sample_00027,16,1,block_out,0.9936230778694153,0.11818099766969681,25.6748046875,0.011383535340428352
sample_00027,16,23,block_out,0.7238549590110779,0.7099756598472595,871.7247314453125,1.203537106513977
sample_00027,16,27,block_out,0.7855948209762573,0.6289390921592712,1043.8096923828125,1.874070405960083
sample_00027,16,31,block_out,0.7885257005691528,0.6658392548561096,612.463623046875,3.6591129302978516
sample_00027,16,8,block_out,0.984303891658783,0.18138213455677032,167.3720703125,0.1087830439209938
sample_00027,32,16,block_out,0.8566614389419556,0.5197453498840332,658.58447265625,0.5796137452125549
sample_00027,32,1,block_out,0.9905019402503967,0.14202670753002167,24.6875,0.018025916069746017
sample_00027,32,23,block_out,0.7151327729225159,0.7210807800292969,880.53076171875,1.225331425666809
sample_00027,32,27,block_out,0.7761911153793335,0.6412098407745361,1041.917724609375,1.893035650253296
sample_00027,32,31,block_out,0.7650051712989807,0.7068085670471191,654.7757568359375,3.7144241333007812
sample_00027,32,8,block_out,0.9801069498062134,0.20364396274089813,175.64892578125,0.11546546965837479
sample_00027,4,16,block_out,0.879952609539032,0.4765632748603821,615.011962890625,0.539999783039093
sample_00027,4,1,block_out,0.9983391165733337,0.06768582761287689,21.03369140625,0.00421375734731555
sample_00027,4,23,block_out,0.7473591566085815,0.6784669756889343,826.005126953125,1.1603909730911255
sample_00027,4,27,block_out,0.8118187785148621,0.5909809470176697,931.982666015625,1.7908986806869507
sample_00027,4,31,block_out,0.8096488118171692,0.636782705783844,643.788818359375,3.513716220855713
sample_00027,4,8,block_out,0.9850266575813293,0.1769174337387085,190.48291015625,0.09571787714958191
sample_00027,63,16,block_out,0.8572503328323364,0.5202212333679199,631.15234375,0.5595551133155823
sample_00027,63,1,block_out,0.9821472764015198,0.19182302057743073,27.9375,0.029316868633031845
sample_00027,63,23,block_out,0.7371050119400024,0.6961770057678223,927.703369140625,1.1899516582489014
sample_00027,63,27,block_out,0.798248291015625,0.6146926879882812,1089.465087890625,1.8049956560134888
sample_00027,63,31,block_out,0.7582032084465027,0.6958383917808533,593.366455078125,3.362065315246582
sample_00027,63,8,block_out,0.9797137975692749,0.20700329542160034,184.18017578125,0.12611013650894165
sample_00028,0,16,block_out,0.9216338992118835,0.38890501856803894,227.432861328125,0.5241366624832153
sample_00028,0,1,block_out,1.0006678104400635,0.00048702838830649853,0.03515625,0.00015539936430286616
sample_00028,0,23,block_out,0.7897812128067017,0.6234275102615356,398.501220703125,1.1272237300872803
sample_00028,0,27,block_out,0.8338377475738525,0.556505024433136,470.88330078125,1.7307590246200562
sample_00028,0,31,block_out,0.8458962440490723,0.5658435821533203,491.41357421875,3.278132915496826
sample_00028,0,8,block_out,0.9966276288032532,0.09032680839300156,2.611083984375,0.0860254317522049
sample_00028,16,16,block_out,0.8823772668838501,0.47212791442871094,658.4208984375,0.5285239219665527
sample_00028,16,1,block_out,0.9993045330047607,0.05174178630113602,20.451171875,0.0026693500112742186
sample_00028,16,23,block_out,0.7536926865577698,0.6697872877120972,892.91796875,1.1504648923873901
sample_00028,16,27,block_out,0.8143108487129211,0.5882769227027893,1036.539306640625,1.7618414163589478
sample_00028,16,31,block_out,0.828950822353363,0.5999523997306824,551.592529296875,3.3170251846313477
sample_00028,16,8,block_out,0.9859578013420105,0.1715894639492035,204.669921875,0.0896543338894844
sample_00028,32,16,block_out,0.8787892460823059,0.47911337018013,661.917236328125,0.5259107351303101
sample_00028,32,1,block_out,0.9994084239006042,0.04936721920967102,19.900390625,0.002500128233805299
sample_00028,32,23,block_out,0.7504388093948364,0.6739180684089661,898.673095703125,1.148108720779419
sample_00028,32,27,block_out,0.8117225170135498,0.5923684239387512,1038.515380859375,1.7583415508270264
sample_00028,32,31,block_out,0.8242546319961548,0.604714035987854,519.331787109375,3.2868568897247314
sample_00028,32,8,block_out,0.987899899482727,0.1599552184343338,181.940185546875,0.08939223736524582
sample_00028,4,16,block_out,0.8869525790214539,0.4632655084133148,617.1485595703125,0.5274545550346375
sample_00028,4,1,block_out,0.999104380607605,0.05577271431684494,20.87109375,0.0029914553742855787
sample_00028,4,23,block_out,0.7504361867904663,0.6747812628746033,825.929443359375,1.1633213758468628
sample_00028,4,27,block_out,0.805722713470459,0.6004431843757629,955.695068359375,1.8231405019760132
sample_00028,4,31,block_out,0.8197386264801025,0.6168439388275146,447.0279541015625,3.488454818725586
sample_00028,4,8,block_out,0.9854639768600464,0.17443235218524933,208.001953125,0.09046658128499985
sample_00028,63,16,block_out,0.8891114592552185,0.45893731713294983,566.31982421875,0.507040798664093
sample_00028,63,1,block_out,0.999121367931366,0.0542253740131855,26.383544921875,0.002326100831851363
sample_00028,63,23,block_out,0.7699965238571167,0.649946928024292,914.126708984375,1.1290853023529053
sample_00028,63,27,block_out,0.8240026831626892,0.5746037364006042,1085.438232421875,1.7144982814788818
sample_00028,63,31,block_out,0.8108722567558289,0.6100693345069885,558.974365234375,3.1848692893981934
sample_00028,63,8,block_out,0.9910613298416138,0.13865256309509277,173.400390625,0.0901242345571518
sample_00029,0,16,block_out,0.9222775101661682,0.38737741112709045,238.9453125,0.5244971513748169
sample_00029,0,1,block_out,1.0007503032684326,0.0004948985879309475,0.0361328125,0.00015437700494658202
sample_00029,0,23,block_out,0.8032799363136292,0.6040955185890198,413.71923828125,1.1122256517410278
sample_00029,0,27,block_out,0.8512071371078491,0.5285348296165466,488.0274658203125,1.6579078435897827
sample_00029,0,31,block_out,0.8598380088806152,0.5405716300010681,508.1427001953125,3.1045498847961426
sample_00029,0,8,block_out,0.9966222047805786,0.09086261689662933,2.64501953125,0.0858328714966774
sample_00029,16,16,block_out,0.8895280361175537,0.4587036967277527,559.98681640625,0.5574873685836792
sample_00029,16,1,block_out,0.9949615001678467,0.10729117691516876,25.9013671875,0.009963633492588997
sample_00029,16,23,block_out,0.7496821284294128,0.6787991523742676,768.122314453125,1.206173300743103
sample_00029,16,27,block_out,0.799638032913208,0.6093391180038452,848.135009765625,1.880942702293396
sample_00029,16,31,block_out,0.7632665634155273,0.7107957601547241,511.455322265625,3.7666687965393066
sample_00029,16,8,block_out,0.9853144288063049,0.17596136033535004,181.37353515625,0.10289491713047028
sample_00029,32,16,block_out,0.8754251003265381,0.48631995916366577,650.9412841796875,0.5665314793586731
sample_00029,32,1,block_out,0.9918504953384399,0.13315363228321075,24.84765625,0.015897035598754883
sample_00029,32,23,block_out,0.7336688041687012,0.6982802748680115,893.367431640625,1.2214782238006592
sample_00029,32,27,block_out,0.7874429225921631,0.6252349615097046,1054.511962890625,1.8963217735290527
sample_00029,32,31,block_out,0.7483676075935364,0.732319712638855,721.4636840820312,3.7965784072875977
sample_00029,32,8,block_out,0.9822624921798706,0.192961186170578,195.8935546875,0.10731595009565353
sample_00029,4,16,block_out,0.8969162106513977,0.44355979561805725,531.4345703125,0.5360555052757263
sample_00029,4,1,block_out,0.9985542297363281,0.06610545516014099,22.1318359375,0.0038805126678198576
sample_00029,4,23,block_out,0.7668384909629822,0.6545521020889282,713.6292724609375,1.168603539466858
sample_00029,4,27,block_out,0.8170056939125061,0.5833050012588501,808.8831787109375,1.8145266771316528
sample_00029,4,31,block_out,0.7896347045898438,0.6742063760757446,684.4423217773438,3.6083948612213135
sample_00029,4,8,block_out,0.9869469404220581,0.16614653170108795,188.744140625,0.09338881820440292
sample_00029,63,16,block_out,0.8816355466842651,0.474653959274292,461.735595703125,0.5522323250770569
sample_00029,63,1,block_out,0.9840198159217834,0.1824428290128708,28.6138916015625,0.027112534269690514
sample_00029,63,23,block_out,0.7590451240539551,0.6669880151748657,840.749755859375,1.1798334121704102
sample_00029,63,27,block_out,0.8096300959587097,0.5983842611312866,1020.967041015625,1.7994587421417236
sample_00029,63,31,block_out,0.7626013159751892,0.6821053624153137,697.783447265625,3.3943135738372803
sample_00029,63,8,block_out,0.9827138185501099,0.1924283653497696,178.1837158203125,0.11958346515893936
sample_00030,0,16,block_out,0.9174465537071228,0.39952731132507324,256.85723876953125,0.5690590143203735
sample_00030,0,1,block_out,1.0009419918060303,0.0005367604317143559,0.0390625,0.00016646772564854473
sample_00030,0,23,block_out,0.8166884779930115,0.5894796252250671,413.578857421875,1.1179732084274292
sample_00030,0,27,block_out,0.8725358247756958,0.49133962392807007,472.159423828125,1.599875569343567
sample_00030,0,31,block_out,0.8660862445831299,0.5218713879585266,526.1591186523438,2.916255235671997
sample_00030,0,8,block_out,0.99355149269104,0.12014620751142502,2.87078857421875,0.11349574476480484
sample_00030,16,16,block_out,0.8802427649497986,0.4790303707122803,643.0269775390625,0.6049408316612244
sample_00030,16,1,block_out,0.9943603873252869,0.11442545801401138,25.875,0.009174572303891182
sample_00030,16,23,block_out,0.7638748288154602,0.6653591394424438,862.0260009765625,1.2027145624160767
sample_00030,16,27,block_out,0.8235496878623962,0.5732175707817078,1035.5684814453125,1.80135977268219
sample_00030,16,31,block_out,0.7879951596260071,0.6671509146690369,596.69140625,3.455277442932129
sample_00030,16,8,block_out,0.9816253185272217,0.19619369506835938,220.04931640625,0.13149453699588776
sample_00030,32,16,block_out,0.8689333200454712,0.5011319518089294,673.2822265625,0.6363755464553833
sample_00030,32,1,block_out,0.9886179566383362,0.1563495546579361,24.83203125,0.016296397894620895
sample_00030,32,23,block_out,0.7448277473449707,0.6916475892066956,917.248779296875,1.253159761428833
sample_00030,32,27,block_out,0.7886644601821899,0.6260651350021362,1062.063720703125,1.9505667686462402
sample_00030,32,31,block_out,0.7499384880065918,0.7104648351669312,840.0288696289062,3.6120643615722656
sample_00030,32,8,block_out,0.9745932817459106,0.23046636581420898,222.0498046875,0.1424632966518402
sample_00030,4,16,block_out,0.889077365398407,0.46138423681259155,597.68994140625,0.5859419107437134
sample_00030,4,1,block_out,0.9985771775245667,0.0686514675617218,23.015625,0.003566632978618145
sample_00030,4,23,block_out,0.7816489934921265,0.6398177146911621,807.95556640625,1.1551508903503418
sample_00030,4,27,block_out,0.8480461835861206,0.5339574813842773,924.849609375,1.6885730028152466
sample_00030,4,31,block_out,0.8231194019317627,0.6073902249336243,582.959716796875,3.1881842613220215
sample_00030,4,8,block_out,0.9857875108718872,0.17292597889900208,193.564697265625,0.11946146190166473
sample_00030,63,16,block_out,0.8800209164619446,0.48003891110420227,458.38818359375,0.6087877154350281
sample_00030,63,1,block_out,0.9824477434158325,0.19125470519065857,28.5423583984375,0.024446435272693634
sample_00030,63,23,block_out,0.77079176902771,0.6557219624519348,865.908203125,1.212655782699585
sample_00030,63,27,block_out,0.8284729719161987,0.5699118375778198,1049.2822265625,1.7884321212768555
sample_00030,63,31,block_out,0.786312460899353,0.6564182639122009,721.914306640625,3.2184979915618896
sample_00030,63,8,block_out,0.9779057502746582,0.2164197415113449,185.048828125,0.14680300652980804
sample_00031,0,16,block_out,0.9157406091690063,0.4034753441810608,251.76123046875,0.5722493529319763
sample_00031,0,1,block_out,1.001071572303772,0.0005318649346008897,0.0458984375,0.00016176982899196446
sample_00031,0,23,block_out,0.8081205487251282,0.6027286648750305,409.0654296875,1.1460341215133667
sample_00031,0,27,block_out,0.8655099868774414,0.5049780607223511,471.26953125,1.6380853652954102
sample_00031,0,31,block_out,0.8644644021987915,0.5255181789398193,494.935546875,2.9750683307647705
sample_00031,0,8,block_out,0.9942542910575867,0.11600758880376816,3.6226806640625,0.10864178836345673
sample_00031,16,16,block_out,0.886620044708252,0.46643370389938354,555.3994140625,0.5918132662773132
sample_00031,16,1,block_out,0.99648517370224,0.09554994106292725,26.55078125,0.007207595743238926
sample_00031,16,23,block_out,0.7695525884628296,0.657550573348999,707.6341552734375,1.192955493927002
sample_00031,16,27,block_out,0.8346163630485535,0.5563398003578186,826.5736083984375,1.745839238166809
sample_00031,16,31,block_out,0.8190314769744873,0.6096929907798767,642.6571044921875,3.2419965267181396
sample_00031,16,8,block_out,0.9826950430870056,0.19146926701068878,224.072021484375,0.12098217755556107
sample_00031,32,16,block_out,0.8809634447097778,0.477653831243515,573.94677734375,0.5996801257133484
sample_00031,32,1,block_out,0.9935978651046753,0.1219388023018837,25.619140625,0.011750475503504276
sample_00031,32,23,block_out,0.7606123685836792,0.6678158044815063,739.052001953125,1.2072174549102783
sample_00031,32,27,block_out,0.8254018425941467,0.5695939064025879,876.551025390625,1.7730889320373535
sample_00031,32,31,block_out,0.8008558750152588,0.6444535255432129,636.212646484375,3.3119306564331055
sample_00031,32,8,block_out,0.9808092713356018,0.2015146166086197,227.7353515625,0.12657250463962555
sample_00031,4,16,block_out,0.8961588144302368,0.446710467338562,522.7598876953125,0.5809635519981384
sample_00031,4,1,block_out,0.9993133544921875,0.05925161391496658,23.0576171875,0.0027178863529115915
sample_00031,4,23,block_out,0.7858955264091492,0.6345382928848267,640.0662841796875,1.1762486696243286
sample_00031,4,27,block_out,0.8467811346054077,0.5366382598876953,712.3065185546875,1.7168865203857422
sample_00031,4,31,block_out,0.8299354910850525,0.5910370349884033,674.2216186523438,3.1788902282714844
sample_00031,4,8,block_out,0.9847111105918884,0.18026916682720184,219.384765625,0.11428982019424438
sample_00031,63,16,block_out,0.8819080591201782,0.47670072317123413,514.5057983398438,0.5843886137008667
sample_00031,63,1,block_out,0.9871938228607178,0.16602633893489838,29.697998046875,0.02022624760866165
sample_00031,63,23,block_out,0.7657881379127502,0.6635912656784058,685.7041015625,1.213686227798462
sample_00031,63,27,block_out,0.8345797061920166,0.56023770570755,842.72265625,1.7545052766799927
sample_00031,63,31,block_out,0.8030793070793152,0.629978597164154,683.76171875,3.1118907928466797
sample_00031,63,8,block_out,0.982102632522583,0.1953609436750412,228.013427734375,0.13208338618278503
sample_00032,0,16,block_out,0.9182863235473633,0.3977509140968323,271.84814453125,0.5630338788032532
sample_00032,0,1,block_out,1.0010982751846313,0.0005391571903601289,0.0380859375,0.00016473731375299394
sample_00032,0,23,block_out,0.814393162727356,0.5918951034545898,458.1796875,1.1240817308425903
sample_00032,0,27,block_out,0.8724813461303711,0.4924205243587494,534.7314453125,1.6012052297592163
sample_00032,0,31,block_out,0.8694241046905518,0.5185798406600952,547.720703125,2.926271677017212
sample_00032,0,8,block_out,0.9940080642700195,0.11841816455125809,3.167236328125,0.1112319603562355
sample_00032,16,16,block_out,0.8913940191268921,0.456872820854187,569.92431640625,0.5837399959564209
sample_00032,16,1,block_out,0.9963271021842957,0.09744483977556229,26.4921875,0.007425427902489901
sample_00032,16,23,block_out,0.7793737053871155,0.6421275734901428,737.1240234375,1.1802650690078735
sample_00032,16,27,block_out,0.8418962955474854,0.5449702143669128,873.7958984375,1.7292795181274414
sample_00032,16,31,block_out,0.8139880299568176,0.6303440928459167,624.935546875,3.2667973041534424
sample_00032,16,8,block_out,0.9832435250282288,0.18885445594787598,223.32080078125,0.12326972931623459
sample_00032,32,16,block_out,0.884448766708374,0.4711494743824005,599.5140380859375,0.596511721611023
sample_00032,32,1,block_out,0.9938607215881348,0.12007291615009308,25.599609375,0.01156463474035263
sample_00032,32,23,block_out,0.7681160569190979,0.6574238538742065,784.5379638671875,1.2062296867370605
sample_00032,32,27,block_out,0.8275721669197083,0.5665352940559387,942.6104736328125,1.7821301221847534
sample_00032,32,31,block_out,0.7886365056037903,0.6690486669540405,631.436279296875,3.368662118911743
sample_00032,32,8,block_out,0.9810574054718018,0.20049816370010376,233.614501953125,0.12817151844501495
sample_00032,4,16,block_out,0.8958404064178467,0.4476250112056732,560.56884765625,0.5787211060523987
sample_00032,4,1,block_out,0.9991731643676758,0.0618857815861702,21.978515625,0.002879296662285924
sample_00032,4,23,block_out,0.7861608266830444,0.6341385841369629,710.328125,1.1648845672607422
sample_00032,4,27,block_out,0.8538371920585632,0.5251877903938293,808.1689453125,1.6798402070999146
sample_00032,4,31,block_out,0.8363391757011414,0.5892534255981445,734.018798828125,3.127842426300049
sample_00032,4,8,block_out,0.9859857559204102,0.17331086099147797,216.85205078125,0.11720534414052963
sample_00032,63,16,block_out,0.8877606987953186,0.4667913019657135,482.90728759765625,0.5869383811950684
sample_00032,63,1,block_out,0.9871156811714172,0.16666282713413239,28.2435302734375,0.020265931263566017
sample_00032,63,23,block_out,0.7803782820701599,0.6456263065338135,641.1690063476562,1.194746732711792
sample_00032,63,27,block_out,0.8468886017799377,0.5402947664260864,745.0845947265625,1.7091134786605835
sample_00032,63,31,block_out,0.8154374361038208,0.6094604730606079,717.7996826171875,3.0530412197113037
sample_00032,63,8,block_out,0.981886088848114,0.1970871090888977,221.5172119140625,0.1361125111579895
sample_00033,0,16,block_out,0.9162111282348633,0.40254053473472595,260.4678955078125,0.5711339116096497
sample_00033,0,1,block_out,1.001150131225586,0.0005364678800106049,0.041015625,0.00016371507081203163
sample_00033,0,23,block_out,0.8100557327270508,0.5992526412010193,423.7208251953125,1.1359853744506836
sample_00033,0,27,block_out,0.8636631369590759,0.5081943273544312,491.8695068359375,1.6180088520050049
sample_00033,0,31,block_out,0.8634942173957825,0.5291593074798584,508.6361083984375,2.982740879058838
sample_00033,0,8,block_out,0.9943473935127258,0.11645905673503876,3.4677734375,0.10955977439880371
sample_00033,16,16,block_out,0.8886503577232361,0.46218404173851013,617.220458984375,0.5919867753982544
sample_00033,16,1,block_out,0.9964540004730225,0.09661955386400223,26.85546875,0.007142603397369385
sample_00033,16,23,block_out,0.7706812024116516,0.6552634239196777,803.372314453125,1.2009094953536987
sample_00033,16,27,block_out,0.8244287371635437,0.5738326907157898,945.417236328125,1.7764339447021484
sample_00033,16,31,block_out,0.8040209412574768,0.6396766304969788,533.140380859375,3.3440237045288086
sample_00033,16,8,block_out,0.9831424951553345,0.1898217350244522,227.400146484375,0.12085652351379395
sample_00033,32,16,block_out,0.8830042481422424,0.4740406274795532,583.956787109375,0.6061201691627502
sample_00033,32,1,block_out,0.9938037991523743,0.1208183616399765,25.873046875,0.011473758146166801
sample_00033,32,23,block_out,0.7601169347763062,0.6697046160697937,758.875,1.229567527770996
sample_00033,32,27,block_out,0.8143040537834167,0.5869225263595581,902.37109375,1.8124752044677734
sample_00033,32,31,block_out,0.7861403822898865,0.6648279428482056,550.1668701171875,3.425374746322632
sample_00033,32,8,block_out,0.9811486005783081,0.20039349794387817,242.18408203125,0.12571598589420319
sample_00033,4,16,block_out,0.8939125537872314,0.4515962600708008,569.8939208984375,0.585647702217102
sample_00033,4,1,block_out,0.9990541338920593,0.06456278264522552,23.73388671875,0.0030115104746073484
sample_00033,4,23,block_out,0.7797079086303711,0.6437164545059204,733.6448974609375,1.1789077520370483
sample_00033,4,27,block_out,0.8366138935089111,0.5540122985839844,831.9085693359375,1.731286644935608
sample_00033,4,31,block_out,0.818820595741272,0.612410843372345,721.7557373046875,3.2618329524993896
sample_00033,4,8,block_out,0.9859578609466553,0.1739734262228012,226.74462890625,0.11488113552331924
sample_00033,63,16,block_out,0.8842755556106567,0.47248876094818115,555.4893798828125,0.5837582945823669
sample_00033,63,1,block_out,0.9875428676605225,0.16427648067474365,30.24797821044922,0.0197165347635746
sample_00033,63,23,block_out,0.7759835720062256,0.6486167907714844,791.7841186523438,1.2052013874053955
sample_00033,63,27,block_out,0.8354087471961975,0.5593733191490173,930.535400390625,1.7425646781921387
sample_00033,63,31,block_out,0.8050894141197205,0.6224963665008545,838.9099731445312,3.1215224266052246
sample_00033,63,8,block_out,0.982219934463501,0.1958860605955124,250.1566162109375,0.13175061345100403
sample_00034,0,16,block_out,0.9143717885017395,0.406529039144516,260.00262451171875,0.5825710296630859
sample_00034,0,1,block_out,1.0009151697158813,0.0005441646790131927,0.0390625,0.00016607443103566766
sample_00034,0,23,block_out,0.808743417263031,0.6026196479797363,417.694580078125,1.1408566236495972
sample_00034,0,27,block_out,0.8611724972724915,0.5127133131027222,481.388427734375,1.6609666347503662
sample_00034,0,31,block_out,0.8552136421203613,0.5386717319488525,498.991943359375,3.0720348358154297
sample_00034,0,8,block_out,0.9936568140983582,0.11907058209180832,3.599853515625,0.11257712543010712
sample_00034,16,16,block_out,0.9031617641448975,0.43100589513778687,386.89306640625,0.6037571430206299
sample_00034,16,1,block_out,0.9986356496810913,0.06746363639831543,19.8310546875,0.0049845934845507145
sample_00034,16,23,block_out,0.7927817106246948,0.6225582361221313,548.1480712890625,1.1886998414993286
sample_00034,16,27,block_out,0.8397582769393921,0.5492350459098816,629.6051025390625,1.767163634300232
sample_00034,16,31,block_out,0.8093753457069397,0.6195406913757324,644.4686279296875,3.4064853191375732
sample_00034,16,8,block_out,0.9900071620941162,0.14642740786075592,74.2034912109375,0.12626215815544128
sample_00034,32,16,block_out,0.8700101375579834,0.4972342848777771,745.2521362304688,0.6216214299201965
sample_00034,32,1,block_out,0.9950545430183411,0.10811679810285568,19.787109375,0.00953599438071251
sample_00034,32,23,block_out,0.7535489797592163,0.6759691834449768,1019.967529296875,1.2298259735107422
sample_00034,32,27,block_out,0.8084757328033447,0.5960507988929749,1188.681396484375,1.8532499074935913
sample_00034,32,31,block_out,0.7642017602920532,0.7010225653648376,540.954345703125,3.5968570709228516
sample_00034,32,8,block_out,0.9796315431594849,0.20496231317520142,219.2158203125,0.13597460091114044
sample_00034,4,16,block_out,0.9136677384376526,0.40790697932243347,247.0341796875,0.5829507112503052
sample_00034,4,1,block_out,1.0009081363677979,0.0005337861366569996,0.044921875,0.00016607253928668797
sample_00034,4,23,block_out,0.8081640005111694,0.6015424728393555,448.9912109375,1.1425507068634033
sample_00034,4,27,block_out,0.8652693629264832,0.5046519041061401,534.2652587890625,1.633028507232666
sample_00034,4,31,block_out,0.8539474010467529,0.5399195551872253,534.2232666015625,3.063713788986206
sample_00034,4,8,block_out,0.9937067627906799,0.1186491996049881,3.586669921875,0.11252247542142868
sample_00034,63,16,block_out,0.8666024208068848,0.503839910030365,758.160888671875,0.6103911995887756
sample_00034,63,1,block_out,0.9897691011428833,0.14905931055545807,20.2705078125,0.015542181208729744
sample_00034,63,23,block_out,0.7601802349090576,0.667489767074585,1036.51708984375,1.228413701057434
sample_00034,63,27,block_out,0.820123016834259,0.5806339383125305,1214.01708984375,1.8154983520507812
sample_00034,63,31,block_out,0.7904801964759827,0.6462022066116333,521.01708984375,3.199404239654541
sample_00034,63,8,block_out,0.9731308221817017,0.23423589766025543,203.3505859375,0.14598295092582703
sample_00035,0,16,block_out,0.9114833474159241,0.4116966724395752,251.538818359375,0.5808927416801453
sample_00035,0,1,block_out,1.0003571510314941,0.0005295349401421845,0.033203125,0.00017392360314261168
sample_00035,0,23,block_out,0.8103030323982239,0.5898627042770386,397.06884765625,1.1116728782653809
sample_00035,0,27,block_out,0.867389976978302,0.4983910620212555,462.47802734375,1.5845619440078735
sample_00035,0,31,block_out,0.8835458755493164,0.4899303615093231,495.594482421875,2.9964041709899902
sample_00035,0,8,block_out,0.9938637018203735,0.1134093701839447,2.18243408203125,0.10755442082881927
sample_00035,16,16,block_out,0.8434996008872986,0.5413324236869812,650.904541015625,0.5914523005485535
sample_00035,16,1,block_out,0.9980300664901733,0.06778611987829208,20.59423828125,0.00484573794528842
sample_00035,16,23,block_out,0.7338225841522217,0.6912506222724915,869.4224243164062,1.1524195671081543
sample_00035,16,27,block_out,0.8160401582717896,0.5820601582527161,1026.3203125,1.71901273727417
sample_00035,16,31,block_out,0.8472200632095337,0.5651510953903198,581.584228515625,3.290316343307495
sample_00035,16,8,block_out,0.9706389307975769,0.24309659004211426,228.96923828125,0.11595140397548676
sample_00035,32,16,block_out,0.839046061038971,0.548610508441925,656.271240234375,0.5920213460922241
sample_00035,32,1,block_out,0.9982622861862183,0.0638309195637703,19.96484375,0.004417384043335915
sample_00035,32,23,block_out,0.716683030128479,0.7115199565887451,873.65087890625,1.1851533651351929
sample_00035,32,27,block_out,0.7963699102401733,0.6097847819328308,1029.4658203125,1.806154489517212
sample_00035,32,31,block_out,0.8172610402107239,0.6166113615036011,537.682373046875,3.480419635772705
sample_00035,32,8,block_out,0.9712331295013428,0.2405884861946106,227.038330078125,0.11622775346040726
sample_00035,4,16,block_out,0.8485701680183411,0.5330044627189636,627.5203857421875,0.5914818048477173
sample_00035,4,1,block_out,0.9975804090499878,0.07433754950761795,21.03662109375,0.005401543341577053
sample_00035,4,23,block_out,0.7382277250289917,0.6860719323158264,841.425537109375,1.1445480585098267
sample_00035,4,27,block_out,0.8274999260902405,0.5641962289810181,977.200927734375,1.6600425243377686
sample_00035,4,31,block_out,0.8624692559242249,0.5373412370681763,584.997802734375,3.1719555854797363
sample_00035,4,8,block_out,0.9706409573554993,0.24313919246196747,223.06005859375,0.11650874465703964
sample_00035,63,16,block_out,0.8262628316879272,0.5675895810127258,668.0908203125,0.5769076943397522
sample_00035,63,1,block_out,0.9992726445198059,0.04457017779350281,25.10888671875,0.0021893943194299936
sample_00035,63,23,block_out,0.7229399681091309,0.7047020792961121,959.888671875,1.1656767129898071
sample_00035,63,27,block_out,0.8048199415206909,0.5983686447143555,1150.34375,1.7344162464141846
sample_00035,63,31,block_out,0.8140808343887329,0.6056821942329407,692.1849365234375,3.1669347286224365
sample_00035,63,8,block_out,0.9793868064880371,0.20348776876926422,202.055908203125,0.11853723227977753
sample_00036,0,16,block_out,0.9091887474060059,0.41672492027282715,264.45263671875,0.5763514637947083
sample_00036,0,1,block_out,1.0003360509872437,0.0005582974408753216,0.0380859375,0.00018757644284050912
sample_00036,0,23,block_out,0.8027408719062805,0.6017366647720337,416.7808837890625,1.1151114702224731
sample_00036,0,27,block_out,0.8675743937492371,0.4982120394706726,481.623046875,1.5834914445877075
sample_00036,0,31,block_out,0.892517626285553,0.4764755368232727,507.01171875,2.9455363750457764
sample_00036,0,8,block_out,0.993877112865448,0.11308902502059937,2.337890625,0.10826537758111954
sample_00036,16,16,block_out,0.8435239195823669,0.5408599376678467,673.470703125,0.5912877321243286
sample_00036,16,1,block_out,0.997281014919281,0.07770953327417374,19.9814453125,0.0062077827751636505
sample_00036,16,23,block_out,0.7377910614013672,0.6886696815490723,921.970703125,1.1410343647003174
sample_00036,16,27,block_out,0.8264784216880798,0.5671026110649109,1084.953125,1.6803572177886963
sample_00036,16,31,block_out,0.8621301651000977,0.5370962619781494,505.6258544921875,3.142761468887329
sample_00036,16,8,block_out,0.9864193797111511,0.16654027998447418,133.3730926513672,0.11802839487791061
sample_00036,32,16,block_out,0.8985990881919861,0.4390775263309479,271.597900390625,0.590552568435669
sample_00036,32,1,block_out,0.9975634813308716,0.07366940379142761,19.4599609375,0.005853160750120878
sample_00036,32,23,block_out,0.7836689352989197,0.6252648830413818,516.1732177734375,1.1702771186828613
sample_00036,32,27,block_out,0.8316232562065125,0.5576751828193665,622.3929443359375,1.7977896928787231
sample_00036,32,31,block_out,0.8229537010192871,0.6196705102920532,541.45361328125,3.4481303691864014
sample_00036,32,8,block_out,0.988814651966095,0.15123917162418365,95.19561767578125,0.11857906728982925
sample_00036,4,16,block_out,0.8529952168464661,0.5252028107643127,613.23876953125,0.5878890156745911
sample_00036,4,1,block_out,0.9966219663619995,0.0860290601849556,20.296875,0.00734300073236227
sample_00036,4,23,block_out,0.7410821318626404,0.6846879124641418,818.2705078125,1.1551631689071655
sample_00036,4,27,block_out,0.8286651968955994,0.5629923939704895,972.998046875,1.6940643787384033
sample_00036,4,31,block_out,0.8629512786865234,0.5411463975906372,537.28076171875,3.238032579421997
sample_00036,4,8,block_out,0.9854393005371094,0.17238998413085938,133.89585876464844,0.11790917068719864
sample_00036,63,16,block_out,0.9099499583244324,0.4153089225292206,313.23040771484375,0.570429801940918
sample_00036,63,1,block_out,0.9986898303031921,0.05596651881933212,24.6361083984375,0.003458334831520915
sample_00036,63,23,block_out,0.8025721907615662,0.6011144518852234,567.5126342773438,1.1551823616027832
sample_00036,63,27,block_out,0.8431528210639954,0.5392875671386719,677.7333984375,1.7417678833007812
sample_00036,63,31,block_out,0.8149588108062744,0.604067325592041,652.0791015625,3.1279916763305664
sample_00036,63,8,block_out,0.9930927157402039,0.11965537071228027,16.2154541015625,0.11442156136035919
sample_00037,0,16,block_out,0.9079158902168274,0.419524222612381,286.58544921875,0.5894570350646973
sample_00037,0,1,block_out,1.0003633499145508,0.0005405669799074531,0.04296875,0.00017718398885335773
sample_00037,0,23,block_out,0.8109956383705139,0.5891706347465515,430.81298828125,1.1074879169464111
sample_00037,0,27,block_out,0.8653358817100525,0.5019205212593079,494.483642578125,1.6023327112197876
sample_00037,0,31,block_out,0.8805038928985596,0.500720739364624,528.067626953125,3.0429928302764893
sample_00037,0,8,block_out,0.9935840964317322,0.11580976843833923,2.2889404296875,0.11003196984529495
sample_00037,16,16,block_out,0.844811201095581,0.5382080078125,655.389892578125,0.6025822758674622
sample_00037,16,1,block_out,0.9972690343856812,0.07810229808092117,20.45703125,0.006144507322460413
sample_00037,16,23,block_out,0.7406202554702759,0.684368371963501,888.0377197265625,1.1470680236816406
sample_00037,16,27,block_out,0.820665717124939,0.5762296319007874,1050.4805908203125,1.7239960432052612
sample_00037,16,31,block_out,0.838042140007019,0.5870750546455383,555.41259765625,3.357433795928955
sample_00037,16,8,block_out,0.9729751944541931,0.23325969278812408,232.396240234375,0.11988652497529984
sample_00037,32,16,block_out,0.8408285975456238,0.5447536110877991,673.6671752929688,0.6011543273925781
sample_00037,32,1,block_out,0.9975965619087219,0.07357871532440186,19.8857421875,0.0056826332584023476
sample_00037,32,23,block_out,0.7311959266662598,0.6953110694885254,921.0802612304688,1.1730763912200928
sample_00037,32,27,block_out,0.8074427843093872,0.5947564244270325,1078.058349609375,1.7959789037704468
sample_00037,32,31,block_out,0.8132164478302002,0.6265686750411987,514.851806640625,3.5222818851470947
sample_00037,32,8,block_out,0.973341703414917,0.23191018402576447,219.14715576171875,0.12008810043334961
sample_00037,4,16,block_out,0.8464322090148926,0.5357566475868225,643.2432250976562,0.6017829179763794
sample_00037,4,1,block_out,0.9966469407081604,0.08599907159805298,20.875,0.00716745899990201
sample_00037,4,23,block_out,0.7377673983573914,0.6876325607299805,855.1333618164062,1.1549888849258423
sample_00037,4,27,block_out,0.8207449316978455,0.5755860209465027,1013.3720703125,1.7314810752868652
sample_00037,4,31,block_out,0.8390227556228638,0.5940924286842346,558.587890625,3.4402451515197754
sample_00037,4,8,block_out,0.970570981502533,0.24375176429748535,231.64990234375,0.12013168632984161
sample_00037,63,16,block_out,0.8383753895759583,0.5468653440475464,606.6774291992188,0.594474732875824
sample_00037,63,1,block_out,0.9987190365791321,0.055706147104501724,24.9268798828125,0.003322768257930875
sample_00037,63,23,block_out,0.7326452732086182,0.6940456628799438,880.1505737304688,1.1820396184921265
sample_00037,63,27,block_out,0.7994790077209473,0.605979323387146,1021.342529296875,1.8097918033599854
sample_00037,63,31,block_out,0.7771809697151184,0.6540203094482422,594.7320556640625,3.4188215732574463
sample_00037,63,8,block_out,0.983771800994873,0.18091212213039398,162.0936279296875,0.1204904317855835
sample_00038,0,16,block_out,0.9123221635818481,0.4098348915576935,245.53662109375,0.5657304525375366
sample_00038,0,1,block_out,1.0003412961959839,0.0005560657009482384,0.0400390625,0.00018538307631388307
sample_00038,0,23,block_out,0.8073239326477051,0.5943737626075745,405.5447998046875,1.1035012006759644
sample_00038,0,27,block_out,0.8683773875236511,0.4970681369304657,489.3778076171875,1.5785930156707764
sample_00038,0,31,block_out,0.8937146067619324,0.4771992564201355,504.8841552734375,2.924346685409546
sample_00038,0,8,block_out,0.9939062595367432,0.1129692941904068,2.3831787109375,0.10713078826665878
sample_00038,16,16,block_out,0.8508269190788269,0.5300166606903076,565.1025390625,0.5786147117614746
sample_00038,16,1,block_out,0.9980214238166809,0.06752868741750717,20.16748046875,0.004842421971261501
sample_00038,16,23,block_out,0.7210966348648071,0.7088006734848022,915.9207763671875,1.1380031108856201
sample_00038,16,27,block_out,0.8199242353439331,0.5775353312492371,1087.1995849609375,1.670431137084961
sample_00038,16,31,block_out,0.8613778352737427,0.5418078303337097,549.7659912109375,3.130267381668091
sample_00038,16,8,block_out,0.9882694482803345,0.1550600528717041,120.90878295898438,0.11533558368682861
sample_00038,32,16,block_out,0.9065461158752441,0.42244213819503784,267.435546875,0.5789705514907837
sample_00038,32,1,block_out,0.9982401132583618,0.06381210684776306,19.6298828125,0.0044588688760995865
sample_00038,32,23,block_out,0.8005353808403015,0.602951169013977,395.927978515625,1.1566606760025024
sample_00038,32,27,block_out,0.8503188490867615,0.5279369950294495,446.797119140625,1.722585678100586
sample_00038,32,31,block_out,0.8444837331771851,0.5729830861091614,470.370361328125,3.186915159225464
sample_00038,32,8,block_out,0.9900500774383545,0.14277400076389313,101.9100341796875,0.11508307605981827
sample_00038,4,16,block_out,0.8500564694404602,0.5304751992225647,638.075927734375,0.5751554369926453
sample_00038,4,1,block_out,0.9976528882980347,0.07308801263570786,20.5166015625,0.005429999902844429
sample_00038,4,23,block_out,0.742196798324585,0.682522714138031,882.93408203125,1.1360437870025635
sample_00038,4,27,block_out,0.8310207724571228,0.559816837310791,1036.4365234375,1.659255862236023
sample_00038,4,31,block_out,0.8704779148101807,0.5260968804359436,493.923828125,3.117274522781372
sample_00038,4,8,block_out,0.9860793352127075,0.16859667003154755,136.12274169921875,0.11456380039453506
sample_00038,63,16,block_out,0.902396559715271,0.4312199354171753,363.09454345703125,0.5679506659507751
sample_00038,63,1,block_out,0.9977670907974243,0.07054652273654938,24.853271484375,0.004841303918510675
sample_00038,63,23,block_out,0.7897879481315613,0.6191208958625793,574.63525390625,1.1789668798446655
sample_00038,63,27,block_out,0.8344858884811401,0.5534381866455078,668.2255859375,1.7786428928375244
sample_00038,63,31,block_out,0.816100001335144,0.606796145439148,669.45703125,3.187906503677368
sample_00038,63,8,block_out,0.992678701877594,0.1231287494301796,19.0269775390625,0.1157243400812149
sample_00039,0,16,block_out,0.9121425151824951,0.41024717688560486,243.4248046875,0.5851110219955444
sample_00039,0,1,block_out,1.0003471374511719,0.0005455052014440298,0.035400390625,0.00018080623704008758
sample_00039,0,23,block_out,0.8158431649208069,0.5820463299751282,389.438720703125,1.1096065044403076
sample_00039,0,27,block_out,0.8726963400840759,0.48875653743743896,453.369384765625,1.578091025352478
sample_00039,0,31,block_out,0.8936774134635925,0.4659629762172699,486.532470703125,2.907503366470337
sample_00039,0,8,block_out,0.9935218691825867,0.11634929478168488,3.9848175048828125,0.11030599474906921
sample_00039,16,16,block_out,0.8527024984359741,0.5251644849777222,619.151123046875,0.5957564115524292
sample_00039,16,1,block_out,0.9983044862747192,0.06349524110555649,20.9912109375,0.004295229911804199
sample_00039,16,23,block_out,0.7474138140678406,0.674649715423584,855.475341796875,1.1481961011886597
sample_00039,16,27,block_out,0.832302451133728,0.5569770932197571,966.91552734375,1.6779001951217651
sample_00039,16,31,block_out,0.8657145500183105,0.5268816351890564,501.6077880859375,3.090060234069824
sample_00039,16,8,block_out,0.9726599454879761,0.23448434472084045,219.970703125,0.11941420286893845
sample_00039,32,16,block_out,0.8486424088478088,0.5321063995361328,634.333984375,0.5975897312164307
sample_00039,32,1,block_out,0.9984514117240906,0.06065479293465614,20.4375,0.0040621827356517315
sample_00039,32,23,block_out,0.7370776534080505,0.6871318221092224,870.21728515625,1.1705152988433838
sample_00039,32,27,block_out,0.8173678517341614,0.5797818303108215,981.4390869140625,1.755766749382019
sample_00039,32,31,block_out,0.8362135887145996,0.586052656173706,464.9034423828125,3.316699504852295
sample_00039,32,8,block_out,0.9733880758285522,0.23133181035518646,220.728515625,0.1199653372168541
sample_00039,4,16,block_out,0.854072630405426,0.5231144428253174,600.781494140625,0.5964260101318359
sample_00039,4,1,block_out,0.9980299472808838,0.06797744333744049,21.4716796875,0.004728195257484913
sample_00039,4,23,block_out,0.7467061877250671,0.6758379340171814,823.860595703125,1.1420414447784424
sample_00039,4,27,block_out,0.8341656923294067,0.5537275671958923,936.561279296875,1.6591726541519165
sample_00039,4,31,block_out,0.8740071654319763,0.5127701163291931,471.84149169921875,3.084719181060791
sample_00039,4,8,block_out,0.9733068346977234,0.23176243901252747,210.296630859375,0.11897502839565277
sample_00039,63,16,block_out,0.8412163853645325,0.5455619692802429,666.9619750976562,0.5852876901626587
sample_00039,63,1,block_out,0.9984580874443054,0.06010345369577408,21.7998046875,0.003598931012675166
sample_00039,63,23,block_out,0.7398608326911926,0.6876967549324036,895.5365600585938,1.1912193298339844
sample_00039,63,27,block_out,0.810287356376648,0.5902396440505981,1005.05078125,1.798025131225586
sample_00039,63,31,block_out,0.7978662252426147,0.6351950168609619,565.4700927734375,3.2897701263427734
sample_00039,63,8,block_out,0.9829298257827759,0.1857285350561142,167.69146728515625,0.11519230902194977
sample_00040,0,16,block_out,0.8993342518806458,0.43770942091941833,217.15185546875,0.6029978394508362
sample_00040,0,1,block_out,1.0003925561904907,0.0005544361192733049,0.0322265625,0.00018732892931438982
sample_00040,0,23,block_out,0.7937606573104858,0.6135651469230652,404.31951904296875,1.1271226406097412
sample_00040,0,27,block_out,0.8485188484191895,0.5323323011398315,493.53533935546875,1.6866358518600464
sample_00040,0,31,block_out,0.8613911271095276,0.5421426892280579,443.103515625,3.156142234802246
sample_00040,0,8,block_out,0.990257978439331,0.14168906211853027,3.25634765625,0.12786836922168732
sample_00040,16,16,block_out,0.8525968194007874,0.524587094783783,539.96484375,0.6102848649024963
sample_00040,16,1,block_out,0.9981931447982788,0.06586263328790665,21.18896484375,0.004108873661607504
sample_00040,16,23,block_out,0.7387787103652954,0.6866815090179443,915.12060546875,1.145714282989502
sample_00040,16,27,block_out,0.8162225484848022,0.5843233466148376,1102.66259765625,1.7426098585128784
sample_00040,16,31,block_out,0.8372628688812256,0.5846172571182251,563.94287109375,3.259990930557251
sample_00040,16,8,block_out,0.9846649169921875,0.17685192823410034,134.44264221191406,0.13498911261558533
sample_00040,32,16,block_out,0.8898293972015381,0.4567889869213104,331.9970703125,0.6071176528930664
sample_00040,32,1,block_out,0.998390793800354,0.06243226304650307,20.60400390625,0.003831572365015745
sample_00040,32,23,block_out,0.7927039861679077,0.6149351000785828,364.951904296875,1.1580294370651245
sample_00040,32,27,block_out,0.8324353694915771,0.5573984980583191,433.114501953125,1.7928942441940308
sample_00040,32,31,block_out,0.8112406134605408,0.6277432441711426,463.3212890625,3.4071319103240967
sample_00040,32,8,block_out,0.9861907958984375,0.16771388053894043,117.0419921875,0.1358371078968048
sample_00040,4,16,block_out,0.8546829223632812,0.5208876729011536,603.63623046875,0.6096615791320801
sample_00040,4,1,block_out,0.997864305973053,0.07103174924850464,21.681640625,0.004740311298519373
sample_00040,4,23,block_out,0.7448532581329346,0.6779036521911621,836.8299560546875,1.1502265930175781
sample_00040,4,27,block_out,0.8196446299552917,0.5783374309539795,997.216064453125,1.7484102249145508
sample_00040,4,31,block_out,0.8446835279464722,0.5832889080047607,437.35986328125,3.31103253364563
sample_00040,4,8,block_out,0.9844116568565369,0.1782287359237671,118.7801513671875,0.13422001898288727
sample_00040,63,16,block_out,0.9003459811210632,0.435907244682312,236.1884765625,0.6001537442207336
sample_00040,63,1,block_out,0.9988514184951782,0.05374986678361893,25.4840087890625,0.002962257480248809
sample_00040,63,23,block_out,0.7992016673088074,0.60589599609375,461.326171875,1.1611449718475342
sample_00040,63,27,block_out,0.8288395404815674,0.5660442113876343,558.6396484375,1.7899025678634644
sample_00040,63,31,block_out,0.7688165903091431,0.6788821220397949,515.9609375,3.361675500869751
sample_00040,63,8,block_out,0.9893947839736938,0.14749039709568024,17.11627197265625,0.13551269471645355
sample_00041,0,16,block_out,0.9026175737380981,0.43087854981422424,258.7564697265625,0.5955448746681213
sample_00041,0,1,block_out,1.0003821849822998,0.0005583815509453416,0.0361328125,0.00018843110592570156
sample_00041,0,23,block_out,0.8056658506393433,0.598311722278595,387.247802734375,1.1144356727600098
sample_00041,0,27,block_out,0.8616210222244263,0.5103204846382141,453.02099609375,1.6530922651290894
sample_00041,0,31,block_out,0.8714820742607117,0.5265395045280457,488.67041015625,3.115718126296997
sample_00041,0,8,block_out,0.9899956583976746,0.14357519149780273,3.1577911376953125,0.12840354442596436
sample_00041,16,16,block_out,0.8439843058586121,0.5389041304588318,672.415771484375,0.6017217040061951
sample_00041,16,1,block_out,0.9981659650802612,0.06624167412519455,21.4130859375,0.004108932800590992
sample_00041,16,23,block_out,0.741452157497406,0.6835817098617554,935.40576171875,1.130624532699585
sample_00041,16,27,block_out,0.8275244832038879,0.5672582983970642,1099.13232421875,1.6960293054580688
sample_00041,16,31,block_out,0.8453062772750854,0.5776597261428833,459.2396240234375,3.2163965702056885
sample_00041,16,8,block_out,0.9839460849761963,0.18094241619110107,132.60952758789062,0.13552114367485046
sample_00041,32,16,block_out,0.843802809715271,0.5391318202018738,685.2515869140625,0.6027714610099792
sample_00041,32,1,block_out,0.9983643293380737,0.06268878281116486,20.76123046875,0.0038146385923027992
sample_00041,32,23,block_out,0.7359386086463928,0.6906607151031494,939.7144775390625,1.1464565992355347
sample_00041,32,27,block_out,0.8209531307220459,0.576741099357605,1097.7559814453125,1.7274702787399292
sample_00041,32,31,block_out,0.8319692015647888,0.5985495448112488,446.851806640625,3.2721588611602783
sample_00041,32,8,block_out,0.9850650429725647,0.1743963211774826,122.7467041015625,0.13654688000679016
sample_00041,4,16,block_out,0.8516332507133484,0.5261875987052917,624.3330078125,0.6029380559921265
sample_00041,4,1,block_out,0.9978154897689819,0.07158413529396057,21.93115234375,0.004784612916409969
sample_00041,4,23,block_out,0.7395994663238525,0.6857573986053467,887.258056640625,1.1447129249572754
sample_00041,4,27,block_out,0.8273023962974548,0.5666025876998901,1045.679443359375,1.7074497938156128
sample_00041,4,31,block_out,0.8580856323242188,0.5561748743057251,437.015869140625,3.209357261657715
sample_00041,4,8,block_out,0.9838787317276001,0.18135897815227509,129.91995239257812,0.13494400680065155
sample_00041,63,16,block_out,0.904225766658783,0.42767390608787537,245.15740966796875,0.5830920338630676
sample_00041,63,1,block_out,0.9993966817855835,0.042356763035058975,25.1339111328125,0.0019312425283715129
sample_00041,63,23,block_out,0.8178572058677673,0.5788502097129822,437.869140625,1.104024052619934
sample_00041,63,27,block_out,0.8596997857093811,0.5130793452262878,528.90185546875,1.6548832654953003
sample_00041,63,31,block_out,0.8250287771224976,0.5910432934761047,505.81182861328125,3.0430614948272705
sample_00041,63,8,block_out,0.9895645380020142,0.14635303616523743,10.99139404296875,0.134180948138237
sample_00042,0,16,block_out,0.8999283313751221,0.4364396333694458,276.67333984375,0.6074054837226868
sample_00042,0,1,block_out,1.0003600120544434,0.0005543230217881501,0.0380859375,0.00018662138609215617
sample_00042,0,23,block_out,0.7937917113304138,0.6149770617485046,400.466064453125,1.1406631469726562
sample_00042,0,27,block_out,0.8414945602416992,0.5442954897880554,456.187255859375,1.7276405096054077
sample_00042,0,31,block_out,0.8547293543815613,0.5523004531860352,490.339599609375,3.3166391849517822
sample_00042,0,8,block_out,0.990149736404419,0.14229892194271088,3.25335693359375,0.12905150651931763
sample_00042,16,16,block_out,0.8457110524177551,0.5355878472328186,615.209228515625,0.6198039650917053
sample_00042,16,1,block_out,0.9982816576957703,0.06407598406076431,21.2578125,0.004010163247585297
sample_00042,16,23,block_out,0.7378851175308228,0.6885496377944946,860.004638671875,1.1660434007644653
sample_00042,16,27,block_out,0.8105140328407288,0.5918352007865906,972.749755859375,1.7921494245529175
sample_00042,16,31,block_out,0.8408131003379822,0.5726929306983948,478.50103759765625,3.3216655254364014
sample_00042,16,8,block_out,0.9742677211761475,0.22764645516872406,191.01953125,0.13696296513080597
sample_00042,32,16,block_out,0.8442541360855103,0.5378343462944031,637.515380859375,0.6193776726722717
sample_00042,32,1,block_out,0.9984866380691528,0.060349490493535995,20.69677734375,0.003790010930970311
sample_00042,32,23,block_out,0.7364098429679871,0.6891841888427734,883.0711669921875,1.1784955263137817
sample_00042,32,27,block_out,0.8064078092575073,0.597714900970459,983.53955078125,1.8110867738723755
sample_00042,32,31,block_out,0.82137131690979,0.609074592590332,488.30419921875,3.369603395462036
sample_00042,32,8,block_out,0.9747652411460876,0.22528953850269318,203.250244140625,0.13758285343647003
sample_00042,4,16,block_out,0.848330557346344,0.5310722589492798,538.98193359375,0.6196478009223938
sample_00042,4,1,block_out,0.9980273246765137,0.0682055875658989,21.6865234375,0.004338000901043415
sample_00042,4,23,block_out,0.7310748100280762,0.6949330568313599,717.496337890625,1.1783616542816162
sample_00042,4,27,block_out,0.8046857714653015,0.6003468632698059,790.919189453125,1.8046507835388184
sample_00042,4,31,block_out,0.8443351984024048,0.5684472918510437,422.51416015625,3.3501827716827393
sample_00042,4,8,block_out,0.9731162786483765,0.23263044655323029,194.1572265625,0.13774028420448303
sample_00042,63,16,block_out,0.8407467603683472,0.5452121496200562,657.037109375,0.592926561832428
sample_00042,63,1,block_out,0.9976019859313965,0.07294546812772751,18.857666015625,0.005083952099084854
sample_00042,63,23,block_out,0.7528307437896729,0.671614944934845,893.865966796875,1.1413569450378418
sample_00042,63,27,block_out,0.8167663812637329,0.5844011902809143,995.363525390625,1.7566485404968262
sample_00042,63,31,block_out,0.7935113310813904,0.640167772769928,476.9620361328125,3.19622802734375
sample_00042,63,8,block_out,0.981813907623291,0.19194288551807404,137.349609375,0.13639459013938904
sample_00043,0,16,block_out,0.9009311199188232,0.4343281388282776,270.805419921875,0.6037478446960449
sample_00043,0,1,block_out,1.0003494024276733,0.0005672689876519144,0.0439453125,0.0001882387005025521
sample_00043,0,23,block_out,0.800412118434906,0.6066465377807617,400.816162109375,1.1261287927627563
sample_00043,0,27,block_out,0.8542571067810059,0.5226598978042603,459.272216796875,1.6464859247207642
sample_00043,0,31,block_out,0.8732625246047974,0.5193051695823669,481.560302734375,3.064742088317871
sample_00043,0,8,block_out,0.9903086423873901,0.1412479132413864,3.1065673828125,0.12738244235515594
sample_00043,16,16,block_out,0.838770866394043,0.5474868416786194,633.166015625,0.6120731830596924
sample_00043,16,1,block_out,0.9979467391967773,0.06900932639837265,20.97802734375,0.004491243977099657
sample_00043,16,23,block_out,0.7337088584899902,0.693605899810791,845.8611450195312,1.1611334085464478
sample_00043,16,27,block_out,0.8082051277160645,0.5953266024589539,980.69921875,1.7811448574066162
sample_00043,16,31,block_out,0.8381250500679016,0.5837224721908569,455.844482421875,3.306945323944092
sample_00043,16,8,block_out,0.9734326601028442,0.23149704933166504,202.9267578125,0.13557493686676025
sample_00043,32,16,block_out,0.8375856876373291,0.5491414070129395,688.811767578125,0.6113346219062805
sample_00043,32,1,block_out,0.998229444026947,0.06436596810817719,20.33056640625,0.004196608439087868
sample_00043,32,23,block_out,0.7371645569801331,0.6886538863182068,940.0518798828125,1.1585285663604736
sample_00043,32,27,block_out,0.8133578300476074,0.587462842464447,1081.2493896484375,1.7594935894012451
sample_00043,32,31,block_out,0.8260233402252197,0.6082208156585693,483.499267578125,3.2917134761810303
sample_00043,32,8,block_out,0.9731777906417847,0.23236046731472015,219.6923828125,0.1360306590795517
sample_00043,4,16,block_out,0.84676194190979,0.5341383814811707,582.482421875,0.6119868755340576
sample_00043,4,1,block_out,0.9974830150604248,0.0756375789642334,21.4384765625,0.0051238760352134705
sample_00043,4,23,block_out,0.7334586977958679,0.6933916211128235,761.28759765625,1.1744968891143799
sample_00043,4,27,block_out,0.8040770888328552,0.6015270948410034,884.77392578125,1.8041568994522095
sample_00043,4,31,block_out,0.8434755802154541,0.5776053071022034,431.2001953125,3.3788812160491943
sample_00043,4,8,block_out,0.9714710116386414,0.23982566595077515,215.638671875,0.13548605144023895
sample_00043,63,16,block_out,0.8444575667381287,0.5381895899772644,551.84912109375,0.5965611934661865
sample_00043,63,1,block_out,0.9956281185150146,0.09612414985895157,24.9735107421875,0.006982620805501938
sample_00043,63,23,block_out,0.7437435388565063,0.6829220652580261,876.20458984375,1.145704984664917
sample_00043,63,27,block_out,0.8080136179924011,0.5987380743026733,1040.18017578125,1.766920804977417
sample_00043,63,31,block_out,0.7935872077941895,0.6472262144088745,592.71337890625,3.2549610137939453
sample_00043,63,8,block_out,0.98136305809021,0.19395577907562256,137.2677001953125,0.14228756725788116
sample_00044,0,16,block_out,0.8984808921813965,0.439389169216156,266.130126953125,0.6111253499984741
sample_00044,0,1,block_out,1.0003786087036133,0.0005573789239861071,0.033203125,0.0001837671297835186
sample_00044,0,23,block_out,0.8008584976196289,0.6047203540802002,390.902587890625,1.1235836744308472
sample_00044,0,27,block_out,0.8527754545211792,0.5263789296150208,449.735595703125,1.6812742948532104
sample_00044,0,31,block_out,0.8631864786148071,0.5394762754440308,479.337158203125,3.1765522956848145
sample_00044,0,8,block_out,0.9895831346511841,0.14638355374336243,3.2701416015625,0.13096140325069427
sample_00044,16,16,block_out,0.8517974019050598,0.5253000259399414,554.4912109375,0.6211592555046082
sample_00044,16,1,block_out,0.9983304738998413,0.06340164691209793,20.9892578125,0.0040853600949049
sample_00044,16,23,block_out,0.7558978796005249,0.6627784371376038,749.3377685546875,1.1438827514648438
sample_00044,16,27,block_out,0.8283179998397827,0.5648640990257263,835.0274658203125,1.7245973348617554
sample_00044,16,31,block_out,0.8475225567817688,0.5665911436080933,458.8756103515625,3.209009885787964
sample_00044,16,8,block_out,0.9713338613510132,0.24029824137687683,203.17822265625,0.139000803232193
sample_00044,32,16,block_out,0.8477357029914856,0.5321871042251587,559.6331176757812,0.619804859161377
sample_00044,32,1,block_out,0.9984927177429199,0.060429126024246216,20.400390625,0.0038803978823125362
sample_00044,32,23,block_out,0.7451707124710083,0.6764317154884338,739.3697509765625,1.1544508934020996
sample_00044,32,27,block_out,0.8179588317871094,0.5807657837867737,823.2896728515625,1.7503488063812256
sample_00044,32,31,block_out,0.8288046717643738,0.601477324962616,461.3707275390625,3.287993907928467
sample_00044,32,8,block_out,0.9724746346473694,0.2354559600353241,205.91485595703125,0.13923154771327972
sample_00044,4,16,block_out,0.8470990061759949,0.5329595804214478,526.97216796875,0.6229600310325623
sample_00044,4,1,block_out,0.9980248212814331,0.0684230774641037,21.41064453125,0.0044642542488873005
sample_00044,4,23,block_out,0.7420328855514526,0.6811388731002808,701.03173828125,1.1502792835235596
sample_00044,4,27,block_out,0.8187903761863708,0.5797382593154907,853.91162109375,1.7412874698638916
sample_00044,4,31,block_out,0.8510364890098572,0.5660795569419861,442.71142578125,3.263146162033081
sample_00044,4,8,block_out,0.9715068340301514,0.2395894080400467,197.052734375,0.13963265717029572
sample_00044,63,16,block_out,0.8370356559753418,0.5513286590576172,655.5863037109375,0.6058709621429443
sample_00044,63,1,block_out,0.996268630027771,0.08932840079069138,21.6064453125,0.006950051058083773
sample_00044,63,23,block_out,0.7467646598815918,0.679144561290741,896.4169921875,1.159957766532898
sample_00044,63,27,block_out,0.8148141503334045,0.5866163969039917,1033.361328125,1.7793980836868286
sample_00044,63,31,block_out,0.7968107461929321,0.6394279599189758,473.089599609375,3.258471727371216
sample_00044,63,8,block_out,0.9762834906578064,0.21881259977817535,174.64483642578125,0.14272181689739227
sample_00045,0,16,block_out,0.9196522831916809,0.394111692905426,234.490234375,0.5424378514289856
sample_00045,0,1,block_out,1.0010454654693604,0.0005192352109588683,0.0361328125,0.0001634753425605595
sample_00045,0,23,block_out,0.8006070852279663,0.6102789044380188,391.639404296875,1.114050269126892
sample_00045,0,27,block_out,0.8465518355369568,0.5358401536941528,478.520263671875,1.642297387123108
sample_00045,0,31,block_out,0.8488266468048096,0.5544110536575317,722.1134643554688,3.143746852874756
sample_00045,0,8,block_out,0.9955641031265259,0.104236900806427,3.126708984375,0.09860604256391525
sample_00045,16,16,block_out,0.8837583065032959,0.47096407413482666,632.299560546875,0.5738407969474792
sample_00045,16,1,block_out,0.995999276638031,0.10014853626489639,26.2099609375,0.007999325171113014
sample_00045,16,23,block_out,0.7535098791122437,0.6759040355682373,856.302001953125,1.1866722106933594
sample_00045,16,27,block_out,0.8072401285171509,0.5977692008018494,1022.376708984375,1.7875480651855469
sample_00045,16,31,block_out,0.7706491351127625,0.6834393739700317,690.58984375,3.592438220977783
sample_00045,16,8,block_out,0.9855144619941711,0.17659589648246765,230.25668334960938,0.11395895481109619
sample_00045,32,16,block_out,0.8762043714523315,0.48643845319747925,626.2989501953125,0.6030831336975098
sample_00045,32,1,block_out,0.9914590716362,0.13788199424743652,25.265625,0.01428897026926279
sample_00045,32,23,block_out,0.7454676032066345,0.68785560131073,847.2022705078125,1.2220908403396606
sample_00045,32,27,block_out,0.7977029085159302,0.6113068461418152,1000.2393798828125,1.8334118127822876
sample_00045,32,31,block_out,0.7464722990989685,0.7138886451721191,615.408935546875,3.6544525623321533
sample_00045,32,8,block_out,0.9829844236373901,0.1904536485671997,178.17529296875,0.12197119742631912
sample_00045,4,16,block_out,0.9002553224563599,0.43748238682746887,538.269287109375,0.5526876449584961
sample_00045,4,1,block_out,0.9994182586669922,0.05687251687049866,20.81298828125,0.002742899116128683
sample_00045,4,23,block_out,0.773282527923584,0.6481460332870483,739.7659912109375,1.1503653526306152
sample_00045,4,27,block_out,0.8270273208618164,0.567620575428009,850.0335693359375,1.7167775630950928
sample_00045,4,31,block_out,0.8196929693222046,0.6145899295806885,704.35693359375,3.3561832904815674
sample_00045,4,8,block_out,0.990505039691925,0.14486047625541687,155.5234375,0.10356930643320084
sample_00045,63,16,block_out,0.8787505626678467,0.4817980229854584,577.755615234375,0.5725604891777039
sample_00045,63,1,block_out,0.9852867126464844,0.17665818333625793,27.30615234375,0.022548051550984383
sample_00045,63,23,block_out,0.7652716636657715,0.6602675318717957,927.9151611328125,1.1731631755828857
sample_00045,63,27,block_out,0.814540445804596,0.5889133214950562,1102.7310791015625,1.7540088891983032
sample_00045,63,31,block_out,0.7816050052642822,0.6603269577026367,574.5338134765625,3.282209873199463
sample_00045,63,8,block_out,0.9805271029472351,0.20564284920692444,152.195556640625,0.12742383778095245
sample_00046,0,16,block_out,0.9217737317085266,0.38912683725357056,234.63623046875,0.5302850008010864
sample_00046,0,1,block_out,1.0010522603988647,0.0005152690573595464,0.041015625,0.00016327854245901108
sample_00046,0,23,block_out,0.8048097491264343,0.6043627858161926,391.1669921875,1.1053000688552856
sample_00046,0,27,block_out,0.8506243824958801,0.5296377539634705,470.478515625,1.6264084577560425
sample_00046,0,31,block_out,0.8513271808624268,0.5449310541152954,790.0897827148438,3.1098642349243164
sample_00046,0,8,block_out,0.995518147945404,0.10479798913002014,3.05126953125,0.09926046431064606
sample_00046,16,16,block_out,0.8877449035644531,0.4635443389415741,592.7786865234375,0.5696896910667419
sample_00046,16,1,block_out,0.9962334036827087,0.09780627489089966,21.697265625,0.008102581836283207
sample_00046,16,23,block_out,0.7578257918357849,0.6701781153678894,813.8729248046875,1.1778101921081543
sample_00046,16,27,block_out,0.8118904232978821,0.5908626317977905,985.4197998046875,1.7757457494735718
sample_00046,16,31,block_out,0.7804239392280579,0.6619271636009216,641.6510620117188,3.5621838569641113
sample_00046,16,8,block_out,0.9845843315124512,0.1818338930606842,228.32449340820312,0.11508192121982574
sample_00046,32,16,block_out,0.8846197724342346,0.4701111614704132,607.4938354492188,0.581244707107544
sample_00046,32,1,block_out,0.9920952320098877,0.1332375854253769,21.1796875,0.013916323892772198
sample_00046,32,23,block_out,0.7526189088821411,0.6788989305496216,837.9845581054688,1.200687050819397
sample_00046,32,27,block_out,0.80419921875,0.6020665764808655,1010.678466796875,1.8043289184570312
sample_00046,32,31,block_out,0.7596938014030457,0.688804030418396,615.5972900390625,3.5892553329467773
sample_00046,32,8,block_out,0.9824507832527161,0.19364352524280548,178.97998046875,0.12212569266557693
sample_00046,4,16,block_out,0.9013208150863647,0.4354214072227478,514.59033203125,0.5457426905632019
sample_00046,4,1,block_out,0.9993525147438049,0.058112017810344696,22.09375,0.0028169467113912106
sample_00046,4,23,block_out,0.7696813344955444,0.6543158888816833,684.669189453125,1.1426459550857544
sample_00046,4,27,block_out,0.825035572052002,0.5715076327323914,769.788330078125,1.715104341506958
sample_00046,4,31,block_out,0.8261417150497437,0.5964704751968384,671.0260009765625,3.3421971797943115
sample_00046,4,8,block_out,0.9912683367729187,0.13937720656394958,177.4296875,0.10503601282835007
sample_00046,63,16,block_out,0.884652316570282,0.4703289568424225,601.679931640625,0.5369243025779724
sample_00046,63,1,block_out,0.9865165948867798,0.1696549504995346,20.9814453125,0.022436225786805153
sample_00046,63,23,block_out,0.7812398076057434,0.6370691061019897,956.4852294921875,1.1331555843353271
sample_00046,63,27,block_out,0.8397409915924072,0.5479972958564758,1134.9403076171875,1.6521440744400024
sample_00046,63,31,block_out,0.8132545948028564,0.6069691777229309,608.7410888671875,3.0154902935028076
sample_00046,63,8,block_out,0.9810431003570557,0.2026749700307846,149.895263671875,0.12639707326889038
sample_00047,0,16,block_out,0.922681450843811,0.3871534764766693,295.900634765625,0.5277384519577026
sample_00047,0,1,block_out,1.0011545419692993,0.0005156839033588767,0.041015625,0.00016481294005643576
sample_00047,0,23,block_out,0.8157767653465271,0.586596667766571,459.2100830078125,1.0748792886734009
sample_00047,0,27,block_out,0.8685832023620605,0.4973300099372864,533.4405517578125,1.5597840547561646
sample_00047,0,31,block_out,0.865333080291748,0.5226007103919983,687.591552734375,2.91782808303833
sample_00047,0,8,block_out,0.995691180229187,0.10465094447135925,2.937255859375,0.09918559342622757
sample_00047,16,16,block_out,0.8946335911750793,0.44918709993362427,532.06201171875,0.5686618089675903
sample_00047,16,1,block_out,0.9961854815483093,0.09936127066612244,24.990234375,0.007906868122518063
sample_00047,16,23,block_out,0.7727541327476501,0.6507241129875183,685.3736572265625,1.171970009803772
sample_00047,16,27,block_out,0.8205282092094421,0.5765572786331177,813.0220947265625,1.77629554271698
sample_00047,16,31,block_out,0.7824012637138367,0.6645566821098328,612.5614013671875,3.4988763332366943
sample_00047,16,8,block_out,0.9884949326515198,0.1596946120262146,215.8531494140625,0.1133425235748291
sample_00047,32,16,block_out,0.8878368139266968,0.4635246992111206,606.5302734375,0.5868231058120728
sample_00047,32,1,block_out,0.9920161962509155,0.1345883458852768,24.109375,0.013473507016897202
sample_00047,32,23,block_out,0.7667492628097534,0.6603438854217529,821.273681640625,1.193886637687683
sample_00047,32,27,block_out,0.8179131150245667,0.5801757574081421,965.203369140625,1.7838566303253174
sample_00047,32,31,block_out,0.7753755450248718,0.6683678030967712,525.487060546875,3.452542781829834
sample_00047,32,8,block_out,0.9859948754310608,0.1749320924282074,145.0900115966797,0.12126211822032928
sample_00047,4,16,block_out,0.9041264057159424,0.4289971888065338,513.29052734375,0.5421896576881409
sample_00047,4,1,block_out,0.9994210600852966,0.05869884416460991,21.3115234375,0.0030330184381455183
sample_00047,4,23,block_out,0.7848448157310486,0.6325874924659729,669.06884765625,1.1239374876022339
sample_00047,4,27,block_out,0.838919997215271,0.5479086637496948,780.22705078125,1.6878291368484497
sample_00047,4,31,block_out,0.8229334354400635,0.6030788421630859,739.714599609375,3.2595596313476562
sample_00047,4,8,block_out,0.9941985011100769,0.11805643141269684,92.29052734375,0.10375149548053741
sample_00047,63,16,block_out,0.893300473690033,0.452428936958313,571.3148803710938,0.54918372631073
sample_00047,63,1,block_out,0.9867739677429199,0.16874779760837555,26.6824951171875,0.02076943963766098
sample_00047,63,23,block_out,0.785204291343689,0.6308885216712952,863.9738159179688,1.1622415781021118
sample_00047,63,27,block_out,0.8347222805023193,0.5554684400558472,1020.044189453125,1.698632836341858
sample_00047,63,31,block_out,0.8033804297447205,0.621097981929779,493.80517578125,3.1150705814361572
sample_00047,63,8,block_out,0.9826451539993286,0.19526824355125427,136.32608032226562,0.12440527230501175
sample_00048,0,16,block_out,0.9247224926948547,0.38231009244918823,231.457763671875,0.5288536548614502
sample_00048,0,1,block_out,1.0011876821517944,0.0005279314354993403,0.0390625,0.00016797984426375479
sample_00048,0,23,block_out,0.8145756721496582,0.5897315740585327,388.999267578125,1.085433006286621
sample_00048,0,27,block_out,0.8606427907943726,0.5124964118003845,451.8232421875,1.6160213947296143
sample_00048,0,31,block_out,0.852362334728241,0.54788738489151,673.646240234375,3.0746102333068848
sample_00048,0,8,block_out,0.9956192970275879,0.10581429302692413,2.889404296875,0.10107360035181046
sample_00048,16,16,block_out,0.8960667252540588,0.4467635154724121,505.3486328125,0.5605605840682983
sample_00048,16,1,block_out,0.9967952966690063,0.09342368692159653,25.35546875,0.007089420221745968
sample_00048,16,23,block_out,0.772325873374939,0.6525553464889526,866.6942749023438,1.1564234495162964
sample_00048,16,27,block_out,0.8236926794052124,0.5721870064735413,1048.5478515625,1.7535251379013062
sample_00048,16,31,block_out,0.7827181816101074,0.6632089614868164,747.40869140625,3.463646173477173
sample_00048,16,8,block_out,0.9883537292480469,0.1608215719461441,230.80419921875,0.11410270631313324
sample_00048,32,16,block_out,0.8883526921272278,0.4629996716976166,637.488525390625,0.5764524936676025
sample_00048,32,1,block_out,0.992776095867157,0.1292019486427307,24.59375,0.012439102865755558
sample_00048,32,23,block_out,0.7656373977661133,0.6614637970924377,854.86865234375,1.1851133108139038
sample_00048,32,27,block_out,0.8164849281311035,0.5819217562675476,1005.57275390625,1.7836861610412598
sample_00048,32,31,block_out,0.7720723748207092,0.6735758781433105,634.4338989257812,3.4604122638702393
sample_00048,32,8,block_out,0.9853253364562988,0.17888900637626648,161.004150390625,0.12129401415586472
sample_00048,4,16,block_out,0.9104015827178955,0.4157136082649231,354.33038330078125,0.534734845161438
sample_00048,4,1,block_out,0.9998314380645752,0.051841188222169876,21.966796875,0.00235808570869267
sample_00048,4,23,block_out,0.7987197637557983,0.6128684878349304,666.5192260742188,1.0920369625091553
sample_00048,4,27,block_out,0.8532240986824036,0.5247589945793152,823.6500854492188,1.633888840675354
sample_00048,4,31,block_out,0.8375647664070129,0.578397274017334,723.4703979492188,3.1545207500457764
sample_00048,4,8,block_out,0.9930980205535889,0.127508744597435,128.96612548828125,0.10406965017318726
sample_00048,63,16,block_out,0.8937731981277466,0.45132553577423096,631.9251708984375,0.5322905778884888
sample_00048,63,1,block_out,0.9880300760269165,0.16138090193271637,27.1800537109375,0.019192129373550415
sample_00048,63,23,block_out,0.7929065227508545,0.6195077300071716,972.1954345703125,1.1272248029708862
sample_00048,63,27,block_out,0.854028046131134,0.5242149829864502,1141.2208251953125,1.5968668460845947
sample_00048,63,31,block_out,0.8266444802284241,0.5846226811408997,561.7462158203125,2.907871961593628
sample_00048,63,8,block_out,0.984035849571228,0.18732860684394836,143.56121826171875,0.12374279648065567
sample_00049,0,16,block_out,0.9238246083259583,0.3842487335205078,233.909423828125,0.5280572772026062
sample_00049,0,1,block_out,1.0010830163955688,0.0005145047907717526,0.0390625,0.00016485567903146148
sample_00049,0,23,block_out,0.8107322454452515,0.5934794545173645,404.20947265625,1.1016241312026978
sample_00049,0,27,block_out,0.8564032912254333,0.5189237594604492,492.33251953125,1.6137332916259766
sample_00049,0,31,block_out,0.8450811505317688,0.557773232460022,736.3951416015625,3.0662989616394043
sample_00049,0,8,block_out,0.9954898357391357,0.10546636581420898,3.0810546875,0.10011927038431168
sample_00049,16,16,block_out,0.8949170708656311,0.448870986700058,416.927734375,0.5702341794967651
sample_00049,16,1,block_out,0.995947003364563,0.10103873163461685,25.556640625,0.0080035999417305
sample_00049,16,23,block_out,0.7683176398277283,0.6553352475166321,692.687255859375,1.1854925155639648
sample_00049,16,27,block_out,0.8186875581741333,0.5796345472335815,834.407470703125,1.776516079902649
sample_00049,16,31,block_out,0.7655710577964783,0.6917699575424194,762.254150390625,3.567810535430908
sample_00049,16,8,block_out,0.9863139986991882,0.17185398936271667,203.8134765625,0.11484969407320023
sample_00049,32,16,block_out,0.8947394490242004,0.45017120242118835,436.380615234375,0.5855371356010437
sample_00049,32,1,block_out,0.9917522668838501,0.13606207072734833,24.693359375,0.01370894443243742
sample_00049,32,23,block_out,0.7763702869415283,0.6458677053451538,420.83056640625,1.196643590927124
sample_00049,32,27,block_out,0.8220254778862,0.5744280815124512,511.131103515625,1.782800316810608
sample_00049,32,31,block_out,0.7615128755569458,0.6911548972129822,673.0938720703125,3.5050976276397705
sample_00049,32,8,block_out,0.9812968373298645,0.19957728683948517,206.683837890625,0.12287411093711853
sample_00049,4,16,block_out,0.9095470309257507,0.4171544015407562,407.19207763671875,0.5333728194236755
sample_00049,4,1,block_out,0.999566912651062,0.054859090596437454,21.7021484375,0.002647313755005598
sample_00049,4,23,block_out,0.7966647148132324,0.6131668090820312,501.8701171875,1.1302601099014282
sample_00049,4,27,block_out,0.8401952385902405,0.5453783869743347,596.56005859375,1.706587553024292
sample_00049,4,31,block_out,0.8163102865219116,0.6094704866409302,749.223388671875,3.303219795227051
sample_00049,4,8,block_out,0.9881045818328857,0.16088229417800903,209.29736328125,0.10366528481245041
sample_00049,63,16,block_out,0.8981051445007324,0.4430018663406372,380.4169921875,0.5542753338813782
sample_00049,63,1,block_out,0.9862523674964905,0.1713726818561554,27.4923095703125,0.021753353998064995
sample_00049,63,23,block_out,0.7927307486534119,0.6205230951309204,478.691650390625,1.1626946926116943
sample_00049,63,27,block_out,0.8458406925201416,0.5370784997940063,560.26318359375,1.6678524017333984
sample_00049,63,31,block_out,0.8054230213165283,0.6176060438156128,649.705078125,3.0725786685943604
sample_00049,63,8,block_out,0.9828832149505615,0.19311454892158508,145.42236328125,0.12603889405727386
sample_00050,0,16,block_out,0.9201257228851318,0.39245232939720154,205.95361328125,0.542172908782959
sample_00050,0,1,block_out,1.000663161277771,0.0004950981820002198,0.04296875,0.0001502503437222913
sample_00050,0,23,block_out,0.7932791113853455,0.6209282279014587,383.3360595703125,1.1356854438781738
sample_00050,0,27,block_out,0.8436232805252075,0.5413643717765808,462.8497314453125,1.6838434934616089
sample_00050,0,31,block_out,0.8627942800521851,0.536155641078949,454.1407470703125,3.1639163494110107
sample_00050,0,8,block_out,0.995262622833252,0.10412880778312683,3.650634765625,0.09824758768081665
sample_00050,16,16,block_out,0.8700128197669983,0.49607694149017334,588.9375,0.5763608813285828
sample_00050,16,1,block_out,0.9944612979888916,0.1112188845872879,26.1025390625,0.010369421914219856
sample_00050,16,23,block_out,0.7292931079864502,0.70612633228302,756.80029296875,1.1983909606933594
sample_00050,16,27,block_out,0.7911503314971924,0.6217372417449951,850.01904296875,1.8553144931793213
sample_00050,16,31,block_out,0.7713772654533386,0.7073690891265869,585.8472900390625,3.714928388595581
sample_00050,16,8,block_out,0.9789581894874573,0.20913375914096832,217.3515625,0.11586283892393112
sample_00050,32,16,block_out,0.8638548254966736,0.5073301196098328,667.915771484375,0.6012544631958008
sample_00050,32,1,block_out,0.9909528493881226,0.13916853070259094,24.9296875,0.016982784494757652
sample_00050,32,23,block_out,0.7150832414627075,0.7213462591171265,891.7117919921875,1.2406325340270996
sample_00050,32,27,block_out,0.7679577469825745,0.6509852409362793,1065.4273681640625,1.9373208284378052
sample_00050,32,31,block_out,0.7359771132469177,0.7566065788269043,610.3789672851562,3.8595330715179443
sample_00050,32,8,block_out,0.9751639366149902,0.227079838514328,228.422119140625,0.12529617547988892
sample_00050,4,16,block_out,0.8879973888397217,0.46127068996429443,561.90283203125,0.5544365048408508
sample_00050,4,1,block_out,0.9983086585998535,0.06856873631477356,22.1044921875,0.0040561966598033905
sample_00050,4,23,block_out,0.7549866437911987,0.6721332669258118,726.57763671875,1.176122784614563
sample_00050,4,27,block_out,0.8079824447631836,0.5973302125930786,813.01220703125,1.8220188617706299
sample_00050,4,31,block_out,0.7952516674995422,0.6698476076126099,639.7064208984375,3.6208465099334717
sample_00050,4,8,block_out,0.981307864189148,0.19698147475719452,216.1181640625,0.10688658803701401
sample_00050,63,16,block_out,0.8542177081108093,0.5253332257270813,607.9830322265625,0.5768614411354065
sample_00050,63,1,block_out,0.9826845526695251,0.18918851017951965,28.431884765625,0.028338303789496422
sample_00050,63,23,block_out,0.7172051668167114,0.7229357361793518,867.15966796875,1.2135028839111328
sample_00050,63,27,block_out,0.7739449739456177,0.65165114402771,1020.71728515625,1.88284170627594
sample_00050,63,31,block_out,0.7488162517547607,0.7167426943778992,517.52685546875,3.4749717712402344
sample_00050,63,8,block_out,0.9788814783096313,0.21064987778663635,205.96142578125,0.13271911442279816
sample_00051,0,16,block_out,0.918704628944397,0.3956497311592102,218.42578125,0.5463515520095825
sample_00051,0,1,block_out,1.000553846359253,0.0005099388654343784,0.0341796875,0.0001589154708199203
sample_00051,0,23,block_out,0.7955689430236816,0.6155351400375366,383.757568359375,1.1289362907409668
sample_00051,0,27,block_out,0.842788577079773,0.5430994033813477,451.935546875,1.682879090309143
sample_00051,0,31,block_out,0.8648008108139038,0.5284810066223145,557.8863525390625,3.142136812210083
sample_00051,0,8,block_out,0.995532214641571,0.10095199942588806,3.6578369140625,0.09628278762102127
sample_00051,16,16,block_out,0.9132073521614075,0.40815144777297974,223.75146484375,0.5595169067382812
sample_00051,16,1,block_out,0.9974610805511475,0.07856830209493637,18.0576171875,0.004950664006173611
sample_00051,16,23,block_out,0.7916889786720276,0.6207818388938904,395.22802734375,1.1502773761749268
sample_00051,16,27,block_out,0.8351731300354004,0.5539618730545044,468.8681640625,1.7314679622650146
sample_00051,16,31,block_out,0.8358426094055176,0.5775420665740967,649.6766967773438,3.275545120239258
sample_00051,16,8,block_out,0.9915059804916382,0.1349623054265976,82.081787109375,0.10736905783414841
sample_00051,32,16,block_out,0.9061306715011597,0.4237968325614929,226.337890625,0.5822706818580627
sample_00051,32,1,block_out,0.9954543113708496,0.10097262263298035,15.7275390625,0.00852570217102766
sample_00051,32,23,block_out,0.7803268432617188,0.6377296447753906,417.91455078125,1.1770046949386597
sample_00051,32,27,block_out,0.8132400512695312,0.5890085697174072,496.57470703125,1.8157204389572144
sample_00051,32,31,block_out,0.7878634333610535,0.6599161028862,586.5008544921875,3.6333301067352295
sample_00051,32,8,block_out,0.9892061948776245,0.15092431008815765,40.896484375,0.11750494688749313
sample_00051,4,16,block_out,0.9179073572158813,0.3974836766719818,215.78857421875,0.5505436062812805
sample_00051,4,1,block_out,1.000553011894226,0.0005104515585117042,0.041015625,0.00015764818817842752
sample_00051,4,23,block_out,0.7965138554573059,0.6134023070335388,396.886962890625,1.130433201789856
sample_00051,4,27,block_out,0.8486096858978271,0.5323424339294434,470.8212890625,1.6646504402160645
sample_00051,4,31,block_out,0.8692324757575989,0.5203740000724792,536.7127685546875,3.055920124053955
sample_00051,4,8,block_out,0.9955037832260132,0.1011638268828392,3.671875,0.09662621468305588
sample_00051,63,16,block_out,0.9100155234336853,0.41528424620628357,207.5615234375,0.5540045499801636
sample_00051,63,1,block_out,0.9883934259414673,0.15575949847698212,14.062744140625,0.020513083785772324
sample_00051,63,23,block_out,0.7936776280403137,0.6174028515815735,386.73486328125,1.17422354221344
sample_00051,63,27,block_out,0.8113324046134949,0.5916838049888611,457.23779296875,1.8542648553848267
sample_00051,63,31,block_out,0.7720572352409363,0.6849135160446167,483.2129211425781,3.3532400131225586
sample_00051,63,8,block_out,0.9814022779464722,0.19526489078998566,44.285400390625,0.13731032609939575
sample_00052,0,16,block_out,0.9180697798728943,0.3971835672855377,220.83154296875,0.5452337265014648
sample_00052,0,1,block_out,1.000572919845581,0.0005098130786791444,0.03515625,0.00015806245210114866
sample_00052,0,23,block_out,0.7954028844833374,0.6176378726959229,391.668701171875,1.1208348274230957
sample_00052,0,27,block_out,0.8443083763122559,0.5407853126525879,471.956298828125,1.6706292629241943
sample_00052,0,31,block_out,0.8602708578109741,0.5429529547691345,480.17083740234375,3.1537575721740723
sample_00052,0,8,block_out,0.9953020215034485,0.10328631103038788,3.713623046875,0.09794572740793228
sample_00052,16,16,block_out,0.8619568347930908,0.5109267830848694,672.250732421875,0.5769173502922058
sample_00052,16,1,block_out,0.9938901662826538,0.11532344669103622,25.6826171875,0.01128791831433773
sample_00052,16,23,block_out,0.7231081128120422,0.7141832113265991,918.61328125,1.1875139474868774
sample_00052,16,27,block_out,0.7867491245269775,0.6283101439476013,1016.74853515625,1.856428861618042
sample_00052,16,31,block_out,0.7716537714004517,0.6997539401054382,759.3582763671875,3.6697328090667725
sample_00052,16,8,block_out,0.9812942743301392,0.19686029851436615,203.513427734375,0.11590254306793213
sample_00052,32,16,block_out,0.8582846522331238,0.5177056789398193,673.378173828125,0.5898930430412292
sample_00052,32,1,block_out,0.9905791282653809,0.1411539763212204,24.57421875,0.017710315063595772
sample_00052,32,23,block_out,0.7137041687965393,0.7243752479553223,909.163818359375,1.2195675373077393
sample_00052,32,27,block_out,0.7679968476295471,0.6519607901573181,1073.78369140625,1.9247171878814697
sample_00052,32,31,block_out,0.7362211346626282,0.7592393159866333,702.0797729492188,3.8667871952056885
sample_00052,32,8,block_out,0.9770877361297607,0.21793493628501892,221.456298828125,0.12213332206010818
sample_00052,4,16,block_out,0.8762036561965942,0.4842902421951294,631.5095825195312,0.5612081289291382
sample_00052,4,1,block_out,0.9980679750442505,0.07074679434299469,21.3984375,0.004373243544250727
sample_00052,4,23,block_out,0.7394165992736816,0.6921488046646118,859.2951049804688,1.1699626445770264
sample_00052,4,27,block_out,0.8012603521347046,0.6086990833282471,972.153564453125,1.8203309774398804
sample_00052,4,31,block_out,0.8015093803405762,0.6640507578849792,666.43310546875,3.587672710418701
sample_00052,4,8,block_out,0.9824563264846802,0.19060258567333221,215.23095703125,0.10639767348766327
sample_00052,63,16,block_out,0.8674020171165466,0.502016544342041,509.33203125,0.5743904709815979
sample_00052,63,1,block_out,0.9816320538520813,0.19420717656612396,27.7698974609375,0.02972874417901039
sample_00052,63,23,block_out,0.7231679558753967,0.7184264659881592,915.10498046875,1.2212787866592407
sample_00052,63,27,block_out,0.7666201591491699,0.6605215668678284,1097.91162109375,1.9361944198608398
sample_00052,63,31,block_out,0.7401638031005859,0.7326006293296814,656.169921875,3.5779101848602295
sample_00052,63,8,block_out,0.9796128869056702,0.20617999136447906,172.0169677734375,0.13430902361869812
sample_00053,0,16,block_out,0.9184293150901794,0.3963402211666107,210.2578125,0.5505362153053284
sample_00053,0,1,block_out,1.000619888305664,0.0005203201435506344,0.04296875,0.0001597116788616404
sample_00053,0,23,block_out,0.7927199602127075,0.6197575330734253,389.328125,1.1415445804595947
sample_00053,0,27,block_out,0.8333072066307068,0.5585903525352478,465.6162109375,1.741377353668213
sample_00053,0,31,block_out,0.8439749479293823,0.5718613266944885,510.02801513671875,3.3282065391540527
sample_00053,0,8,block_out,0.9953427910804749,0.10314285010099411,3.6898193359375,0.09798635542392731
sample_00053,16,16,block_out,0.8673966526985168,0.5009640455245972,641.017333984375,0.5790329575538635
sample_00053,16,1,block_out,0.994291365146637,0.11221547424793243,25.56640625,0.01071404293179512
sample_00053,16,23,block_out,0.7249261736869812,0.7094228863716125,855.2164916992188,1.2113882303237915
sample_00053,16,27,block_out,0.7825329303741455,0.6325244307518005,957.23779296875,1.891059160232544
sample_00053,16,31,block_out,0.7659230828285217,0.7125419974327087,613.2388916015625,3.7580082416534424
sample_00053,16,8,block_out,0.9802641868591309,0.20259083807468414,208.470947265625,0.11636620759963989
sample_00053,32,16,block_out,0.8713734149932861,0.49318692088127136,655.31884765625,0.5930710434913635
sample_00053,32,1,block_out,0.9909937381744385,0.1384219527244568,24.435546875,0.017038529738783836
sample_00053,32,23,block_out,0.730059027671814,0.7002495527267456,885.293701171875,1.2323837280273438
sample_00053,32,27,block_out,0.7751725912094116,0.6408331990242004,1039.202880859375,1.9346402883529663
sample_00053,32,31,block_out,0.7321762442588806,0.7618448734283447,760.5074462890625,3.880467414855957
sample_00053,32,8,block_out,0.9768517017364502,0.21932218968868256,224.17138671875,0.12157337367534637
sample_00053,4,16,block_out,0.8840389847755432,0.46930864453315735,578.423828125,0.5644139647483826
sample_00053,4,1,block_out,0.9982110857963562,0.06931081414222717,21.98828125,0.004193009342998266
sample_00053,4,23,block_out,0.7507625818252563,0.6764407753944397,777.0653076171875,1.1824239492416382
sample_00053,4,27,block_out,0.8018710613250732,0.6061824560165405,865.9666748046875,1.8574827909469604
sample_00053,4,31,block_out,0.786854088306427,0.6846189498901367,644.7062377929688,3.7079687118530273
sample_00053,4,8,block_out,0.9816713333129883,0.19499872624874115,215.84326171875,0.10672928392887115
sample_00053,63,16,block_out,0.8630726337432861,0.5091738700866699,493.1859130859375,0.5800769329071045
sample_00053,63,1,block_out,0.9825318455696106,0.18965952098369598,27.66998291015625,0.0288627240806818
sample_00053,63,23,block_out,0.7291429042816162,0.7069615125656128,758.2470703125,1.2028073072433472
sample_00053,63,27,block_out,0.7777777910232544,0.6467509865760803,911.9580078125,1.873183012008667
sample_00053,63,31,block_out,0.751262903213501,0.7090659141540527,531.7579345703125,3.4520702362060547
sample_00053,63,8,block_out,0.9801048040390015,0.20429064333438873,184.45245361328125,0.13238058984279633
sample_00054,0,16,block_out,0.9169757962226868,0.3998396098613739,198.6968994140625,0.5492880940437317
sample_00054,0,1,block_out,1.0007387399673462,0.00048678528401069343,0.041015625,0.00015396493836306036
sample_00054,0,23,block_out,0.790165901184082,0.6251859664916992,346.1939697265625,1.1541863679885864
sample_00054,0,27,block_out,0.8383630514144897,0.549942672252655,412.2613525390625,1.7161766290664673
sample_00054,0,31,block_out,0.8528344631195068,0.5583029985427856,521.1381225585938,3.238860607147217
sample_00054,0,8,block_out,0.9952430725097656,0.10443133115768433,3.587646484375,0.09995987266302109
sample_00054,16,16,block_out,0.8768874406814575,0.48423561453819275,639.68212890625,0.5752129554748535
sample_00054,16,1,block_out,0.9955883026123047,0.10126306861639023,26.337890625,0.00883173942565918
sample_00054,16,23,block_out,0.7270330786705017,0.7128484845161438,861.456298828125,1.2299078702926636
sample_00054,16,27,block_out,0.7784383893013,0.6407793164253235,967.079345703125,1.930853009223938
sample_00054,16,31,block_out,0.7669950723648071,0.7054567337036133,525.1141357421875,3.826496124267578
sample_00054,16,8,block_out,0.9885084629058838,0.15638045966625214,169.59375,0.11431334167718887
sample_00054,32,16,block_out,0.8995960354804993,0.439364492893219,306.4610595703125,0.5860980153083801
sample_00054,32,1,block_out,0.9928416013717651,0.12559467554092407,25.16015625,0.014662748202681541
sample_00054,32,23,block_out,0.7569595575332642,0.6742372512817383,408.97900390625,1.2452144622802734
sample_00054,32,27,block_out,0.7879462242126465,0.6257615089416504,500.91357421875,1.957470417022705
sample_00054,32,31,block_out,0.7412352561950684,0.7404501438140869,603.0814208984375,3.882519483566284
sample_00054,32,8,block_out,0.9882741570472717,0.15823672711849213,109.8565673828125,0.11914829909801483
sample_00054,4,16,block_out,0.8858115077018738,0.46652427315711975,606.2415771484375,0.5617538094520569
sample_00054,4,1,block_out,0.9994946718215942,0.04974765330553055,21.79296875,0.0025077422615140676
sample_00054,4,23,block_out,0.7408328652381897,0.6948525309562683,846.4163818359375,1.1940926313400269
sample_00054,4,27,block_out,0.7958148121833801,0.6169732213020325,988.6253662109375,1.8542213439941406
sample_00054,4,31,block_out,0.8018565773963928,0.6522989869117737,830.3362426757812,3.650343418121338
sample_00054,4,8,block_out,0.9906123876571655,0.14177367091178894,173.953125,0.10552828758955002
sample_00054,63,16,block_out,0.9031741619110107,0.43148887157440186,202.43505859375,0.5634055137634277
sample_00054,63,1,block_out,0.9845550656318665,0.17953936755657196,23.72265625,0.025926552712917328
sample_00054,63,23,block_out,0.7824970483779907,0.6374213695526123,376.10205078125,1.1996320486068726
sample_00054,63,27,block_out,0.8139374852180481,0.5927253365516663,447.48388671875,1.8478820323944092
sample_00054,63,31,block_out,0.773089587688446,0.6800652742385864,625.3074951171875,3.337109327316284
sample_00054,63,8,block_out,0.9846043586730957,0.18154177069664001,55.5455322265625,0.13148233294487
sample_00055,0,16,block_out,0.9135024547576904,0.4074801206588745,234.668701171875,0.5839414596557617
sample_00055,0,1,block_out,1.0004833936691284,0.0005292862188071012,0.04296875,0.0001687780168140307
sample_00055,0,23,block_out,0.8142432570457458,0.586040198802948,379.476806640625,1.0981355905532837
sample_00055,0,27,block_out,0.8615294694900513,0.5102772116661072,437.6370849609375,1.6545536518096924
sample_00055,0,31,block_out,0.858371376991272,0.5435722470283508,474.9896240234375,3.174362897872925
sample_00055,0,8,block_out,0.9924138784408569,0.12714122235774994,3.470306396484375,0.12067381292581558
sample_00055,16,16,block_out,0.8583792448043823,0.5174570679664612,663.189697265625,0.6472042202949524
sample_00055,16,1,block_out,0.9916423559188843,0.13252988457679749,25.9560546875,0.01363639160990715
sample_00055,16,23,block_out,0.7484160661697388,0.6801563501358032,875.898681640625,1.2128946781158447
sample_00055,16,27,block_out,0.789865255355835,0.6237338185310364,1047.658447265625,1.9474719762802124
sample_00055,16,31,block_out,0.7315722107887268,0.7470619678497314,479.657958984375,3.9627814292907715
sample_00055,16,8,block_out,0.9733107686042786,0.23378336429595947,233.157958984375,0.148478165268898
sample_00055,32,16,block_out,0.8597174882888794,0.5148236155509949,667.42333984375,0.652629554271698
sample_00055,32,1,block_out,0.9861927628517151,0.16831573843955994,24.796875,0.02190079167485237
sample_00055,32,23,block_out,0.7525523900985718,0.674161970615387,885.4029541015625,1.2269576787948608
sample_00055,32,27,block_out,0.7850134372711182,0.6309770941734314,1055.5709228515625,1.9780588150024414
sample_00055,32,31,block_out,0.7132793664932251,0.7668338418006897,552.4703369140625,3.9653737545013428
sample_00055,32,8,block_out,0.9689331650733948,0.25246986746788025,239.9521484375,0.15841178596019745
sample_00055,4,16,block_out,0.872890055179596,0.4902993142604828,632.04150390625,0.5968771576881409
sample_00055,4,1,block_out,0.9976296424865723,0.07535747438669205,22.69384765625,0.004601957276463509
sample_00055,4,23,block_out,0.7661711573600769,0.6538167595863342,869.7752685546875,1.151908278465271
sample_00055,4,27,block_out,0.8237565755844116,0.5727688670158386,921.3875732421875,1.8051096200942993
sample_00055,4,31,block_out,0.8046196103096008,0.6467357277870178,529.95849609375,3.5551767349243164
sample_00055,4,8,block_out,0.9772362112998962,0.2155204862356186,221.296875,0.129333034157753
sample_00055,63,16,block_out,0.8426828384399414,0.5443439483642578,561.14697265625,0.6313328146934509
sample_00055,63,1,block_out,0.9773308038711548,0.21423298120498657,27.239959716796875,0.03420039266347885
sample_00055,63,23,block_out,0.7450922727584839,0.683189332485199,879.260009765625,1.1771392822265625
sample_00055,63,27,block_out,0.802334189414978,0.6090616583824158,1040.475830078125,1.813849925994873
sample_00055,63,31,block_out,0.7682496309280396,0.6828673481941223,616.7386474609375,3.339855194091797
sample_00055,63,8,block_out,0.9705113768577576,0.24657049775123596,194.36740112304688,0.16788910329341888
sample_00056,0,16,block_out,0.9116656184196472,0.4116235077381134,230.634765625,0.5959669947624207
sample_00056,0,1,block_out,1.0004726648330688,0.0005313953151926398,0.04296875,0.00017270368698518723
sample_00056,0,23,block_out,0.8128669857978821,0.5893508195877075,371.0224609375,1.1047486066818237
sample_00056,0,27,block_out,0.8658655285835266,0.5016400814056396,428.9267578125,1.6194746494293213
sample_00056,0,31,block_out,0.8690484166145325,0.5159907341003418,463.3857421875,3.0155422687530518
sample_00056,0,8,block_out,0.9922173023223877,0.12870487570762634,3.46282958984375,0.12110664695501328
sample_00056,16,16,block_out,0.852979302406311,0.5259618759155273,655.21240234375,0.64666748046875
sample_00056,16,1,block_out,0.9912784695625305,0.13520143926143646,25.9658203125,0.01379002258181572
sample_00056,16,23,block_out,0.7407946586608887,0.6899661421775818,867.7919921875,1.2033296823501587
sample_00056,16,27,block_out,0.7941948175430298,0.6167119741439819,1054.1068115234375,1.8973451852798462
sample_00056,16,31,block_out,0.7657456398010254,0.6874920725822449,614.239501953125,3.7447760105133057
sample_00056,16,8,block_out,0.9727847576141357,0.23591554164886475,235.375732421875,0.14812210202217102
sample_00056,32,16,block_out,0.8487569093704224,0.5335307717323303,681.90673828125,0.6845694780349731
sample_00056,32,1,block_out,0.982550859451294,0.18824109435081482,24.689453125,0.024391135200858116
sample_00056,32,23,block_out,0.7414795160293579,0.6874237656593323,896.941162109375,1.2533272504806519
sample_00056,32,27,block_out,0.7699387073516846,0.6498081684112549,1070.3922119140625,2.041640520095825
sample_00056,32,31,block_out,0.7038165330886841,0.7751832604408264,449.5576171875,4.066867828369141
sample_00056,32,8,block_out,0.9658198356628418,0.26521769165992737,225.974853515625,0.16406013071537018
sample_00056,4,16,block_out,0.8730521202087402,0.4896067976951599,636.6954345703125,0.6083861589431763
sample_00056,4,1,block_out,0.9978867769241333,0.0717901960015297,22.7109375,0.004421690944582224
sample_00056,4,23,block_out,0.7703260779380798,0.6479939222335815,841.4742431640625,1.1474658250808716
sample_00056,4,27,block_out,0.8359745144844055,0.5528575778007507,977.5169677734375,1.7247732877731323
sample_00056,4,31,block_out,0.8377734422683716,0.5820206999778748,769.0494384765625,3.2483835220336914
sample_00056,4,8,block_out,0.976933479309082,0.2167084664106369,237.16455078125,0.13019640743732452
sample_00056,63,16,block_out,0.8484377861022949,0.5384674072265625,497.6412353515625,0.6222727298736572
sample_00056,63,1,block_out,0.9729534387588501,0.2327691912651062,22.794921875,0.037110116332769394
sample_00056,63,23,block_out,0.7618749141693115,0.6639460921287537,838.12939453125,1.1461747884750366
sample_00056,63,27,block_out,0.8230088353157043,0.5773623585700989,1009.02978515625,1.7179640531539917
sample_00056,63,31,block_out,0.7842002511024475,0.6532464623451233,520.246337890625,3.155738115310669
sample_00056,63,8,block_out,0.9624233841896057,0.28113558888435364,199.2939453125,0.1736641675233841
sample_00057,0,16,block_out,0.9116520881652832,0.4115295708179474,237.354736328125,0.58831787109375
sample_00057,0,1,block_out,1.0004523992538452,0.0005289539694786072,0.037109375,0.00017076385847758502
sample_00057,0,23,block_out,0.8163966536521912,0.5831854343414307,380.428466796875,1.0955054759979248
sample_00057,0,27,block_out,0.8652140498161316,0.5032947659492493,438.195556640625,1.6200295686721802
sample_00057,0,31,block_out,0.8691233992576599,0.5178825855255127,474.955322265625,3.0335259437561035
sample_00057,0,8,block_out,0.9917359352111816,0.13205410540103912,3.7677001953125,0.12355316430330276
sample_00057,16,16,block_out,0.8699924945831299,0.49467796087265015,652.68896484375,0.5953290462493896
sample_00057,16,1,block_out,0.9985052347183228,0.06195097789168358,21.56982421875,0.0033874805085361004
sample_00057,16,23,block_out,0.7769380807876587,0.6375125050544739,853.1903686523438,1.1210755109786987
sample_00057,16,27,block_out,0.8389691710472107,0.5475025177001953,992.0498046875,1.6917551755905151
sample_00057,16,31,block_out,0.8392335772514343,0.5736931562423706,506.2119140625,3.2034873962402344
sample_00057,16,8,block_out,0.978082537651062,0.2112426459789276,224.209228515625,0.12947522103786469
sample_00057,32,16,block_out,0.8695488572120667,0.4954443573951721,665.6027221679688,0.5945113301277161
sample_00057,32,1,block_out,0.9986851215362549,0.058429401367902756,21.0126953125,0.0031673486810177565
sample_00057,32,23,block_out,0.7710169553756714,0.6445155143737793,892.5409545898438,1.1380047798156738
sample_00057,32,27,block_out,0.8318162560462952,0.5583497881889343,1046.92138671875,1.730936884880066
sample_00057,32,31,block_out,0.8240238428115845,0.6024718880653381,472.63946533203125,3.2567086219787598
sample_00057,32,8,block_out,0.979803204536438,0.20286475121974945,220.30609130859375,0.1295398324728012
sample_00057,4,16,block_out,0.872660219669342,0.4899308979511261,644.7164916992188,0.595093309879303
sample_00057,4,1,block_out,0.9981874823570251,0.06721470504999161,21.978515625,0.003845175029709935
sample_00057,4,23,block_out,0.7722299695014954,0.6441876292228699,868.4306030273438,1.1297221183776855
sample_00057,4,27,block_out,0.8385324478149414,0.5478291511535645,1002.255859375,1.6950201988220215
sample_00057,4,31,block_out,0.8523515462875366,0.5535913705825806,467.8267822265625,3.181802749633789
sample_00057,4,8,block_out,0.9777499437332153,0.21286752820014954,221.19140625,0.1297140270471573
sample_00057,63,16,block_out,0.8695042729377747,0.49565982818603516,605.6513671875,0.5800700783729553
sample_00057,63,1,block_out,0.9985060691833496,0.06071818619966507,25.83233642578125,0.002914968878030777
sample_00057,63,23,block_out,0.7692111134529114,0.6480820775032043,962.3021240234375,1.1266882419586182
sample_00057,63,27,block_out,0.8344894051551819,0.5551048517227173,1141.7303466796875,1.6971535682678223
sample_00057,63,31,block_out,0.822962760925293,0.5940577387809753,630.2928466796875,3.083418369293213
sample_00057,63,8,block_out,0.9879355430603027,0.15779444575309753,111.81693267822266,0.1285308599472046
sample_00058,0,16,block_out,0.9119662046432495,0.4108445942401886,236.2333984375,0.5917319655418396
sample_00058,0,1,block_out,1.0004633665084839,0.0005299392505548894,0.037109375,0.00017174414824694395
sample_00058,0,23,block_out,0.8174984455108643,0.5817606449127197,377.27978515625,1.0953328609466553
sample_00058,0,27,block_out,0.8682194352149963,0.49801477789878845,435.76513671875,1.6051406860351562
sample_00058,0,31,block_out,0.8762936592102051,0.5040408372879028,473.05615234375,2.958653688430786
sample_00058,0,8,block_out,0.991732656955719,0.132162943482399,3.85296630859375,0.12405755370855331
sample_00058,16,16,block_out,0.8689233064651489,0.49678823351860046,661.09619140625,0.5979347825050354
sample_00058,16,1,block_out,0.9985281825065613,0.06169610098004341,21.53271484375,0.003373342100530863
sample_00058,16,23,block_out,0.7788949012756348,0.6344882249832153,873.3568115234375,1.1118375062942505
sample_00058,16,27,block_out,0.8454219102859497,0.5371776819229126,1011.2373046875,1.6480177640914917
sample_00058,16,31,block_out,0.8540054559707642,0.543694019317627,505.125244140625,3.0730440616607666
sample_00058,16,8,block_out,0.9769363403320312,0.21666203439235687,231.3173828125,0.12996385991573334
sample_00058,32,16,block_out,0.8678562641143799,0.49885934591293335,667.415771484375,0.5976780652999878
sample_00058,32,1,block_out,0.9987268447875977,0.05770323425531387,20.947265625,0.0031279283575713634
sample_00058,32,23,block_out,0.7733173370361328,0.6418139338493347,899.77001953125,1.126147985458374
sample_00058,32,27,block_out,0.835716724395752,0.5526553988456726,1041.0794677734375,1.7056831121444702
sample_00058,32,31,block_out,0.8319417834281921,0.5854446291923523,488.2948913574219,3.1988096237182617
sample_00058,32,8,block_out,0.9790043830871582,0.20686455070972443,218.6741943359375,0.12980400025844574
sample_00058,4,16,block_out,0.8713507652282715,0.49251148104667664,650.2706298828125,0.599120020866394
sample_00058,4,1,block_out,0.9981990456581116,0.06718090921640396,21.9755859375,0.003847220679745078
sample_00058,4,23,block_out,0.7754584550857544,0.6401512026786804,873.7227783203125,1.1161038875579834
sample_00058,4,27,block_out,0.8436883091926575,0.5403051972389221,1012.84326171875,1.657220482826233
sample_00058,4,31,block_out,0.8579303622245789,0.540860652923584,467.927734375,3.109035015106201
sample_00058,4,8,block_out,0.9766509532928467,0.2180168479681015,230.49267578125,0.13016436994075775
sample_00058,63,16,block_out,0.8648316264152527,0.504142165184021,635.975830078125,0.581236720085144
sample_00058,63,1,block_out,0.9990823268890381,0.0501919724047184,25.40277099609375,0.0024859437253326178
sample_00058,63,23,block_out,0.7704229354858398,0.647925615310669,968.93603515625,1.1130856275558472
sample_00058,63,27,block_out,0.8382773995399475,0.5501060485839844,1147.96923828125,1.6565388441085815
sample_00058,63,31,block_out,0.8168680667877197,0.5992469787597656,618.85205078125,3.0037357807159424
sample_00058,63,8,block_out,0.9863510131835938,0.16750980913639069,139.74615478515625,0.12970070540905
sample_00059,0,16,block_out,0.9111055135726929,0.41277316212654114,233.8623046875,0.591101348400116
sample_00059,0,1,block_out,1.0004626512527466,0.0005341211217455566,0.037109375,0.00017256052524317056
sample_00059,0,23,block_out,0.8139418363571167,0.5871948599815369,372.43408203125,1.098598599433899
sample_00059,0,27,block_out,0.8697370290756226,0.49492913484573364,429.388671875,1.6007126569747925
sample_00059,0,31,block_out,0.8740251660346985,0.508496880531311,465.294921875,2.9910130500793457
sample_00059,0,8,block_out,0.991962730884552,0.13053956627845764,3.436187744140625,0.12223558872938156
sample_00059,16,16,block_out,0.8697300553321838,0.4956609010696411,630.8623046875,0.596039354801178
sample_00059,16,1,block_out,0.9985393285751343,0.06143684312701225,21.4287109375,0.00335686095058918
sample_00059,16,23,block_out,0.7672024965286255,0.6506900787353516,840.63134765625,1.1365351676940918
sample_00059,16,27,block_out,0.8363697528839111,0.5519514083862305,972.5838623046875,1.6949875354766846
sample_00059,16,31,block_out,0.8454410433769226,0.5627368092536926,578.5433349609375,3.186370372772217
sample_00059,16,8,block_out,0.9781258702278137,0.2111649364233017,229.011962890625,0.1283223181962967
sample_00059,32,16,block_out,0.8696481585502625,0.4957806468009949,640.0743408203125,0.5960293412208557
sample_00059,32,1,block_out,0.9987008571624756,0.05822501704096794,20.8447265625,0.0031230533495545387
sample_00059,32,23,block_out,0.7654905319213867,0.6527232527732849,877.8963623046875,1.1516857147216797
sample_00059,32,27,block_out,0.8293774127960205,0.5626305937767029,1018.063232421875,1.7423028945922852
sample_00059,32,31,block_out,0.8286290764808655,0.5939860343933105,490.027587890625,3.2804179191589355
sample_00059,32,8,block_out,0.9819043874740601,0.19272902607917786,176.1925048828125,0.1285700500011444
sample_00059,4,16,block_out,0.870311975479126,0.49457186460494995,654.62451171875,0.5972880125045776
sample_00059,4,1,block_out,0.998242974281311,0.06647777557373047,21.833984375,0.003807995468378067
sample_00059,4,23,block_out,0.7655941247940063,0.6535719037055969,887.5577392578125,1.132961392402649
sample_00059,4,27,block_out,0.8395553827285767,0.5464547276496887,1033.0333251953125,1.6838127374649048
sample_00059,4,31,block_out,0.8579736948013306,0.5415380597114563,458.182861328125,3.144164562225342
sample_00059,4,8,block_out,0.9776951670646667,0.21330435574054718,225.6875,0.12813004851341248
sample_00059,63,16,block_out,0.8691649436950684,0.49639806151390076,617.8924560546875,0.5863049030303955
sample_00059,63,1,block_out,0.9990862607955933,0.05007253214716911,25.387939453125,0.0024736537598073483
sample_00059,63,23,block_out,0.7706360816955566,0.6474912166595459,963.65966796875,1.1344166994094849
sample_00059,63,27,block_out,0.8353403806686401,0.555185854434967,1141.70654296875,1.6887019872665405
sample_00059,63,31,block_out,0.8183139562606812,0.5988943576812744,623.47216796875,3.062509059906006
sample_00059,63,8,block_out,0.9860389232635498,0.16941025853157043,143.32357788085938,0.13022145628929138
sample_00060,0,16,block_out,0.9069430232048035,0.4217013120651245,249.720458984375,0.5840067863464355
sample_00060,0,1,block_out,1.0004299879074097,0.0005050847539678216,0.0302734375,0.0001664856681600213
sample_00060,0,23,block_out,0.7935452461242676,0.6191921830177307,428.513916015625,1.1443908214569092
sample_00060,0,27,block_out,0.8484755754470825,0.5319088697433472,503.952392578125,1.6900147199630737
sample_00060,0,31,block_out,0.8708589673042297,0.5106422305107117,516.407470703125,3.131617784500122
sample_00060,0,8,block_out,0.9927312731742859,0.12318592518568039,2.9316253662109375,0.11250041425228119
sample_00060,16,16,block_out,0.9063154458999634,0.4229789078235626,241.29302978515625,0.5794169306755066
sample_00060,16,1,block_out,1.00038480758667,0.000519903376698494,0.0361328125,0.00017108814790844917
sample_00060,16,23,block_out,0.7880740165710449,0.6229969263076782,430.00836181640625,1.1504186391830444
sample_00060,16,27,block_out,0.8402597308158875,0.5456361770629883,510.75439453125,1.7338505983352661
sample_00060,16,31,block_out,0.8598714470863342,0.5332424640655518,517.15673828125,3.167454481124878
sample_00060,16,8,block_out,0.9928110837936401,0.12247827649116516,3.2490234375,0.11263532191514969
sample_00060,32,16,block_out,0.9087975025177002,0.4176260828971863,264.4830322265625,0.5755953192710876
sample_00060,32,1,block_out,1.0003547668457031,0.0005082407151348889,0.0390625,0.0001690729259280488
sample_00060,32,23,block_out,0.7910522818565369,0.6189817786216736,450.2857666015625,1.1701029539108276
sample_00060,32,27,block_out,0.838992178440094,0.5474886894226074,526.4801025390625,1.7729862928390503
sample_00060,32,31,block_out,0.850183367729187,0.5469496846199036,542.3394775390625,3.232266426086426
sample_00060,32,8,block_out,0.9927077293395996,0.12328354269266129,3.909912109375,0.11396931111812592
sample_00060,4,16,block_out,0.9056096076965332,0.4245049059391022,239.1875,0.5814763307571411
sample_00060,4,1,block_out,1.0004154443740845,0.0005087896133773029,0.03515625,0.00016935977328103036
sample_00060,4,23,block_out,0.7884095311164856,0.6236834526062012,415.982421875,1.1527752876281738
sample_00060,4,27,block_out,0.8456187844276428,0.5364874601364136,492.4296875,1.7027229070663452
sample_00060,4,31,block_out,0.8715149164199829,0.5087758898735046,501.26953125,3.098341941833496
sample_00060,4,8,block_out,0.9929112195968628,0.12164885550737381,3.2431640625,0.11175709962844849
sample_00060,63,16,block_out,0.9143099188804626,0.4056195020675659,273.60235595703125,0.5518754720687866
sample_00060,63,1,block_out,0.9991520047187805,0.04823238030076027,22.8485107421875,0.0020011714659631252
sample_00060,63,23,block_out,0.8097162246704102,0.5933849811553955,440.267333984375,1.1423014402389526
sample_00060,63,27,block_out,0.8479055166244507,0.5326662063598633,507.12744140625,1.72562837600708
sample_00060,63,31,block_out,0.8313477039337158,0.5722752213478088,555.910400390625,3.1887149810791016
sample_00060,63,8,block_out,0.9920703768730164,0.1282280683517456,20.64453125,0.11595263332128525
sample_00061,0,16,block_out,0.9049992561340332,0.42580604553222656,227.0218505859375,0.5899268388748169
sample_00061,0,1,block_out,1.0004585981369019,0.0005089480546303093,0.033203125,0.00016492108989041299
sample_00061,0,23,block_out,0.784325897693634,0.6301953792572021,427.0487060546875,1.1598762273788452
sample_00061,0,27,block_out,0.8397505283355713,0.5463075041770935,512.3905029296875,1.7293496131896973
sample_00061,0,31,block_out,0.8644522428512573,0.5286230444908142,503.8787841796875,3.178276300430298
sample_00061,0,8,block_out,0.9939203858375549,0.1132437065243721,2.5396766662597656,0.10501527041196823
sample_00061,16,16,block_out,0.8933821320533752,0.45001667737960815,222.761962890625,0.6214425563812256
sample_00061,16,1,block_out,0.9930931925773621,0.12097643315792084,26.0810546875,0.013745718635618687
sample_00061,16,23,block_out,0.7680274844169617,0.6531485319137573,424.388916015625,1.2212735414505005
sample_00061,16,27,block_out,0.8126720786094666,0.5890392065048218,509.221923828125,1.9003316164016724
sample_00061,16,31,block_out,0.8056964874267578,0.635209321975708,986.7922973632812,3.6927967071533203
sample_00061,16,8,block_out,0.9858435392379761,0.17033177614212036,105.98291015625,0.1263088434934616
sample_00061,32,16,block_out,0.8357584476470947,0.5549494624137878,545.41650390625,0.6420947909355164
sample_00061,32,1,block_out,0.9876482486724854,0.1595994234085083,24.9111328125,0.024849338456988335
sample_00061,32,23,block_out,0.6780286431312561,0.7640767693519592,925.9398193359375,1.2813234329223633
sample_00061,32,27,block_out,0.7333359122276306,0.6974642276763916,1101.24560546875,2.105344533920288
sample_00061,32,31,block_out,0.7173396348953247,0.7584224343299866,1009.92919921875,4.215365886688232
sample_00061,32,8,block_out,0.9743559956550598,0.2302476018667221,204.9267578125,0.146494060754776
sample_00061,4,16,block_out,0.8972442746162415,0.44192883372306824,248.3682861328125,0.6106515526771545
sample_00061,4,1,block_out,0.9984575510025024,0.06303826719522476,20.42724609375,0.004300917033106089
sample_00061,4,23,block_out,0.7751532196998596,0.6431649327278137,446.38006591796875,1.1972661018371582
sample_00061,4,27,block_out,0.8264351487159729,0.5670850276947021,533.4035034179688,1.8231620788574219
sample_00061,4,31,block_out,0.8432967662811279,0.569419264793396,522.4347534179688,3.401762008666992
sample_00061,4,8,block_out,0.9905017614364624,0.14011110365390778,95.23193359375,0.11428049951791763
sample_00061,63,16,block_out,0.8265838623046875,0.5705475807189941,562.8116455078125,0.6404746770858765
sample_00061,63,1,block_out,0.9770421981811523,0.21571111679077148,23.470703125,0.03981690853834152
sample_00061,63,23,block_out,0.6864374279975891,0.7561268210411072,933.7998046875,1.275902509689331
sample_00061,63,27,block_out,0.7482523918151855,0.6778470277786255,1112.63427734375,2.0135388374328613
sample_00061,63,31,block_out,0.7107148766517639,0.7414319515228271,706.245361328125,3.9466238021850586
sample_00061,63,8,block_out,0.9688460826873779,0.2554987967014313,233.6304931640625,0.15859712660312653
sample_00062,0,16,block_out,0.908580482006073,0.4181693494319916,269.0316162109375,0.5793219208717346
sample_00062,0,1,block_out,1.000438928604126,0.0005142947193235159,0.029296875,0.00016573283937759697
sample_00062,0,23,block_out,0.7963813543319702,0.6142134070396423,459.4676513671875,1.1411333084106445
sample_00062,0,27,block_out,0.8506014943122864,0.5288318991661072,537.0662841796875,1.6826876401901245
sample_00062,0,31,block_out,0.8714777231216431,0.5151269435882568,562.4901123046875,3.0952348709106445
sample_00062,0,8,block_out,0.9935122132301331,0.11674091219902039,2.2200927734375,0.10823040455579758
sample_00062,16,16,block_out,0.8701735734939575,0.4947304129600525,539.568603515625,0.5848868489265442
sample_00062,16,1,block_out,0.9984725713729858,0.06205746904015541,20.49560546875,0.003915904555469751
sample_00062,16,23,block_out,0.7605591416358948,0.6611074805259705,672.797119140625,1.1734572649002075
sample_00062,16,27,block_out,0.8278424739837646,0.5654052495956421,767.529541015625,1.771504282951355
sample_00062,16,31,block_out,0.8551298975944519,0.5466676950454712,500.5595703125,3.218235731124878
sample_00062,16,8,block_out,0.9765049815177917,0.21788354218006134,213.8740234375,0.11448673158884048
sample_00062,32,16,block_out,0.869498610496521,0.49616581201553345,563.980224609375,0.5814339518547058
sample_00062,32,1,block_out,0.9986339807510376,0.05881975218653679,19.90185546875,0.0036489975173026323
sample_00062,32,23,block_out,0.7571824193000793,0.6641883254051208,709.064208984375,1.1886928081512451
sample_00062,32,27,block_out,0.8213343620300293,0.574577271938324,809.447021484375,1.7981371879577637
sample_00062,32,31,block_out,0.8468611836433411,0.5653709769248962,517.662353515625,3.291384696960449
sample_00062,32,8,block_out,0.9769898653030396,0.215578094124794,219.399169921875,0.11532790213823318
sample_00062,4,16,block_out,0.869694709777832,0.49560579657554626,543.7001953125,0.5867623090744019
sample_00062,4,1,block_out,0.998175859451294,0.06707210838794708,20.91552734375,0.0044423118233680725
sample_00062,4,23,block_out,0.7583439350128174,0.6644009351730347,681.431640625,1.1710271835327148
sample_00062,4,27,block_out,0.8298768997192383,0.5619855523109436,779.48046875,1.7493976354599
sample_00062,4,31,block_out,0.8595446944236755,0.5395282506942749,518.8739013671875,3.181175947189331
sample_00062,4,8,block_out,0.9759756922721863,0.2203720510005951,216.38330078125,0.11526624113321304
sample_00062,63,16,block_out,0.86045241355896,0.5112683176994324,444.81640625,0.5680166482925415
sample_00062,63,1,block_out,0.9994260668754578,0.04242625832557678,26.132568359375,0.0018393121426925063
sample_00062,63,23,block_out,0.735346257686615,0.6933566331863403,738.4122314453125,1.1882435083389282
sample_00062,63,27,block_out,0.808465838432312,0.5944307446479797,885.0211181640625,1.7686493396759033
sample_00062,63,31,block_out,0.8223615288734436,0.5958073139190674,605.77392578125,3.1824429035186768
sample_00062,63,8,block_out,0.9841739535331726,0.17906035482883453,167.60009765625,0.11802072077989578
sample_00063,0,16,block_out,0.909329354763031,0.4164978265762329,253.74932861328125,0.5804282426834106
sample_00063,0,1,block_out,1.0004383325576782,0.0005137177649885416,0.0341796875,0.00016981340013444424
sample_00063,0,23,block_out,0.7974334955215454,0.6132640838623047,444.82818603515625,1.1417970657348633
sample_00063,0,27,block_out,0.8605941534042358,0.5112659931182861,526.658203125,1.6644872426986694
sample_00063,0,31,block_out,0.8817107677459717,0.4905886650085449,540.189453125,3.016737461090088
sample_00063,0,8,block_out,0.993901252746582,0.1135251596570015,2.35955810546875,0.10601116716861725
sample_00063,16,16,block_out,0.9043267369270325,0.42720770835876465,248.010498046875,0.6006094217300415
sample_00063,16,1,block_out,0.9974761009216309,0.07663790881633759,18.20068359375,0.00743540795519948
sample_00063,16,23,block_out,0.7961559295654297,0.6137065291404724,433.939208984375,1.1652952432632446
sample_00063,16,27,block_out,0.855711817741394,0.5194558501243591,514.8916015625,1.7025574445724487
sample_00063,16,31,block_out,0.8734043836593628,0.5097730755805969,525.1083984375,3.0203514099121094
sample_00063,16,8,block_out,0.9904481768608093,0.1406860053539276,32.2841796875,0.12189377099275589
sample_00063,32,16,block_out,0.8575366735458374,0.5171076655387878,609.7003173828125,0.5931153297424316
sample_00063,32,1,block_out,0.9992468357086182,0.047783203423023224,17.01953125,0.003614483866840601
sample_00063,32,23,block_out,0.7336516380310059,0.6997052431106567,973.607421875,1.1635379791259766
sample_00063,32,27,block_out,0.8207871317863464,0.5763037800788879,1153.59521484375,1.7143667936325073
sample_00063,32,31,block_out,0.8605146408081055,0.5315271019935608,632.38427734375,3.0786192417144775
sample_00063,32,8,block_out,0.9846850037574768,0.1771208643913269,200.98095703125,0.11537212878465652
sample_00063,4,16,block_out,0.9097921252250671,0.41546180844306946,238.23785400390625,0.5816910862922668
sample_00063,4,1,block_out,1.0000813007354736,0.026532413437962532,4.65380859375,0.00143146188929677
sample_00063,4,23,block_out,0.8031615018844604,0.6047157049179077,431.62359619140625,1.129586100578308
sample_00063,4,27,block_out,0.8612116575241089,0.5096752047538757,518.7691040039062,1.6770671606063843
sample_00063,4,31,block_out,0.8793598413467407,0.49606165289878845,519.60302734375,2.9907426834106445
sample_00063,4,8,block_out,0.9936621785163879,0.11560443788766861,4.4978179931640625,0.10779823362827301
sample_00063,63,16,block_out,0.9028893709182739,0.4302259683609009,244.149169921875,0.6003659963607788
sample_00063,63,1,block_out,0.9942736625671387,0.1101716086268425,7.853515625,0.012338855303823948
sample_00063,63,23,block_out,0.7901763916015625,0.6209511160850525,444.968994140625,1.22614586353302
sample_00063,63,27,block_out,0.8281532526016235,0.5636513233184814,529.167236328125,1.8517483472824097
sample_00063,63,31,block_out,0.8103830814361572,0.6132723093032837,603.1771850585938,3.2329156398773193
sample_00063,63,8,block_out,0.9885432720184326,0.15344572067260742,18.419189453125,0.12798048555850983
sample_00064,0,16,block_out,0.906525194644928,0.42264220118522644,270.5482177734375,0.5772452354431152
sample_00064,0,1,block_out,1.0004655122756958,0.0005163447349332273,0.03515625,0.00016345613403245807
sample_00064,0,23,block_out,0.7862154245376587,0.6284103393554688,445.7833251953125,1.1411468982696533
sample_00064,0,27,block_out,0.839941143989563,0.5469568371772766,521.1441650390625,1.7050343751907349
sample_00064,0,31,block_out,0.8608391284942627,0.5399098992347717,549.0269775390625,3.2003283500671387
sample_00064,0,8,block_out,0.9936148524284363,0.1160799041390419,3.31622314453125,0.10745345801115036
sample_00064,16,16,block_out,0.8457522392272949,0.536945104598999,579.886962890625,0.6334572434425354
sample_00064,16,1,block_out,0.98872971534729,0.15264089405536652,20.71923828125,0.019778674468398094
sample_00064,16,23,block_out,0.7154456973075867,0.7183037996292114,734.701416015625,1.2415238618850708
sample_00064,16,27,block_out,0.7716593742370605,0.6473333239555359,873.967041015625,1.9533501863479614
sample_00064,16,31,block_out,0.7860163450241089,0.655335009098053,598.2423095703125,3.7453384399414062
sample_00064,16,8,block_out,0.9699078798294067,0.24800170958042145,218.8173828125,0.140180766582489
sample_00064,32,16,block_out,0.8406221270561218,0.5459690093994141,542.57470703125,0.6409428119659424
sample_00064,32,1,block_out,0.9809095859527588,0.196551114320755,20.205078125,0.029625456780195236
sample_00064,32,23,block_out,0.7076427936553955,0.727851152420044,657.0361328125,1.2586945295333862
sample_00064,32,27,block_out,0.7576895356178284,0.6682748198509216,701.0732421875,2.0179033279418945
sample_00064,32,31,block_out,0.7562741041183472,0.7117075324058533,672.01220703125,3.920210838317871
sample_00064,32,8,block_out,0.9653089046478271,0.2669128179550171,217.2021484375,0.15167193114757538
sample_00064,4,16,block_out,0.8636144399642944,0.5060043931007385,546.257080078125,0.599337637424469
sample_00064,4,1,block_out,0.9967185258865356,0.08643960952758789,21.09228515625,0.007191531825810671
sample_00064,4,23,block_out,0.7472003698348999,0.6772946119308472,675.539306640625,1.1651318073272705
sample_00064,4,27,block_out,0.81112140417099,0.59202641248703,801.652587890625,1.8009552955627441
sample_00064,4,31,block_out,0.8220966458320618,0.6073076128959656,569.664306640625,3.4371838569641113
sample_00064,4,8,block_out,0.9763046503067017,0.21927881240844727,216.03369140625,0.12056861817836761
sample_00064,63,16,block_out,0.846656084060669,0.5393438339233398,438.510986328125,0.6339067220687866
sample_00064,63,1,block_out,0.9778743982315063,0.2112942337989807,27.8841552734375,0.04008122533559799
sample_00064,63,23,block_out,0.7141664624214172,0.7291540503501892,682.603271484375,1.2652291059494019
sample_00064,63,27,block_out,0.7616389989852905,0.6709470748901367,832.63037109375,1.9751228094100952
sample_00064,63,31,block_out,0.7123546600341797,0.7533787488937378,901.8541259765625,3.793910503387451
sample_00064,63,8,block_out,0.9720267057418823,0.24074360728263855,150.690673828125,0.15626803040504456
sample_00065,0,16,block_out,0.917360782623291,0.39876243472099304,262.85791015625,0.5562976002693176
sample_00065,0,1,block_out,1.0005987882614136,0.0005437340005300939,0.048828125,0.00017764067160896957
sample_00065,0,23,block_out,0.8077707886695862,0.5966253876686096,395.86376953125,1.1025358438491821
sample_00065,0,27,block_out,0.8452975749969482,0.5383381843566895,453.4453125,1.6934151649475098
sample_00065,0,31,block_out,0.8406269550323486,0.57329922914505,486.15234375,3.2050514221191406
sample_00065,0,8,block_out,0.9933866858482361,0.11989543586969376,2.8984375,0.11554598808288574
sample_00065,16,16,block_out,0.8947845697402954,0.44769787788391113,382.18701171875,0.5639356374740601
sample_00065,16,1,block_out,0.9990893602371216,0.054143473505973816,21.55078125,0.0027651216369122267
sample_00065,16,23,block_out,0.7856572866439819,0.6262525916099548,668.2734375,1.1234354972839355
sample_00065,16,27,block_out,0.8298564553260803,0.5636151432991028,805.388671875,1.7372260093688965
sample_00065,16,31,block_out,0.8129066824913025,0.6247053146362305,729.8896484375,3.3640151023864746
sample_00065,16,8,block_out,0.9907065629959106,0.14058947563171387,117.493408203125,0.11916421353816986
sample_00065,32,16,block_out,0.9134840369224548,0.4076146185398102,241.11962890625,0.5627268552780151
sample_00065,32,1,block_out,0.9991859793663025,0.05191630870103836,21.025390625,0.0026075050700455904
sample_00065,32,23,block_out,0.8065131306648254,0.5965554118156433,383.9044189453125,1.1274137496948242
sample_00065,32,27,block_out,0.8394678831100464,0.5470987558364868,442.4449462890625,1.7376617193222046
sample_00065,32,31,block_out,0.8098807334899902,0.6297520995140076,507.1739196777344,3.327307939529419
sample_00065,32,8,block_out,0.9919015765190125,0.1315956860780716,82.29150390625,0.11930656433105469
sample_00065,4,16,block_out,0.8989769816398621,0.4390164315700531,398.45166015625,0.5633706450462341
sample_00065,4,1,block_out,0.9988928437232971,0.05818944424390793,22.0,0.003129462944343686
sample_00065,4,23,block_out,0.7890786528587341,0.621951162815094,497.14697265625,1.1331225633621216
sample_00065,4,27,block_out,0.8274023532867432,0.5675753951072693,593.3984375,1.7764297723770142
sample_00065,4,31,block_out,0.8123462200164795,0.6304870247840881,606.9541015625,3.467752456665039
sample_00065,4,8,block_out,0.9907301664352417,0.14037436246871948,94.53662109375,0.1198674738407135
sample_00065,63,16,block_out,0.9225460290908813,0.3866531550884247,248.0841064453125,0.5281413197517395
sample_00065,63,1,block_out,0.9998955130577087,0.03526914119720459,25.2510986328125,0.0013690819032490253
sample_00065,63,23,block_out,0.8302825689315796,0.5607726573944092,389.3350830078125,1.0832886695861816
sample_00065,63,27,block_out,0.8632534146308899,0.5068566203117371,446.1754150390625,1.6314094066619873
sample_00065,63,31,block_out,0.8231762051582336,0.5972415208816528,482.9761962890625,2.9959261417388916
sample_00065,63,8,block_out,0.9933189153671265,0.12033719569444656,10.2733154296875,0.11669177561998367
sample_00066,0,16,block_out,0.9170333743095398,0.3995473384857178,209.42919921875,0.5629908442497253
sample_00066,0,1,block_out,1.0005818605422974,0.0005445486167445779,0.04296875,0.00017635515541769564
sample_00066,0,23,block_out,0.805406928062439,0.6020048260688782,364.548095703125,1.1175779104232788
sample_00066,0,27,block_out,0.8355487585067749,0.5549591183662415,425.528564453125,1.727893590927124
sample_00066,0,31,block_out,0.8322131633758545,0.5893267393112183,460.544189453125,3.3064286708831787
sample_00066,0,8,block_out,0.9934951663017273,0.11905055493116379,2.078216552734375,0.11398480087518692
sample_00066,16,16,block_out,0.8992084860801697,0.43916475772857666,485.78515625,0.5677768588066101
sample_00066,16,1,block_out,0.9990276098251343,0.05513233691453934,21.845703125,0.0027697996702045202
sample_00066,16,23,block_out,0.7928913831710815,0.6192064881324768,616.11328125,1.1273081302642822
sample_00066,16,27,block_out,0.8343037366867065,0.5555766224861145,719.28515625,1.7256519794464111
sample_00066,16,31,block_out,0.8324308395385742,0.5914201140403748,516.60302734375,3.2500689029693604
sample_00066,16,8,block_out,0.9863883852958679,0.1683858335018158,183.59521484375,0.11823204159736633
sample_00066,32,16,block_out,0.8981776237487793,0.44125351309776306,504.1292724609375,0.5683108568191528
sample_00066,32,1,block_out,0.9991230964660645,0.05291550233960152,21.3828125,0.0026224604807794094
sample_00066,32,23,block_out,0.789779007434845,0.6228558421134949,650.0633544921875,1.141655683517456
sample_00066,32,27,block_out,0.8303645849227905,0.5607923865318298,753.7537841796875,1.7466484308242798
sample_00066,32,31,block_out,0.821997344493866,0.6121023297309875,533.435302734375,3.2890427112579346
sample_00066,32,8,block_out,0.9865232706069946,0.16747328639030457,192.3065185546875,0.11843687295913696
sample_00066,4,16,block_out,0.9088606834411621,0.41795817017555237,308.2274169921875,0.5678785443305969
sample_00066,4,1,block_out,0.9987953901290894,0.059635452926158905,22.2734375,0.003190638730302453
sample_00066,4,23,block_out,0.7948452234268188,0.6152777075767517,359.158447265625,1.1588852405548096
sample_00066,4,27,block_out,0.8202117681503296,0.5774568319320679,422.624755859375,1.8310705423355103
sample_00066,4,31,block_out,0.8078650236129761,0.6377042531967163,460.527587890625,3.556204319000244
sample_00066,4,8,block_out,0.9855018854141235,0.17367923259735107,188.85205078125,0.11869639158248901
sample_00066,63,16,block_out,0.9221733212471008,0.387508362531662,224.73394775390625,0.5289210081100464
sample_00066,63,1,block_out,0.9997560977935791,0.038646575063467026,20.3310546875,0.0017667842330411077
sample_00066,63,23,block_out,0.831771731376648,0.5589969754219055,371.05810546875,1.0954549312591553
sample_00066,63,27,block_out,0.8685150146484375,0.49696311354637146,430.9921875,1.6113604307174683
sample_00066,63,31,block_out,0.831986129283905,0.5802069902420044,454.68310546875,2.885132312774658
sample_00066,63,8,block_out,0.9911854267120361,0.1368943750858307,121.8072509765625,0.1162630096077919
sample_00067,0,16,block_out,0.9166409373283386,0.40044358372688293,246.4002685546875,0.5572234392166138
sample_00067,0,1,block_out,1.0006076097488403,0.0005436011706478894,0.04248046875,0.00017841107910498977
sample_00067,0,23,block_out,0.8056380748748779,0.5987354516983032,372.16009521484375,1.1116434335708618
sample_00067,0,27,block_out,0.8494340181350708,0.5302014350891113,427.775146484375,1.676726222038269
sample_00067,0,31,block_out,0.8569347858428955,0.5434987545013428,458.00634765625,3.0896427631378174
sample_00067,0,8,block_out,0.9936410188674927,0.11787290871143341,2.115478515625,0.11335956305265427
sample_00067,16,16,block_out,0.8708911538124084,0.4937572181224823,564.755859375,0.6149650812149048
sample_00067,16,1,block_out,0.9932060241699219,0.12128114700317383,25.845703125,0.01150241307914257
sample_00067,16,23,block_out,0.7464357018470764,0.6796651482582092,729.019775390625,1.2246006727218628
sample_00067,16,27,block_out,0.7871747612953186,0.623812198638916,881.472412109375,1.9265236854553223
sample_00067,16,31,block_out,0.7520409226417542,0.7119143009185791,563.332763671875,3.782139301300049
sample_00067,16,8,block_out,0.9846599102020264,0.17907419800758362,204.08030700683594,0.13290821015834808
sample_00067,32,16,block_out,0.8625549077987671,0.5099148154258728,619.3212890625,0.6347038745880127
sample_00067,32,1,block_out,0.9860967397689819,0.16953596472740173,24.701171875,0.020228926092386246
sample_00067,32,23,block_out,0.7319514155387878,0.7002866268157959,947.6416015625,1.2497739791870117
sample_00067,32,27,block_out,0.7716705203056335,0.6456250548362732,1126.57666015625,1.9762042760849
sample_00067,32,31,block_out,0.7244436740875244,0.7423574924468994,539.133544921875,3.8776371479034424
sample_00067,32,8,block_out,0.9825676083564758,0.19120387732982635,168.73385620117188,0.14446553587913513
sample_00067,4,16,block_out,0.8818706274032593,0.47345539927482605,480.875,0.572661817073822
sample_00067,4,1,block_out,0.9983301162719727,0.06732133775949478,22.677734375,0.004115159623324871
sample_00067,4,23,block_out,0.7551705837249756,0.6678339242935181,755.0849609375,1.164298176765442
sample_00067,4,27,block_out,0.8112329244613647,0.5906988978385925,907.9921875,1.8126314878463745
sample_00067,4,31,block_out,0.8081781268119812,0.6323040127754211,545.1649169921875,3.434283971786499
sample_00067,4,8,block_out,0.9918393492698669,0.13214075565338135,86.04638671875,0.11993806064128876
sample_00067,63,16,block_out,0.8584024310112,0.5188101530075073,668.3818359375,0.5810074806213379
sample_00067,63,1,block_out,0.9809751510620117,0.19699086248874664,22.6953125,0.030912119895219803
sample_00067,63,23,block_out,0.7530460357666016,0.6736518740653992,957.526123046875,1.1803253889083862
sample_00067,63,27,block_out,0.8014626502990723,0.6070610880851746,1149.444091796875,1.8024001121520996
sample_00067,63,31,block_out,0.7594141960144043,0.6972771883010864,495.314697265625,3.3376498222351074
sample_00067,63,8,block_out,0.9749544262886047,0.23070813715457916,147.035888671875,0.15193429589271545
sample_00068,0,16,block_out,0.9178839921951294,0.397718220949173,236.501953125,0.5489965677261353
sample_00068,0,1,block_out,1.0006521940231323,0.0005325877573341131,0.037109375,0.00017383926024194807
sample_00068,0,23,block_out,0.8085227608680725,0.5969067215919495,361.546875,1.105566382408142
sample_00068,0,27,block_out,0.8418644666671753,0.543979287147522,424.997314453125,1.7079336643218994
sample_00068,0,31,block_out,0.8417138457298279,0.5724464058876038,454.816650390625,3.2188937664031982
sample_00068,0,8,block_out,0.9937379360198975,0.11734729260206223,2.384613037109375,0.112638458609581
sample_00068,16,16,block_out,0.9128575325012207,0.4092428386211395,229.6591796875,0.5557402968406677
sample_00068,16,1,block_out,0.9988127946853638,0.06014322116971016,21.15625,0.0033493416849523783
sample_00068,16,23,block_out,0.806877613067627,0.5977491736412048,364.59228515625,1.1264526844024658
sample_00068,16,27,block_out,0.8422470092773438,0.5428274273872375,427.818603515625,1.718548059463501
sample_00068,16,31,block_out,0.8260718584060669,0.6018513441085815,469.5875244140625,3.2730772495269775
sample_00068,16,8,block_out,0.9910334348678589,0.13843248784542084,104.8837890625,0.11692552268505096
sample_00068,32,16,block_out,0.9018653035163879,0.43377622961997986,470.282958984375,0.5545321702957153
sample_00068,32,1,block_out,0.998934268951416,0.05774722993373871,20.6748046875,0.003145398572087288
sample_00068,32,23,block_out,0.7899898886680603,0.6225016713142395,589.1240234375,1.1373597383499146
sample_00068,32,27,block_out,0.83170086145401,0.5602666735649109,696.8955078125,1.7379200458526611
sample_00068,32,31,block_out,0.8209424018859863,0.610763669013977,463.821533203125,3.2677197456359863
sample_00068,32,8,block_out,0.9898232221603394,0.14687293767929077,146.322265625,0.11725963652133942
sample_00068,4,16,block_out,0.8976745009422302,0.4423344135284424,363.686279296875,0.5571789145469666
sample_00068,4,1,block_out,0.9985182285308838,0.06506218761205673,21.57421875,0.003886817255988717
sample_00068,4,23,block_out,0.7771942019462585,0.6406421661376953,688.6099243164062,1.140211820602417
sample_00068,4,27,block_out,0.8180168271064758,0.5813724994659424,862.96484375,1.7928680181503296
sample_00068,4,31,block_out,0.8022099733352661,0.6507756114006042,469.9256591796875,3.5532052516937256
sample_00068,4,8,block_out,0.9894828200340271,0.14941342175006866,137.69268798828125,0.11754116415977478
sample_00068,63,16,block_out,0.921751081943512,0.3886359632015228,228.86279296875,0.5348413586616516
sample_00068,63,1,block_out,0.9996275305747986,0.04370969161391258,25.6556396484375,0.0019115989562124014
sample_00068,63,23,block_out,0.8210592865943909,0.5767000317573547,361.11572265625,1.1334528923034668
sample_00068,63,27,block_out,0.8510904312133789,0.5293501019477844,418.1943359375,1.698452353477478
sample_00068,63,31,block_out,0.8142676949501038,0.6086767315864563,445.7001953125,3.0589828491210938
sample_00068,63,8,block_out,0.9934371113777161,0.11977353692054749,25.1351318359375,0.11481820791959763
sample_00069,0,16,block_out,0.9169557690620422,0.399726539850235,208.5908203125,0.5569611191749573
sample_00069,0,1,block_out,1.0006049871444702,0.0005393604515120387,0.03515625,0.00017426934209652245
sample_00069,0,23,block_out,0.8048595190048218,0.6019313931465149,358.33447265625,1.1122852563858032
sample_00069,0,27,block_out,0.8374360203742981,0.5491939783096313,421.32080078125,1.7231062650680542
sample_00069,0,31,block_out,0.8463435769081116,0.5549651384353638,445.49072265625,3.1708037853240967
sample_00069,0,8,block_out,0.9933173656463623,0.12049319595098495,2.06298828125,0.11598401516675949
sample_00069,16,16,block_out,0.910057008266449,0.41529950499534607,248.51806640625,0.5600458979606628
sample_00069,16,1,block_out,0.9990783929824829,0.05454101040959358,21.76953125,0.0027878964319825172
sample_00069,16,23,block_out,0.803805410861969,0.600899338722229,370.3165283203125,1.1254792213439941
sample_00069,16,27,block_out,0.8324940800666809,0.5579918622970581,431.4844970703125,1.7583770751953125
sample_00069,16,31,block_out,0.8197082281112671,0.6114943623542786,453.0958251953125,3.3076133728027344
sample_00069,16,8,block_out,0.9856417179107666,0.17276309430599213,189.37646484375,0.11963951587677002
sample_00069,32,16,block_out,0.9070586562156677,0.42207345366477966,388.240234375,0.5588904023170471
sample_00069,32,1,block_out,0.9992052316665649,0.051732566207647324,21.173828125,0.0026121544651687145
sample_00069,32,23,block_out,0.8034021258354187,0.6020368933677673,393.869384765625,1.129153847694397
sample_00069,32,27,block_out,0.8350052237510681,0.5540782809257507,458.754150390625,1.7490754127502441
sample_00069,32,31,block_out,0.8179917931556702,0.6161978840827942,484.843994140625,3.271617889404297
sample_00069,32,8,block_out,0.986444890499115,0.1679418832063675,189.779296875,0.11957728862762451
sample_00069,4,16,block_out,0.9090615510940552,0.4174834191799164,260.36676025390625,0.5622937679290771
sample_00069,4,1,block_out,0.9988803863525391,0.058475371450185776,22.2197265625,0.003120597917586565
sample_00069,4,23,block_out,0.7942988872528076,0.6147263050079346,384.131591796875,1.147189736366272
sample_00069,4,27,block_out,0.8237162828445435,0.5710027813911438,450.613037109375,1.8019757270812988
sample_00069,4,31,block_out,0.8210764527320862,0.6103598475456238,475.251708984375,3.3901596069335938
sample_00069,4,8,block_out,0.9850311875343323,0.17628289759159088,194.67822265625,0.12057515978813171
sample_00069,63,16,block_out,0.9226522445678711,0.38645610213279724,218.498046875,0.529690682888031
sample_00069,63,1,block_out,0.9998857378959656,0.035540226846933365,25.5062255859375,0.0013626712607219815
sample_00069,63,23,block_out,0.8296773433685303,0.5621710419654846,366.37939453125,1.0977110862731934
sample_00069,63,27,block_out,0.8633236885070801,0.5062828660011292,426.10888671875,1.629734992980957
sample_00069,63,31,block_out,0.8314977884292603,0.578216552734375,453.49853515625,2.924553394317627
sample_00069,63,8,block_out,0.9911844730377197,0.13680721819400787,115.6553955078125,0.11817511171102524
sample_00070,0,16,block_out,0.9179302453994751,0.39776620268821716,237.609619140625,0.558484673500061
sample_00070,0,1,block_out,1.0007116794586182,0.0005011692410334945,0.0341796875,0.00015512593381572515
sample_00070,0,23,block_out,0.798332691192627,0.6151860356330872,456.891845703125,1.1489899158477783
sample_00070,0,27,block_out,0.8586457967758179,0.5157914161682129,548.961181640625,1.6550534963607788
sample_00070,0,31,block_out,0.8691323399543762,0.5240483283996582,504.138916015625,3.0584776401519775
sample_00070,0,8,block_out,0.9947916865348816,0.10860250145196915,2.92529296875,0.10362198203802109
sample_00070,16,16,block_out,0.867088258266449,0.5027815103530884,627.460205078125,0.6094047427177429
sample_00070,16,1,block_out,0.9930326342582703,0.12364985048770905,25.78515625,0.012028507888317108
sample_00070,16,23,block_out,0.7205528020858765,0.7209759950637817,878.634033203125,1.2749481201171875
sample_00070,16,27,block_out,0.7785038352012634,0.6382791996002197,1067.142822265625,1.9765088558197021
sample_00070,16,31,block_out,0.7584136128425598,0.7113093137741089,591.8687744140625,3.8083367347717285
sample_00070,16,8,block_out,0.9790247082710266,0.2090483158826828,216.347900390625,0.12623929977416992
sample_00070,32,16,block_out,0.8608937859535217,0.5143842697143555,662.408935546875,0.6174786686897278
sample_00070,32,1,block_out,0.9895054697990417,0.14930398762226105,24.708984375,0.01865244470536709
sample_00070,32,23,block_out,0.7221240997314453,0.7191294431686401,893.064697265625,1.2795490026474
sample_00070,32,27,block_out,0.7802640199661255,0.6347362995147705,1073.057861328125,1.954932689666748
sample_00070,32,31,block_out,0.7633292078971863,0.7037138938903809,553.875,3.6924045085906982
sample_00070,32,8,block_out,0.9752060174942017,0.22784532606601715,212.806884765625,0.13521015644073486
sample_00070,4,16,block_out,0.8794153928756714,0.47937291860580444,576.625,0.5766088962554932
sample_00070,4,1,block_out,0.9981306791305542,0.07175999879837036,22.1767578125,0.0041785030625760555
sample_00070,4,23,block_out,0.7505680918693542,0.6816408634185791,738.923828125,1.1984233856201172
sample_00070,4,27,block_out,0.821812629699707,0.5760648250579834,848.4140625,1.7907434701919556
sample_00070,4,31,block_out,0.8022164106369019,0.6555071473121643,744.963623046875,3.475334644317627
sample_00070,4,8,block_out,0.9838390946388245,0.18335509300231934,207.4560546875,0.11166983097791672
sample_00070,63,16,block_out,0.8657699227333069,0.5063117146492004,559.3046875,0.5905428528785706
sample_00070,63,1,block_out,0.9822385311126709,0.1914745718240738,28.5081787109375,0.028188740834593773
sample_00070,63,23,block_out,0.7414453625679016,0.6969267129898071,939.8564453125,1.226021409034729
sample_00070,63,27,block_out,0.8095749616622925,0.5990529656410217,1113.1051025390625,1.8284201622009277
sample_00070,63,31,block_out,0.7757765054702759,0.6685218214988708,599.9918212890625,3.2739524841308594
sample_00070,63,8,block_out,0.9787696599960327,0.21154503524303436,213.10531616210938,0.138861283659935
sample_00071,0,16,block_out,0.9152202010154724,0.4038523733615875,245.331787109375,0.5649084448814392
sample_00071,0,1,block_out,1.0006409883499146,0.000505557400174439,0.0400390625,0.0001579986565047875
sample_00071,0,23,block_out,0.7982475161552429,0.6159235239028931,453.647216796875,1.1332144737243652
sample_00071,0,27,block_out,0.8533946871757507,0.5247039198875427,541.246337890625,1.6565487384796143
sample_00071,0,31,block_out,0.8626928925514221,0.5347577333450317,620.8406372070312,3.0916004180908203
sample_00071,0,8,block_out,0.9945114850997925,0.1108938604593277,3.1005859375,0.1051313728094101
sample_00071,16,16,block_out,0.8631061911582947,0.5100728273391724,634.437255859375,0.611033022403717
sample_00071,16,1,block_out,0.9935550093650818,0.11879424750804901,25.96484375,0.01205437071621418
sample_00071,16,23,block_out,0.7194185256958008,0.7228613495826721,867.0552978515625,1.255763292312622
sample_00071,16,27,block_out,0.77085942029953,0.6498659253120422,1033.7066650390625,1.9818164110183716
sample_00071,16,31,block_out,0.7460600137710571,0.7388299703598022,625.518310546875,3.9389069080352783
sample_00071,16,8,block_out,0.9805766940116882,0.20086044073104858,200.438232421875,0.12698325514793396
sample_00071,32,16,block_out,0.8592764139175415,0.5174007415771484,632.310791015625,0.6207382082939148
sample_00071,32,1,block_out,0.990022599697113,0.1453668773174286,24.8515625,0.01836935244500637
sample_00071,32,23,block_out,0.716169536113739,0.7276716828346252,851.99169921875,1.2670074701309204
sample_00071,32,27,block_out,0.766533374786377,0.6548866629600525,1031.85546875,1.976977825164795
sample_00071,32,31,block_out,0.7314856052398682,0.758220911026001,943.0537719726562,3.8751986026763916
sample_00071,32,8,block_out,0.975971519947052,0.22350218892097473,215.289306640625,0.13467401266098022
sample_00071,4,16,block_out,0.8746560215950012,0.48821592330932617,606.72900390625,0.5848206281661987
sample_00071,4,1,block_out,0.9979686141014099,0.07304584234952927,21.6376953125,0.004475560039281845
sample_00071,4,23,block_out,0.745392918586731,0.6890395283699036,804.151123046875,1.1919595003128052
sample_00071,4,27,block_out,0.8129277229309082,0.5903422236442566,923.354248046875,1.8046133518218994
sample_00071,4,31,block_out,0.8004380464553833,0.6572051644325256,784.32080078125,3.547887086868286
sample_00071,4,8,block_out,0.9837493300437927,0.18361704051494598,192.563720703125,0.11352238059043884
sample_00071,63,16,block_out,0.8538942933082581,0.527968168258667,653.6953125,0.6021779179573059
sample_00071,63,1,block_out,0.9816480278968811,0.19407804310321808,28.1461181640625,0.02960202656686306
sample_00071,63,23,block_out,0.7303367257118225,0.7108001112937927,995.21533203125,1.2298234701156616
sample_00071,63,27,block_out,0.7967309355735779,0.6155874133110046,1167.66162109375,1.8499020338058472
sample_00071,63,31,block_out,0.7522372007369995,0.7026994824409485,665.6759033203125,3.420423746109009
sample_00071,63,8,block_out,0.9776633977890015,0.21604274213314056,205.7562255859375,0.14138676226139069
sample_00072,0,16,block_out,0.9143747687339783,0.4059445261955261,244.54736328125,0.5728260278701782
sample_00072,0,1,block_out,1.000725507736206,0.0005039632087573409,0.0390625,0.0001555637427372858
sample_00072,0,23,block_out,0.798913300037384,0.6154482960700989,454.49169921875,1.1414226293563843
sample_00072,0,27,block_out,0.855414628982544,0.5208775401115417,542.86181640625,1.6608695983886719
sample_00072,0,31,block_out,0.8664568662643433,0.5314156413078308,535.94091796875,3.0916690826416016
sample_00072,0,8,block_out,0.9943966865539551,0.11228332668542862,2.487060546875,0.10579124093055725
sample_00072,16,16,block_out,0.8702971339225769,0.49668416380882263,630.187744140625,0.6009463667869568
sample_00072,16,1,block_out,0.9943872690200806,0.1122586652636528,25.94140625,0.010354025289416313
sample_00072,16,23,block_out,0.7414409518241882,0.6940644383430481,844.734130859375,1.2185583114624023
sample_00072,16,27,block_out,0.8085566163063049,0.5957700610160828,1004.060791015625,1.834062099456787
sample_00072,16,31,block_out,0.7878779768943787,0.6792826652526855,589.111083984375,3.5679986476898193
sample_00072,16,8,block_out,0.9793860912322998,0.2068040668964386,220.453857421875,0.12190338224172592
sample_00072,32,16,block_out,0.8615397214889526,0.5124321579933167,648.880615234375,0.625644326210022
sample_00072,32,1,block_out,0.990545392036438,0.14232498407363892,24.88671875,0.0170601774007082
sample_00072,32,23,block_out,0.7232352495193481,0.7167884707450867,865.5721435546875,1.2736725807189941
sample_00072,32,27,block_out,0.7768756151199341,0.6395207047462463,1050.1842041015625,1.9598467350006104
sample_00072,32,31,block_out,0.7451044321060181,0.7419703006744385,890.2160034179688,3.805475950241089
sample_00072,32,8,block_out,0.9749010801315308,0.2287435382604599,220.270263671875,0.1341354250907898
sample_00072,4,16,block_out,0.876320481300354,0.4853212535381317,588.1904296875,0.5915678143501282
sample_00072,4,1,block_out,0.9981451630592346,0.07171962410211563,22.212890625,0.004144551698118448
sample_00072,4,23,block_out,0.7513218522071838,0.6814524531364441,763.2900390625,1.1959216594696045
sample_00072,4,27,block_out,0.8201276659965515,0.578294575214386,877.5361328125,1.7891370058059692
sample_00072,4,31,block_out,0.8071975708007812,0.6502110362052917,770.6419067382812,3.4874210357666016
sample_00072,4,8,block_out,0.982913076877594,0.18847882747650146,215.087158203125,0.11376839876174927
sample_00072,63,16,block_out,0.8627706170082092,0.5119695663452148,582.62109375,0.5948302149772644
sample_00072,63,1,block_out,0.9826079607009888,0.18969248235225677,28.7523193359375,0.027391618117690086
sample_00072,63,23,block_out,0.739556610584259,0.6999664306640625,964.2493896484375,1.2295200824737549
sample_00072,63,27,block_out,0.808451235294342,0.6009900569915771,1146.1361083984375,1.8156214952468872
sample_00072,63,31,block_out,0.7809641361236572,0.6621427536010742,650.2843627929688,3.2702572345733643
sample_00072,63,8,block_out,0.9783546328544617,0.21308760344982147,214.2633056640625,0.13916628062725067
sample_00073,0,16,block_out,0.9144327044487,0.40543726086616516,246.61279296875,0.5684121251106262
sample_00073,0,1,block_out,1.0006150007247925,0.0005224240012466908,0.03515625,0.00016149297880474478
sample_00073,0,23,block_out,0.7954512238502502,0.62030428647995,456.10107421875,1.1473227739334106
sample_00073,0,27,block_out,0.8547302484512329,0.5224735736846924,544.4150390625,1.6435717344284058
sample_00073,0,31,block_out,0.8724547028541565,0.518279492855072,540.52734375,3.025806427001953
sample_00073,0,8,block_out,0.9946346282958984,0.10974675416946411,2.435546875,0.10459853708744049
sample_00073,16,16,block_out,0.8637418746948242,0.5081949830055237,615.04150390625,0.6125199794769287
sample_00073,16,1,block_out,0.992965817451477,0.12339670956134796,25.4287109375,0.012360223568975925
sample_00073,16,23,block_out,0.7234379649162292,0.7184180021286011,839.4644775390625,1.2555867433547974
sample_00073,16,27,block_out,0.781629741191864,0.6358820199966431,1018.9039306640625,1.9300413131713867
sample_00073,16,31,block_out,0.7582426071166992,0.7170013189315796,583.480224609375,3.802011013031006
sample_00073,16,8,block_out,0.9804584980010986,0.2015339434146881,204.13623046875,0.12674835324287415
sample_00073,32,16,block_out,0.8536334037780762,0.5266841053962708,654.13134765625,0.6267951726913452
sample_00073,32,1,block_out,0.9866702556610107,0.16637735068798065,24.51953125,0.021065562963485718
sample_00073,32,23,block_out,0.7139610052108765,0.7293634414672852,884.91357421875,1.2765594720840454
sample_00073,32,27,block_out,0.7602581977844238,0.6648112535476685,1041.046142578125,2.001519203186035
sample_00073,32,31,block_out,0.7299842834472656,0.7487976551055908,583.93896484375,3.8952956199645996
sample_00073,32,8,block_out,0.975567638874054,0.2256370186805725,196.827392578125,0.14066478610038757
sample_00073,4,16,block_out,0.8788444399833679,0.4797016978263855,592.5087890625,0.5817044973373413
sample_00073,4,1,block_out,0.9982795119285583,0.06828823685646057,21.8896484375,0.004055377095937729
sample_00073,4,23,block_out,0.7493309378623962,0.6836493015289307,799.8597412109375,1.1966640949249268
sample_00073,4,27,block_out,0.822579562664032,0.5757724046707153,896.5628662109375,1.766145944595337
sample_00073,4,31,block_out,0.8187861442565918,0.626296877861023,697.046875,3.418386936187744
sample_00073,4,8,block_out,0.9833589196205139,0.18590126931667328,195.31494140625,0.1124466061592102
sample_00073,63,16,block_out,0.8575626015663147,0.5201327204704285,643.00927734375,0.59566730260849
sample_00073,63,1,block_out,0.9810634851455688,0.19693084061145782,28.0836181640625,0.02993929386138916
sample_00073,63,23,block_out,0.7333862781524658,0.7084968090057373,984.8916015625,1.2317285537719727
sample_00073,63,27,block_out,0.795233964920044,0.6201611757278442,1156.56884765625,1.8650504350662231
sample_00073,63,31,block_out,0.762624979019165,0.6926741003990173,656.0963134765625,3.4089083671569824
sample_00073,63,8,block_out,0.9776871800422668,0.21652522683143616,193.7728271484375,0.14147944748401642
sample_00074,0,16,block_out,0.9161919951438904,0.40150269865989685,230.63232421875,0.563832700252533
sample_00074,0,1,block_out,1.0006645917892456,0.0005095349042676389,0.041015625,0.00015803068527020514
sample_00074,0,23,block_out,0.7956840991973877,0.620474100112915,440.89990234375,1.1482949256896973
sample_00074,0,27,block_out,0.8534005284309387,0.5255551338195801,529.17529296875,1.652548909187317
sample_00074,0,31,block_out,0.8667707443237305,0.5257781744003296,511.64111328125,3.0884761810302734
sample_00074,0,8,block_out,0.9946385025978088,0.10984146595001221,3.099609375,0.10470002889633179
sample_00074,16,16,block_out,0.8596935272216797,0.5154010057449341,657.4599609375,0.6170073747634888
sample_00074,16,1,block_out,0.9936477541923523,0.1183047890663147,26.361328125,0.011709741316735744
sample_00074,16,23,block_out,0.7112130522727966,0.7331290245056152,901.78662109375,1.2766276597976685
sample_00074,16,27,block_out,0.7625030279159546,0.661679744720459,1078.1767578125,2.0073442459106445
sample_00074,16,31,block_out,0.7392057180404663,0.7466598153114319,640.125244140625,3.957955837249756
sample_00074,16,8,block_out,0.9790999889373779,0.2082744836807251,210.43359375,0.12659485638141632
sample_00074,32,16,block_out,0.8514401316642761,0.5302943587303162,655.634033203125,0.6279634237289429
sample_00074,32,1,block_out,0.9901111721992493,0.14498478174209595,25.216796875,0.017919130623340607
sample_00074,32,23,block_out,0.7065046429634094,0.7389869093894958,881.27001953125,1.2803752422332764
sample_00074,32,27,block_out,0.7621133923530579,0.660311758518219,1068.5888671875,1.987877368927002
sample_00074,32,31,block_out,0.726195216178894,0.7636157870292664,943.1207275390625,3.884875535964966
sample_00074,32,8,block_out,0.975658655166626,0.22513806819915771,211.126220703125,0.1338280588388443
sample_00074,4,16,block_out,0.8741773962974548,0.4883780777454376,629.5654296875,0.5786665678024292
sample_00074,4,1,block_out,0.9979756474494934,0.07331657409667969,22.2724609375,0.00442170724272728
sample_00074,4,23,block_out,0.7438988089561462,0.6904851198196411,842.3765869140625,1.1950099468231201
sample_00074,4,27,block_out,0.8140819668769836,0.5891014337539673,964.6256103515625,1.7919948101043701
sample_00074,4,31,block_out,0.7952669262886047,0.6606304049491882,748.6953735351562,3.5373194217681885
sample_00074,4,8,block_out,0.9837031960487366,0.18401649594306946,207.53857421875,0.11302700638771057
sample_00074,63,16,block_out,0.8562448620796204,0.523242712020874,601.9638671875,0.5925770401954651
sample_00074,63,1,block_out,0.9820658564567566,0.19221287965774536,28.686767578125,0.028803011402487755
sample_00074,63,23,block_out,0.7339290380477905,0.7071267366409302,954.5830078125,1.2165145874023438
sample_00074,63,27,block_out,0.8017634749412537,0.6107088923454285,1126.2744140625,1.8175766468048096
sample_00074,63,31,block_out,0.7805365920066833,0.6615177392959595,725.4147338867188,3.270779848098755
sample_00074,63,8,block_out,0.9782831072807312,0.21350429952144623,208.8094482421875,0.13856595754623413
sample_00075,0,16,block_out,0.9124301671981812,0.4101390242576599,227.3287353515625,0.5840803980827332
sample_00075,0,1,block_out,1.0005217790603638,0.0005267826491035521,0.0380859375,0.00017364828090649098
sample_00075,0,23,block_out,0.8093596696853638,0.5969498157501221,377.2672119140625,1.10037362575531
sample_00075,0,27,block_out,0.8502931594848633,0.530188798904419,440.8687744140625,1.6657016277313232
sample_00075,0,31,block_out,0.8622967004776001,0.5285393595695496,474.552490234375,3.132084846496582
sample_00075,0,8,block_out,0.9931433796882629,0.12211161106824875,2.54345703125,0.11510482430458069
sample_00075,16,16,block_out,0.8768327832221985,0.4832969009876251,630.7392578125,0.5865590572357178
sample_00075,16,1,block_out,0.9990689754486084,0.053533885627985,22.34765625,0.0027481638826429844
sample_00075,16,23,block_out,0.7692056894302368,0.6501628756523132,868.996337890625,1.1287661790847778
sample_00075,16,27,block_out,0.82832270860672,0.5655332207679749,975.676513671875,1.7214661836624146
sample_00075,16,31,block_out,0.8431063890457153,0.5624410510063171,478.878662109375,3.244886875152588
sample_00075,16,8,block_out,0.9815499782562256,0.19477133452892303,201.78076171875,0.11942475289106369
sample_00075,32,16,block_out,0.8771888613700867,0.4825975298881531,624.6348876953125,0.5838334560394287
sample_00075,32,1,block_out,0.9991616010665894,0.05143391713500023,21.75537109375,0.0026176022365689278
sample_00075,32,23,block_out,0.7683436274528503,0.6502237915992737,854.3099365234375,1.1379338502883911
sample_00075,32,27,block_out,0.8231140971183777,0.5722866058349609,954.4935302734375,1.7500542402267456
sample_00075,32,31,block_out,0.8336378931999207,0.5796777606010437,486.96630859375,3.2920732498168945
sample_00075,32,8,block_out,0.9832101464271545,0.186066672205925,189.0919189453125,0.11937489360570908
sample_00075,4,16,block_out,0.8780428171157837,0.48109379410743713,617.0147094726562,0.5858333706855774
sample_00075,4,1,block_out,0.9989070892333984,0.056587230414152145,22.87841796875,0.0029654440004378557
sample_00075,4,23,block_out,0.7678400278091431,0.6525982022285461,851.4171142578125,1.13241708278656
sample_00075,4,27,block_out,0.82794588804245,0.5661860704421997,955.5799560546875,1.730724811553955
sample_00075,4,31,block_out,0.8473536372184753,0.5559306740760803,485.60400390625,3.2529296875
sample_00075,4,8,block_out,0.9811280369758606,0.19691535830497742,204.2802734375,0.11983253061771393
sample_00075,63,16,block_out,0.881800651550293,0.4738572835922241,593.72314453125,0.5478904843330383
sample_00075,63,1,block_out,0.9995611906051636,0.04264679551124573,20.49658203125,0.002143216086551547
sample_00075,63,23,block_out,0.7820788621902466,0.6332412362098694,965.30419921875,1.1007578372955322
sample_00075,63,27,block_out,0.833925724029541,0.5566256046295166,1141.49853515625,1.6815598011016846
sample_00075,63,31,block_out,0.8170263171195984,0.5989248752593994,636.0565185546875,3.0744845867156982
sample_00075,63,8,block_out,0.9873381853103638,0.16252896189689636,167.60107421875,0.11838353425264359
sample_00076,0,16,block_out,0.9161745309829712,0.4015381634235382,226.24462890625,0.5702142119407654
sample_00076,0,1,block_out,1.0005245208740234,0.0005481328116729856,0.037109375,0.000178015063283965
sample_00076,0,23,block_out,0.8148927688598633,0.5871894955635071,381.484130859375,1.0850944519042969
sample_00076,0,27,block_out,0.8519439697265625,0.5272756814956665,444.957763671875,1.6705429553985596
sample_00076,0,31,block_out,0.8585177659988403,0.5398533940315247,478.706298828125,3.1650986671447754
sample_00076,0,8,block_out,0.9931033849716187,0.12225982546806335,2.51806640625,0.11561291664838791
sample_00076,16,16,block_out,0.8610639572143555,0.5133776664733887,665.5,0.6223911046981812
sample_00076,16,1,block_out,0.9926055669784546,0.1254776269197464,25.580078125,0.012042994610965252
sample_00076,16,23,block_out,0.7486956119537354,0.6799345016479492,902.62548828125,1.1688917875289917
sample_00076,16,27,block_out,0.7938239574432373,0.6179733276367188,1079.3095703125,1.873190999031067
sample_00076,16,31,block_out,0.7622981667518616,0.7015576362609863,491.4722900390625,3.786015748977661
sample_00076,16,8,block_out,0.975877046585083,0.22265885770320892,232.748291015625,0.13962194323539734
sample_00076,32,16,block_out,0.8591027855873108,0.5178570747375488,634.77490234375,0.6350303292274475
sample_00076,32,1,block_out,0.9865436553955078,0.1664532721042633,24.3828125,0.020861413329839706
sample_00076,32,23,block_out,0.7402861714363098,0.6930502653121948,876.5,1.2106629610061646
sample_00076,32,27,block_out,0.7748162746429443,0.6430758237838745,975.844482421875,1.9705545902252197
sample_00076,32,31,block_out,0.7040382027626038,0.7740427255630493,533.5986328125,4.052289009094238
sample_00076,32,8,block_out,0.9732517600059509,0.2348901778459549,202.600341796875,0.15008114278316498
sample_00076,4,16,block_out,0.881151020526886,0.47523051500320435,638.273193359375,0.5750818252563477
sample_00076,4,1,block_out,0.998577892780304,0.06224486604332924,22.51171875,0.003422910114750266
sample_00076,4,23,block_out,0.7677453756332397,0.6525346040725708,864.145263671875,1.1356257200241089
sample_00076,4,27,block_out,0.8198142051696777,0.5796617865562439,1009.926513671875,1.7886980772018433
sample_00076,4,31,block_out,0.8251898884773254,0.6056631207466125,494.512939453125,3.455122709274292
sample_00076,4,8,block_out,0.9789011478424072,0.20790772140026093,239.4931640625,0.12105520814657211
sample_00076,63,16,block_out,0.8598316311836243,0.51789391040802,500.2783203125,0.6017874479293823
sample_00076,63,1,block_out,0.978325366973877,0.20954786241054535,22.751953125,0.03370833396911621
sample_00076,63,23,block_out,0.761561393737793,0.6628727912902832,881.8812255859375,1.1580270528793335
sample_00076,63,27,block_out,0.7987685799598694,0.6110855340957642,1056.8509521484375,1.8280516862869263
sample_00076,63,31,block_out,0.7562842965126038,0.6886774897575378,608.6102294921875,3.437225103378296
sample_00076,63,8,block_out,0.9685841798782349,0.2572072744369507,171.296142578125,0.15778088569641113
sample_00077,0,16,block_out,0.9138160943984985,0.40680810809135437,225.4361572265625,0.5782971382141113
sample_00077,0,1,block_out,1.0005080699920654,0.0005319002666510642,0.0439453125,0.00017390561697538942
sample_00077,0,23,block_out,0.8110276460647583,0.593245267868042,375.2574462890625,1.095487117767334
sample_00077,0,27,block_out,0.8518167734146118,0.5281906723976135,437.9173583984375,1.6585726737976074
sample_00077,0,31,block_out,0.8610162734985352,0.5338577628135681,477.7298583984375,3.1887166500091553
sample_00077,0,8,block_out,0.9933696389198303,0.12015295028686523,2.57568359375,0.11314807832241058
sample_00077,16,16,block_out,0.8718027472496033,0.49230504035949707,662.76904296875,0.5798838138580322
sample_00077,16,1,block_out,0.998833179473877,0.057465896010398865,22.01025390625,0.0029943843837827444
sample_00077,16,23,block_out,0.7656875848770142,0.655219554901123,882.48193359375,1.117742896080017
sample_00077,16,27,block_out,0.8231619596481323,0.5766125917434692,1019.8548583984375,1.730818271636963
sample_00077,16,31,block_out,0.8221017122268677,0.6118811368942261,504.0673828125,3.481595039367676
sample_00077,16,8,block_out,0.979768693447113,0.20370513200759888,224.76611328125,0.11798090487718582
sample_00077,32,16,block_out,0.8721670508384705,0.49156856536865234,667.7578125,0.5797759294509888
sample_00077,32,1,block_out,0.9990049600601196,0.054173003882169724,21.34814453125,0.0027904771268367767
sample_00077,32,23,block_out,0.7650659084320068,0.6545498967170715,888.2490234375,1.131523847579956
sample_00077,32,27,block_out,0.8157610893249512,0.5857727527618408,1032.0399169921875,1.7659070491790771
sample_00077,32,31,block_out,0.8133643865585327,0.6219263672828674,503.760498046875,3.4770405292510986
sample_00077,32,8,block_out,0.981182873249054,0.1967247724533081,209.224609375,0.11810693889856339
sample_00077,4,16,block_out,0.8743091821670532,0.48752561211586,656.9351806640625,0.5810023546218872
sample_00077,4,1,block_out,0.9985212683677673,0.06284089386463165,22.505859375,0.0033895601518452168
sample_00077,4,23,block_out,0.7636590003967285,0.6582805514335632,889.3306884765625,1.1243983507156372
sample_00077,4,27,block_out,0.8214517831802368,0.5788638591766357,1026.9248046875,1.7392628192901611
sample_00077,4,31,block_out,0.8275068402290344,0.601627767086029,496.346923828125,3.452690601348877
sample_00077,4,8,block_out,0.9789934158325195,0.2075069099664688,231.97509765625,0.1184241846203804
sample_00077,63,16,block_out,0.8802878856658936,0.47601431608200073,588.07275390625,0.5614215731620789
sample_00077,63,1,block_out,0.9997155070304871,0.03860888630151749,26.847061157226562,0.0014825138496235013
sample_00077,63,23,block_out,0.7790754437446594,0.6376487612724304,942.1904296875,1.1059389114379883
sample_00077,63,27,block_out,0.8294984102249146,0.5643867254257202,1107.7783203125,1.6855957508087158
sample_00077,63,31,block_out,0.8077695369720459,0.6127620935440063,597.77490234375,3.201829671859741
sample_00077,63,8,block_out,0.9867630004882812,0.16586974263191223,180.34022521972656,0.11879946291446686
sample_00078,0,16,block_out,0.9161729216575623,0.4016880989074707,226.34423828125,0.571467936038971
sample_00078,0,1,block_out,1.000633716583252,0.0005279341130517423,0.0361328125,0.0001694099191809073
sample_00078,0,23,block_out,0.8140604496002197,0.5883674025535583,375.089599609375,1.094279170036316
sample_00078,0,27,block_out,0.8584828972816467,0.5163984298706055,437.391357421875,1.6498056650161743
sample_00078,0,31,block_out,0.8717433214187622,0.5084664821624756,464.645751953125,3.070557117462158
sample_00078,0,8,block_out,0.9933940172195435,0.12030485272407532,2.5638427734375,0.11348528414964676
sample_00078,16,16,block_out,0.8664735555648804,0.5026387572288513,559.53759765625,0.6236883997917175
sample_00078,16,1,block_out,0.9929794073104858,0.12351169437170029,26.109375,0.012068085372447968
sample_00078,16,23,block_out,0.7361822128295898,0.694044828414917,961.139404296875,1.2006239891052246
sample_00078,16,27,block_out,0.7821479439735413,0.6339484453201294,1156.824462890625,1.940812110900879
sample_00078,16,31,block_out,0.7404735684394836,0.7243518829345703,692.663330078125,3.9838554859161377
sample_00078,16,8,block_out,0.9816082119941711,0.19617629051208496,213.3614501953125,0.13570275902748108
sample_00078,32,16,block_out,0.872905969619751,0.4905880093574524,458.09033203125,0.6413495540618896
sample_00078,32,1,block_out,0.9879313111305237,0.15877927839756012,24.943359375,0.020255843177437782
sample_00078,32,23,block_out,0.7439925670623779,0.6834501028060913,756.3570556640625,1.238142967224121
sample_00078,32,27,block_out,0.7656799554824829,0.6539097428321838,897.9190673828125,2.0321848392486572
sample_00078,32,31,block_out,0.6939895749092102,0.7752838134765625,825.0587158203125,4.149686813354492
sample_00078,32,8,block_out,0.9773904085159302,0.21738463640213013,154.941162109375,0.14623303711414337
sample_00078,4,16,block_out,0.9052064418792725,0.4270332455635071,379.19091796875,0.5903735756874084
sample_00078,4,1,block_out,0.9976929426193237,0.07657147943973541,22.98583984375,0.004969484638422728
sample_00078,4,23,block_out,0.7984163761138916,0.6122220754623413,384.444091796875,1.1412807703018188
sample_00078,4,27,block_out,0.831792950630188,0.5622269511222839,456.349853515625,1.8026642799377441
sample_00078,4,31,block_out,0.8099895715713501,0.6278780698776245,684.356689453125,3.5274975299835205
sample_00078,4,8,block_out,0.9904334545135498,0.14265364408493042,120.01708984375,0.12039244174957275
sample_00078,63,16,block_out,0.8662591576576233,0.5039802193641663,512.6917724609375,0.6157509684562683
sample_00078,63,1,block_out,0.9806082248687744,0.19913369417190552,28.28179931640625,0.0304397102445364
sample_00078,63,23,block_out,0.7590068578720093,0.6673482060432434,866.085693359375,1.1782532930374146
sample_00078,63,27,block_out,0.7893078327178955,0.6297266483306885,1037.992919921875,1.8802682161331177
sample_00078,63,31,block_out,0.7477062940597534,0.6970347166061401,838.719482421875,3.6033408641815186
sample_00078,63,8,block_out,0.9717193245887756,0.24510478973388672,157.90365600585938,0.1527743637561798
sample_00079,0,16,block_out,0.9129202961921692,0.40891286730766296,252.95556640625,0.5760959982872009
sample_00079,0,1,block_out,1.0005065202713013,0.0005340188508853316,0.0302734375,0.00017585273599252105
sample_00079,0,23,block_out,0.812196671962738,0.5916050672531128,397.76593017578125,1.0803512334823608
sample_00079,0,27,block_out,0.8556934595108032,0.5216310620307922,459.1236572265625,1.6353611946105957
sample_00079,0,31,block_out,0.8687014579772949,0.5192570090293884,498.7236328125,3.086662769317627
sample_00079,0,8,block_out,0.993022620677948,0.12288574874401093,2.565673828125,0.11493232101202011
sample_00079,16,16,block_out,0.8662681579589844,0.5041278004646301,636.11474609375,0.6225525140762329
sample_00079,16,1,block_out,0.9928909540176392,0.12305129319429398,26.138671875,0.012320821173489094
sample_00079,16,23,block_out,0.7512863874435425,0.678503155708313,853.061279296875,1.1720685958862305
sample_00079,16,27,block_out,0.7962451577186584,0.6154018640518188,961.328857421875,1.8732424974441528
sample_00079,16,31,block_out,0.7609072327613831,0.7055073380470276,498.06982421875,3.863025188446045
sample_00079,16,8,block_out,0.9775623679161072,0.21495571732521057,218.60302734375,0.13664141297340393
sample_00079,32,16,block_out,0.8585282564163208,0.5180845856666565,656.5142822265625,0.631145179271698
sample_00079,32,1,block_out,0.9895323514938354,0.1477271169424057,24.921875,0.019348254427313805
sample_00079,32,23,block_out,0.7383620738983154,0.6954494714736938,886.6871337890625,1.2084393501281738
sample_00079,32,27,block_out,0.775428295135498,0.6449173092842102,1057.6468505859375,1.9527812004089355
sample_00079,32,31,block_out,0.7222394943237305,0.7648084163665771,631.9419555664062,4.040639877319336
sample_00079,32,8,block_out,0.9761369228363037,0.22175222635269165,202.7681884765625,0.14149975776672363
sample_00079,4,16,block_out,0.8786009550094604,0.4808945953845978,592.55810546875,0.5885829329490662
sample_00079,4,1,block_out,0.9978922009468079,0.07208956032991409,23.0380859375,0.00431387173011899
sample_00079,4,23,block_out,0.7658146619796753,0.6581394076347351,824.2120361328125,1.129546880722046
sample_00079,4,27,block_out,0.8215337991714478,0.5783345699310303,880.0035400390625,1.7709132432937622
sample_00079,4,31,block_out,0.8162842392921448,0.620225191116333,646.5029296875,3.5074868202209473
sample_00079,4,8,block_out,0.9807643294334412,0.19903799891471863,195.5146484375,0.12233132123947144
sample_00079,63,16,block_out,0.849597156047821,0.5339557528495789,599.69921875,0.6403152346611023
sample_00079,63,1,block_out,0.9791293144226074,0.20574155449867249,28.5400390625,0.03473637253046036
sample_00079,63,23,block_out,0.7427703142166138,0.6895506978034973,962.0068359375,1.186348557472229
sample_00079,63,27,block_out,0.7933343052864075,0.6223158240318298,1136.94921875,1.846656322479248
sample_00079,63,31,block_out,0.7332974076271057,0.7277941107749939,633.5087890625,3.572373867034912
sample_00079,63,8,block_out,0.9747157096862793,0.22967226803302765,174.2147216796875,0.15665970742702484
sample_00080,0,16,block_out,0.9138724207878113,0.406971275806427,218.7666015625,0.5793399810791016
sample_00080,0,1,block_out,1.0005041360855103,0.0005372563027776778,0.033203125,0.00017098122043535113
sample_00080,0,23,block_out,0.8084897398948669,0.6000152826309204,371.298095703125,1.1067204475402832
sample_00080,0,27,block_out,0.8530059456825256,0.5267152190208435,425.83203125,1.661415457725525
sample_00080,0,31,block_out,0.86503005027771,0.5284423828125,483.253173828125,3.1428277492523193
sample_00080,0,8,block_out,0.9937622547149658,0.11647830158472061,3.087646484375,0.10878926515579224
sample_00080,16,16,block_out,0.8792061805725098,0.4791021943092346,563.3251953125,0.5850340723991394
sample_00080,16,1,block_out,0.9989819526672363,0.054808542132377625,22.06640625,0.002855081809684634
sample_00080,16,23,block_out,0.7712868452072144,0.6487403512001038,774.298583984375,1.1268742084503174
sample_00080,16,27,block_out,0.8289051055908203,0.5659933090209961,870.416259765625,1.7327972650527954
sample_00080,16,31,block_out,0.838658332824707,0.5806505084037781,538.696044921875,3.30950665473938
sample_00080,16,8,block_out,0.9786937236785889,0.20875246822834015,218.25634765625,0.11411959677934647
sample_00080,32,16,block_out,0.8728675842285156,0.49058252573013306,621.54443359375,0.5815792679786682
sample_00080,32,1,block_out,0.9990739822387695,0.05249099060893059,21.486328125,0.0026911229360848665
sample_00080,32,23,block_out,0.7612454295158386,0.6613541841506958,847.6246337890625,1.1284998655319214
sample_00080,32,27,block_out,0.8239284157752991,0.5728297233581543,952.7923583984375,1.7307878732681274
sample_00080,32,31,block_out,0.8327032923698425,0.5850725173950195,593.2664794921875,3.2619383335113525
sample_00080,32,8,block_out,0.9799603223800659,0.20252756774425507,215.1083984375,0.1141790896654129
sample_00080,4,16,block_out,0.8797613978385925,0.4781839847564697,557.8701171875,0.5854917168617249
sample_00080,4,1,block_out,0.9988210201263428,0.05796477943658829,22.6142578125,0.0030762108508497477
sample_00080,4,23,block_out,0.7675285339355469,0.6541069149971008,779.8062133789062,1.1305932998657227
sample_00080,4,27,block_out,0.8260877132415771,0.5702638030052185,868.7798461914062,1.750803828239441
sample_00080,4,31,block_out,0.8387994766235352,0.5825418829917908,529.646240234375,3.3568310737609863
sample_00080,4,8,block_out,0.9789275527000427,0.20764373242855072,213.14306640625,0.11471258848905563
sample_00080,63,16,block_out,0.8712848424911499,0.4945453107357025,677.151611328125,0.5575166940689087
sample_00080,63,1,block_out,0.9990397691726685,0.052645038813352585,22.8330078125,0.0024638706818223
sample_00080,63,23,block_out,0.7779267430305481,0.6408022046089172,894.68115234375,1.1252093315124512
sample_00080,63,27,block_out,0.834496259689331,0.5554459095001221,988.04541015625,1.7130978107452393
sample_00080,63,31,block_out,0.8264346718788147,0.5888636112213135,465.359130859375,3.0828001499176025
sample_00080,63,8,block_out,0.9825900793075562,0.18899546563625336,194.2811279296875,0.11280044168233871
sample_00081,0,16,block_out,0.9169650673866272,0.39986568689346313,222.041015625,0.5695641040802002
sample_00081,0,1,block_out,1.0005251169204712,0.0005248997476883233,0.033203125,0.0001702862500678748
sample_00081,0,23,block_out,0.8089905381202698,0.5985438823699951,369.52392578125,1.113684892654419
sample_00081,0,27,block_out,0.8530299663543701,0.5262396931648254,427.9163818359375,1.6441562175750732
sample_00081,0,31,block_out,0.8722432255744934,0.5128549933433533,504.80267333984375,3.1295554637908936
sample_00081,0,8,block_out,0.9944295287132263,0.11076574772596359,2.409149169921875,0.10319682955741882
sample_00081,16,16,block_out,0.8761892318725586,0.48723068833351135,485.79541015625,0.6274387836456299
sample_00081,16,1,block_out,0.9918076992034912,0.13161954283714294,26.328125,0.013185817748308182
sample_00081,16,23,block_out,0.7415255308151245,0.6946149468421936,617.00927734375,1.2224931716918945
sample_00081,16,27,block_out,0.7756863236427307,0.6446877121925354,757.5306396484375,1.9626797437667847
sample_00081,16,31,block_out,0.7409843802452087,0.7357916831970215,468.69390869140625,4.144797325134277
sample_00081,16,8,block_out,0.9810448288917542,0.19766579568386078,202.1328125,0.12925375998020172
sample_00081,32,16,block_out,0.8552387356758118,0.5255537033081055,583.78369140625,0.646346390247345
sample_00081,32,1,block_out,0.9836846590042114,0.18257880210876465,25.2373046875,0.02363097295165062
sample_00081,32,23,block_out,0.7065679430961609,0.7352046966552734,809.23583984375,1.2561018466949463
sample_00081,32,27,block_out,0.7339418530464172,0.7012126445770264,975.63037109375,2.0795531272888184
sample_00081,32,31,block_out,0.7081279158592224,0.7585409283638,558.6438598632812,4.236714839935303
sample_00081,32,8,block_out,0.9744798541069031,0.22988541424274445,207.13525390625,0.14401987195014954
sample_00081,4,16,block_out,0.8891235589981079,0.46020790934562683,509.29052734375,0.5805922746658325
sample_00081,4,1,block_out,0.9979397058486938,0.07169094681739807,21.8681640625,0.00436014961451292
sample_00081,4,23,block_out,0.7677066326141357,0.6553775668144226,698.51318359375,1.1543179750442505
sample_00081,4,27,block_out,0.8208749890327454,0.5786007046699524,710.65576171875,1.7804778814315796
sample_00081,4,31,block_out,0.8191682696342468,0.617097020149231,619.1716918945312,3.5668556690216064
sample_00081,4,8,block_out,0.9827965497970581,0.18818093836307526,204.119140625,0.11089072376489639
sample_00081,63,16,block_out,0.8760088682174683,0.48657071590423584,368.0999755859375,0.6210506558418274
sample_00081,63,1,block_out,0.9792584180831909,0.2052452564239502,27.709991455078125,0.03294413536787033
sample_00081,63,23,block_out,0.7667896747589111,0.6592832207679749,601.83154296875,1.215027093887329
sample_00081,63,27,block_out,0.7845537662506104,0.6345769166946411,712.03369140625,1.9446784257888794
sample_00081,63,31,block_out,0.7133476734161377,0.7463980913162231,722.74267578125,3.8316526412963867
sample_00081,63,8,block_out,0.9759513735771179,0.22445890307426453,180.595458984375,0.14680753648281097
sample_00082,0,16,block_out,0.9141194224357605,0.4063364863395691,223.11376953125,0.5783714652061462
sample_00082,0,1,block_out,1.0005007982254028,0.0005256406730040908,0.04296875,0.00017354941519442946
sample_00082,0,23,block_out,0.8049024939537048,0.6055148243904114,373.3565673828125,1.1214163303375244
sample_00082,0,27,block_out,0.8349955081939697,0.5569465756416321,427.2939453125,1.7320163249969482
sample_00082,0,31,block_out,0.8433860540390015,0.5668754577636719,456.0009765625,3.385913372039795
sample_00082,0,8,block_out,0.9941650032997131,0.11284232884645462,2.07421875,0.10559731721878052
sample_00082,16,16,block_out,0.8731415867805481,0.48978057503700256,634.711669921875,0.5837190747261047
sample_00082,16,1,block_out,0.998993992805481,0.05447470769286156,20.93896484375,0.0030004424042999744
sample_00082,16,23,block_out,0.7652406096458435,0.6562758684158325,870.205322265625,1.123018503189087
sample_00082,16,27,block_out,0.8162057995796204,0.5854511857032776,976.15673828125,1.7711329460144043
sample_00082,16,31,block_out,0.8224600553512573,0.6083627343177795,544.619140625,3.435145378112793
sample_00082,16,8,block_out,0.9805734753608704,0.19935384392738342,210.213134765625,0.11091078817844391
sample_00082,32,16,block_out,0.8740144371986389,0.4880578815937042,634.7091064453125,0.5773341059684753
sample_00082,32,1,block_out,0.9990499019622803,0.05268799513578415,20.5546875,0.0028409697115421295
sample_00082,32,23,block_out,0.7656567692756653,0.6545915007591248,877.01904296875,1.129305362701416
sample_00082,32,27,block_out,0.8172701001167297,0.5825138688087463,978.351806640625,1.7658473253250122
sample_00082,32,31,block_out,0.8185244798660278,0.6112528443336487,541.73193359375,3.3988447189331055
sample_00082,32,8,block_out,0.9825569987297058,0.1892937272787094,191.1705322265625,0.11042460799217224
sample_00082,4,16,block_out,0.8742878437042236,0.48787471652030945,622.2462158203125,0.58495032787323
sample_00082,4,1,block_out,0.9988352656364441,0.05771273002028465,21.3046875,0.003225993365049362
sample_00082,4,23,block_out,0.7619149088859558,0.6616395711898804,852.7730712890625,1.1322101354599
sample_00082,4,27,block_out,0.8118171691894531,0.5922063589096069,950.0167236328125,1.7976785898208618
sample_00082,4,31,block_out,0.8205806016921997,0.6128383278846741,531.71630859375,3.514068365097046
sample_00082,4,8,block_out,0.9798040390014648,0.20320910215377808,212.53125,0.11166549474000931
sample_00082,63,16,block_out,0.8690742254257202,0.49798083305358887,695.9193115234375,0.5591005086898804
sample_00082,63,1,block_out,0.9988624453544617,0.05558817461133003,22.779296875,0.002779453294351697
sample_00082,63,23,block_out,0.7735695242881775,0.6460727453231812,926.7012939453125,1.1418732404708862
sample_00082,63,27,block_out,0.8277707695960999,0.565872311592102,1029.5264892578125,1.7453932762145996
sample_00082,63,31,block_out,0.8136643171310425,0.6122395992279053,536.584716796875,3.1856088638305664
sample_00082,63,8,block_out,0.9851759076118469,0.17479607462882996,184.1181640625,0.1095501035451889
sample_00083,0,16,block_out,0.9145278930664062,0.4056168496608734,221.1640625,0.5832220911979675
sample_00083,0,1,block_out,1.0005115270614624,0.0005591725930571556,0.0390625,0.00018064951291307807
sample_00083,0,23,block_out,0.8073113560676575,0.6030168533325195,374.6746826171875,1.1250085830688477
sample_00083,0,27,block_out,0.855261504650116,0.5222490429878235,435.70556640625,1.6588741540908813
sample_00083,0,31,block_out,0.8784745931625366,0.49617311358451843,460.4140625,3.059277296066284
sample_00083,0,8,block_out,0.993842601776123,0.11619050800800323,3.273529052734375,0.10897345840930939
sample_00083,16,16,block_out,0.8911561965942383,0.45516693592071533,260.0618896484375,0.6465845704078674
sample_00083,16,1,block_out,0.9939181208610535,0.11590307205915451,26.1470947265625,0.010567300021648407
sample_00083,16,23,block_out,0.765515923500061,0.6563298106193542,483.9990234375,1.22295081615448
sample_00083,16,27,block_out,0.7960191965103149,0.6173234581947327,595.716796875,1.9477572441101074
sample_00083,16,31,block_out,0.781109631061554,0.66563880443573,490.97882080078125,3.916088104248047
sample_00083,16,8,block_out,0.9878987073898315,0.15882346034049988,88.113525390625,0.1296079456806183
sample_00083,32,16,block_out,0.878543496131897,0.47970446944236755,273.58935546875,0.6753444671630859
sample_00083,32,1,block_out,0.9855107069015503,0.17627008259296417,25.0623779296875,0.021421458572149277
sample_00083,32,23,block_out,0.7407000660896301,0.6896071434020996,426.8914794921875,1.279845952987671
sample_00083,32,27,block_out,0.7391435503959656,0.6959174871444702,491.3778076171875,2.1493890285491943
sample_00083,32,31,block_out,0.7067291736602783,0.7912079691886902,589.554931640625,4.299040794372559
sample_00083,32,8,block_out,0.9823923110961914,0.1896568089723587,81.50146484375,0.14646412432193756
sample_00083,4,16,block_out,0.9101080894470215,0.4151417315006256,226.94677734375,0.5977560877799988
sample_00083,4,1,block_out,0.9999693632125854,0.032625339925289154,6.2247314453125,0.002616481389850378
sample_00083,4,23,block_out,0.7953101396560669,0.6158649325370789,372.94775390625,1.1552859544754028
sample_00083,4,27,block_out,0.8391771912574768,0.5474762916564941,432.13916015625,1.7603212594985962
sample_00083,4,31,block_out,0.8446186184883118,0.5593210458755493,646.6262817382812,3.4234306812286377
sample_00083,4,8,block_out,0.9929349422454834,0.12370146065950394,31.92083740234375,0.11472669243812561
sample_00083,63,16,block_out,0.8971040844917297,0.4423982799053192,300.1416015625,0.6019037961959839
sample_00083,63,1,block_out,0.9778842329978943,0.21988804638385773,23.3311767578125,0.03261003643274307
sample_00083,63,23,block_out,0.8062384128570557,0.5981751680374146,461.2783203125,1.1481688022613525
sample_00083,63,27,block_out,0.8359147906303406,0.55214524269104,525.5810546875,1.7443104982376099
sample_00083,63,31,block_out,0.8105274438858032,0.6149469614028931,544.570556640625,3.1217849254608154
sample_00083,63,8,block_out,0.9787437915802002,0.2075275182723999,74.51788330078125,0.1518610715866089
sample_00084,0,16,block_out,0.9167861938476562,0.3999502658843994,224.33642578125,0.5645130276679993
sample_00084,0,1,block_out,1.0004886388778687,0.00051636784337461,0.0361328125,0.000171174033312127
sample_00084,0,23,block_out,0.8121652603149414,0.593432605266571,372.6021728515625,1.1041696071624756
sample_00084,0,27,block_out,0.8533807396888733,0.5251472592353821,432.0802001953125,1.6325682401657104
sample_00084,0,31,block_out,0.8722609877586365,0.5106751322746277,453.632568359375,3.1150829792022705
sample_00084,0,8,block_out,0.9941217303276062,0.11267690360546112,3.58544921875,0.10600750148296356
sample_00084,16,16,block_out,0.9183207750320435,0.39635077118873596,214.5595703125,0.5618720650672913
sample_00084,16,1,block_out,1.000455617904663,0.0005180735606700182,0.033203125,0.00017280866450164467
sample_00084,16,23,block_out,0.8180291652679443,0.5811254382133484,359.3740234375,1.09455144405365
sample_00084,16,27,block_out,0.8562697172164917,0.5189990401268005,416.56689453125,1.641870141029358
sample_00084,16,31,block_out,0.8628891706466675,0.5283379554748535,488.29315185546875,3.142198085784912
sample_00084,16,8,block_out,0.9942418932914734,0.11153525114059448,3.51123046875,0.1050916239619255
sample_00084,32,16,block_out,0.9180335998535156,0.3970382809638977,227.18408203125,0.5614258050918579
sample_00084,32,1,block_out,1.0004183053970337,0.0005107901524752378,0.041015625,0.00017322714847978204
sample_00084,32,23,block_out,0.8157161474227905,0.5842195153236389,367.6085205078125,1.103819489479065
sample_00084,32,27,block_out,0.85319983959198,0.5240227580070496,423.852294921875,1.6663013696670532
sample_00084,32,31,block_out,0.8512604236602783,0.544891893863678,455.6781005859375,3.2023959159851074
sample_00084,32,8,block_out,0.9942401647567749,0.11161500215530396,3.430908203125,0.10534932464361191
sample_00084,4,16,block_out,0.9176145792007446,0.3979659378528595,207.04052734375,0.5640894174575806
sample_00084,4,1,block_out,1.0004783868789673,0.0005254176212474704,0.0302734375,0.00017251963436137885
sample_00084,4,23,block_out,0.8137147426605225,0.5886769890785217,360.539306640625,1.0993882417678833
sample_00084,4,27,block_out,0.855070173740387,0.5212386250495911,421.760986328125,1.6289772987365723
sample_00084,4,31,block_out,0.8752440214157104,0.5056746006011963,449.2540283203125,3.087616443634033
sample_00084,4,8,block_out,0.9941927790641785,0.11196356266736984,3.638916015625,0.10583806037902832
sample_00084,63,16,block_out,0.924569308757782,0.38169747591018677,219.142333984375,0.5343498587608337
sample_00084,63,1,block_out,1.0003719329833984,0.000528634584043175,0.0380859375,0.0001785794011084363
sample_00084,63,23,block_out,0.8280346393585205,0.5655584335327148,362.92919921875,1.102778673171997
sample_00084,63,27,block_out,0.8649922013282776,0.5034198760986328,426.906005859375,1.6386216878890991
sample_00084,63,31,block_out,0.8469238877296448,0.5513063073158264,494.955078125,2.962005138397217
sample_00084,63,8,block_out,0.9943511486053467,0.1105794757604599,3.13995361328125,0.1049494594335556
sample_00085,0,16,block_out,0.9138931632041931,0.40692460536956787,223.04541015625,0.5735864043235779
sample_00085,0,1,block_out,1.000529170036316,0.0005408124998211861,0.041259765625,0.00017076698713935912
sample_00085,0,23,block_out,0.800920844078064,0.6112140417098999,384.75244140625,1.1188818216323853
sample_00085,0,27,block_out,0.8550142645835876,0.5222845077514648,452.93896484375,1.6538646221160889
sample_00085,0,31,block_out,0.8592681288719177,0.5390413999557495,471.5057373046875,3.1487157344818115
sample_00085,0,8,block_out,0.9935271739959717,0.11898931860923767,2.3394012451171875,0.11001424491405487
sample_00085,16,16,block_out,0.8624277114868164,0.5106567740440369,598.8408203125,0.6164389252662659
sample_00085,16,1,block_out,0.9934828281402588,0.11844544112682343,25.9423828125,0.011390293017029762
sample_00085,16,23,block_out,0.7275634407997131,0.7080532312393188,760.7216186523438,1.221111536026001
sample_00085,16,27,block_out,0.7819688320159912,0.6338494420051575,841.8544311523438,1.943108081817627
sample_00085,16,31,block_out,0.7447130680084229,0.7306839823722839,641.4808349609375,3.9198973178863525
sample_00085,16,8,block_out,0.9798897504806519,0.2042381465435028,176.3157958984375,0.1323757767677307
sample_00085,32,16,block_out,0.8625304698944092,0.5127017498016357,618.965087890625,0.634492814540863
sample_00085,32,1,block_out,0.9899088144302368,0.1455187052488327,24.8046875,0.018071139231324196
sample_00085,32,23,block_out,0.7292808890342712,0.7089554071426392,794.65283203125,1.2693936824798584
sample_00085,32,27,block_out,0.7681455612182617,0.6514039635658264,920.69189453125,2.0193212032318115
sample_00085,32,31,block_out,0.6877886056900024,0.8082942962646484,604.95849609375,4.165637969970703
sample_00085,32,8,block_out,0.9753666520118713,0.2258354276418686,210.356689453125,0.13913875818252563
sample_00085,4,16,block_out,0.8823361396789551,0.4736919701099396,527.705078125,0.5967011451721191
sample_00085,4,1,block_out,0.9978834390640259,0.0726119875907898,21.91845703125,0.004403004888445139
sample_00085,4,23,block_out,0.7649238109588623,0.6603129506111145,646.08154296875,1.180073857307434
sample_00085,4,27,block_out,0.8090071082115173,0.5961178541183472,710.00537109375,1.871523141860962
sample_00085,4,31,block_out,0.7891521453857422,0.6684791445732117,669.67578125,3.7009871006011963
sample_00085,4,8,block_out,0.9820746779441833,0.19255544245243073,163.41943359375,0.11865870654582977
sample_00085,63,16,block_out,0.8548217415809631,0.527527391910553,587.523193359375,0.6114176511764526
sample_00085,63,1,block_out,0.979488730430603,0.20441508293151855,27.91973876953125,0.03154643625020981
sample_00085,63,23,block_out,0.7377310395240784,0.7030403017997742,962.292236328125,1.2052918672561646
sample_00085,63,27,block_out,0.7991725206375122,0.621455192565918,1143.720947265625,1.8228569030761719
sample_00085,63,31,block_out,0.7544304132461548,0.702293872833252,617.367431640625,3.477327585220337
sample_00085,63,8,block_out,0.9772213697433472,0.21918335556983948,132.28302001953125,0.1530156135559082
sample_00086,0,16,block_out,0.9078298807144165,0.42038285732269287,252.857421875,0.5888099670410156
sample_00086,0,1,block_out,1.00052011013031,0.000524271687027067,0.0361328125,0.00016921838687267154
sample_00086,0,23,block_out,0.7947430610656738,0.6210252642631531,381.7265625,1.1285537481307983
sample_00086,0,27,block_out,0.8500753045082092,0.532196044921875,433.77294921875,1.6538612842559814
sample_00086,0,31,block_out,0.8585101962089539,0.5405334830284119,472.94873046875,3.218014717102051
sample_00086,0,8,block_out,0.9930734634399414,0.12248827517032623,3.931182861328125,0.11422146111726761
sample_00086,16,16,block_out,0.8539133667945862,0.5266178250312805,685.868896484375,0.6278539299964905
sample_00086,16,1,block_out,0.9929404258728027,0.12269101291894913,26.138671875,0.01261907909065485
sample_00086,16,23,block_out,0.72948157787323,0.7089522480964661,905.7520751953125,1.223822832107544
sample_00086,16,27,block_out,0.7783159613609314,0.6428370475769043,1072.808349609375,1.9471856355667114
sample_00086,16,31,block_out,0.7642778158187866,0.7024697065353394,487.4302978515625,3.9420697689056396
sample_00086,16,8,block_out,0.9731934070587158,0.23469744622707367,231.803466796875,0.1351131945848465
sample_00086,32,16,block_out,0.8431984186172485,0.5476510524749756,687.705078125,0.6636127233505249
sample_00086,32,1,block_out,0.9871925711631775,0.16263560950756073,24.955078125,0.02111832983791828
sample_00086,32,23,block_out,0.7117958664894104,0.7341268062591553,928.334716796875,1.2772194147109985
sample_00086,32,27,block_out,0.7567095160484314,0.6726163029670715,1063.5234375,2.0228989124298096
sample_00086,32,31,block_out,0.725117027759552,0.7530261278152466,501.615234375,4.078458309173584
sample_00086,32,8,block_out,0.9673423767089844,0.25992414355278015,230.41015625,0.15125305950641632
sample_00086,4,16,block_out,0.8594672679901123,0.5166972875595093,622.15673828125,0.6181656122207642
sample_00086,4,1,block_out,0.9971216320991516,0.08221404254436493,21.76708984375,0.005465560592710972
sample_00086,4,23,block_out,0.7295016050338745,0.7101777791976929,845.123779296875,1.1859264373779297
sample_00086,4,27,block_out,0.7977546453475952,0.6160863637924194,975.478759765625,1.8420703411102295
sample_00086,4,31,block_out,0.7973747849464417,0.6554534435272217,672.9862670898438,3.699718475341797
sample_00086,4,8,block_out,0.9786499738693237,0.2091309130191803,217.8515625,0.12419428676366806
sample_00086,63,16,block_out,0.8360010385513306,0.559716522693634,624.134765625,0.6450881958007812
sample_00086,63,1,block_out,0.9769350290298462,0.21609702706336975,27.72772216796875,0.034207120537757874
sample_00086,63,23,block_out,0.7043728828430176,0.7483207583427429,1016.3199462890625,1.2760285139083862
sample_00086,63,27,block_out,0.7628053426742554,0.6740983128547668,1199.8131103515625,1.9709006547927856
sample_00086,63,31,block_out,0.7188774347305298,0.7477888464927673,656.2471923828125,3.8229048252105713
sample_00086,63,8,block_out,0.9704464673995972,0.24819274246692657,221.86932373046875,0.1639403998851776
sample_00087,0,16,block_out,0.9114521741867065,0.41197657585144043,236.66259765625,0.5817204713821411
sample_00087,0,1,block_out,1.0004923343658447,0.0005352055886760354,0.0341796875,0.00017114086949732155
sample_00087,0,23,block_out,0.7964756488800049,0.6133641004562378,400.0113525390625,1.127984881401062
sample_00087,0,27,block_out,0.8495510220527649,0.5312784314155579,475.6148681640625,1.6633198261260986
sample_00087,0,31,block_out,0.8480494618415833,0.5626819133758545,500.8648681640625,3.2461471557617188
sample_00087,0,8,block_out,0.9933748841285706,0.11953969299793243,2.5142822265625,0.11405087262392044
sample_00087,16,16,block_out,0.8728010058403015,0.49032220244407654,632.9439697265625,0.5900269150733948
sample_00087,16,1,block_out,0.9985955357551575,0.06115689128637314,21.1044921875,0.003389925928786397
sample_00087,16,23,block_out,0.761390745639801,0.6591098308563232,840.68798828125,1.15565025806427
sample_00087,16,27,block_out,0.8216657042503357,0.5756391286849976,980.31982421875,1.7579189538955688
sample_00087,16,31,block_out,0.8169505596160889,0.6071343421936035,605.8057861328125,3.416171073913574
sample_00087,16,8,block_out,0.98801589012146,0.15809175372123718,127.114501953125,0.11957275867462158
sample_00087,32,16,block_out,0.9095137715339661,0.41623350977897644,234.716552734375,0.5909665822982788
sample_00087,32,1,block_out,0.9987325072288513,0.0584319569170475,20.7509765625,0.003202717285603285
sample_00087,32,23,block_out,0.7932990789413452,0.6148957014083862,407.41650390625,1.165169596672058
sample_00087,32,27,block_out,0.8353605270385742,0.5529950261116028,478.96533203125,1.7606542110443115
sample_00087,32,31,block_out,0.8091192245483398,0.6163958311080933,530.9547119140625,3.3856029510498047
sample_00087,32,8,block_out,0.9912451505661011,0.13600873947143555,70.57763671875,0.11988481879234314
sample_00087,4,16,block_out,0.8790431022644043,0.4787289500236511,581.13037109375,0.5886807441711426
sample_00087,4,1,block_out,0.9982949495315552,0.06611335277557373,21.46630859375,0.003859782125800848
sample_00087,4,23,block_out,0.7539569735527039,0.669773519039154,766.9549560546875,1.1822353601455688
sample_00087,4,27,block_out,0.7955996990203857,0.6151151657104492,901.4842529296875,1.9129570722579956
sample_00087,4,31,block_out,0.7904701232910156,0.6580311059951782,527.822265625,3.788639545440674
sample_00087,4,8,block_out,0.9873076677322388,0.16261547803878784,138.2584228515625,0.11986864358186722
sample_00087,63,16,block_out,0.9202302098274231,0.391989529132843,223.830078125,0.5472844839096069
sample_00087,63,1,block_out,0.9994314908981323,0.044363755732774734,20.44140625,0.0022057367023080587
sample_00087,63,23,block_out,0.8254849910736084,0.5688493251800537,397.36328125,1.1125679016113281
sample_00087,63,27,block_out,0.8600954413414001,0.5124035477638245,468.326904296875,1.659895420074463
sample_00087,63,31,block_out,0.824561595916748,0.5843627452850342,603.2423706054688,2.990840196609497
sample_00087,63,8,block_out,0.9930204749107361,0.12227329611778259,25.58917236328125,0.11621289700269699
sample_00088,0,16,block_out,0.913758397102356,0.4069834351539612,220.5849609375,0.5749735236167908
sample_00088,0,1,block_out,1.000483512878418,0.0005329303676262498,0.0322265625,0.00017086652223952115
sample_00088,0,23,block_out,0.8023065328598022,0.6092043519020081,356.70458984375,1.1076562404632568
sample_00088,0,27,block_out,0.8474999666213989,0.5362617373466492,431.23681640625,1.6635513305664062
sample_00088,0,31,block_out,0.8472382426261902,0.557553231716156,445.64697265625,3.2625882625579834
sample_00088,0,8,block_out,0.9931004643440247,0.12161990255117416,2.758270263671875,0.11403156816959381
sample_00088,16,16,block_out,0.8619651794433594,0.5109944343566895,680.696533203125,0.5805636048316956
sample_00088,16,1,block_out,0.9986749291419983,0.05964241921901703,20.94384765625,0.0032498897053301334
sample_00088,16,23,block_out,0.740276575088501,0.6893389225006104,924.382568359375,1.1353243589401245
sample_00088,16,27,block_out,0.8093947172164917,0.5967996120452881,1067.961669921875,1.757214903831482
sample_00088,16,31,block_out,0.8181073665618896,0.6148995161056519,433.52618408203125,3.4737329483032227
sample_00088,16,8,block_out,0.9802742004394531,0.20100447535514832,204.404541015625,0.11954277008771896
sample_00088,32,16,block_out,0.8586392402648926,0.516950249671936,697.5856323242188,0.5799862742424011
sample_00088,32,1,block_out,0.9987996816635132,0.05694722756743431,20.47119140625,0.003046472556889057
sample_00088,32,23,block_out,0.7376941442489624,0.6924437284469604,946.6178588867188,1.1429634094238281
sample_00088,32,27,block_out,0.8077890872955322,0.597334086894989,1097.005615234375,1.7643927335739136
sample_00088,32,31,block_out,0.8135423064231873,0.6172348260879517,585.603515625,3.4157896041870117
sample_00088,32,8,block_out,0.9806448817253113,0.19893740117549896,219.24774169921875,0.1197766363620758
sample_00088,4,16,block_out,0.8631972670555115,0.5093086361885071,688.111572265625,0.5807367563247681
sample_00088,4,1,block_out,0.9983943104743958,0.06447812169790268,21.3212890625,0.0036437888629734516
sample_00088,4,23,block_out,0.7369487881660461,0.6952690482139587,954.405029296875,1.1442586183547974
sample_00088,4,27,block_out,0.8041819334030151,0.6045905351638794,1108.991943359375,1.7847574949264526
sample_00088,4,31,block_out,0.8167569041252136,0.6136940717697144,419.94921875,3.522848129272461
sample_00088,4,8,block_out,0.9780300855636597,0.2119455337524414,221.20751953125,0.11980681866407394
sample_00088,63,16,block_out,0.8727519512176514,0.4909636974334717,610.66943359375,0.5654382109642029
sample_00088,63,1,block_out,0.9985592365264893,0.060043737292289734,25.945953369140625,0.002808704972267151
sample_00088,63,23,block_out,0.7581278085708618,0.6685298681259155,1015.2491455078125,1.1353665590286255
sample_00088,63,27,block_out,0.8232138752937317,0.574436366558075,1204.4385986328125,1.7226096391677856
sample_00088,63,31,block_out,0.8158999085426331,0.6016261577606201,676.6568603515625,3.15706729888916
sample_00088,63,8,block_out,0.987720787525177,0.15933804214000702,140.34707641601562,0.12001734226942062
sample_00089,0,16,block_out,0.9135386943817139,0.40769651532173157,224.251220703125,0.582913339138031
sample_00089,0,1,block_out,1.0004900693893433,0.0005323812365531921,0.037841796875,0.0001724041358102113
sample_00089,0,23,block_out,0.8034902811050415,0.6084142327308655,397.58740234375,1.1311345100402832
sample_00089,0,27,block_out,0.8530565500259399,0.5268084406852722,473.47802734375,1.677788496017456
sample_00089,0,31,block_out,0.8527169227600098,0.5553273558616638,489.1513671875,3.225800037384033
sample_00089,0,8,block_out,0.9928368330001831,0.12426961958408356,3.897705078125,0.11581407487392426
sample_00089,16,16,block_out,0.8587090373039246,0.5185880064964294,663.77392578125,0.6308549642562866
sample_00089,16,1,block_out,0.9924402236938477,0.12653027474880219,25.833984375,0.013024711050093174
sample_00089,16,23,block_out,0.732927680015564,0.704850971698761,909.45947265625,1.2071833610534668
sample_00089,16,27,block_out,0.790791928768158,0.6253318190574646,1022.0263671875,1.9074997901916504
sample_00089,16,31,block_out,0.7590135931968689,0.7150898575782776,501.087890625,3.870216131210327
sample_00089,16,8,block_out,0.9769341945648193,0.21782948076725006,201.52978515625,0.138535276055336
sample_00089,32,16,block_out,0.8396601676940918,0.5522950291633606,706.7606201171875,0.6493586897850037
sample_00089,32,1,block_out,0.9887568950653076,0.1527727246284485,24.76171875,0.019658034667372704
sample_00089,32,23,block_out,0.7019153833389282,0.7430996894836426,965.3070068359375,1.2532097101211548
sample_00089,32,27,block_out,0.7600300908088684,0.6656210422515869,1148.4095458984375,1.9854671955108643
sample_00089,32,31,block_out,0.6985044479370117,0.8020539879798889,549.2503662109375,4.170516014099121
sample_00089,32,8,block_out,0.9718850255012512,0.24046911299228668,250.5955810546875,0.14534327387809753
sample_00089,4,16,block_out,0.8619974851608276,0.5118040442466736,625.92138671875,0.6128705739974976
sample_00089,4,1,block_out,0.9970032572746277,0.08335369825363159,22.1669921875,0.0055730510503053665
sample_00089,4,23,block_out,0.7311534881591797,0.7068758606910706,834.613037109375,1.1887078285217285
sample_00089,4,27,block_out,0.7943042516708374,0.6195647716522217,957.485595703125,1.8753371238708496
sample_00089,4,31,block_out,0.7842835187911987,0.6850175261497498,626.8825073242188,3.786747455596924
sample_00089,4,8,block_out,0.97960364818573,0.20439229905605316,221.2607421875,0.126114621758461
sample_00089,63,16,block_out,0.8398842811584473,0.5525954365730286,535.23291015625,0.6431066989898682
sample_00089,63,1,block_out,0.9776325225830078,0.2128657102584839,27.5401611328125,0.03376522287726402
sample_00089,63,23,block_out,0.7231547236442566,0.717998743057251,903.880859375,1.226587176322937
sample_00089,63,27,block_out,0.779577910900116,0.6422915458679199,1072.2626953125,1.9018274545669556
sample_00089,63,31,block_out,0.7370089292526245,0.7273251414299011,584.193359375,3.655822515487671
sample_00089,63,8,block_out,0.9736299514770508,0.2338862121105194,183.9080810546875,0.16176733374595642
sample_00090,0,16,block_out,0.9103752374649048,0.4144844710826874,220.98504638671875,0.5660648941993713
sample_00090,0,1,block_out,1.0005117654800415,0.0005029157036915421,0.0322265625,0.000164912169566378
sample_00090,0,23,block_out,0.8031964302062988,0.6048309803009033,494.1998291015625,1.0732018947601318
sample_00090,0,27,block_out,0.8511309623718262,0.5300133228302002,615.7965087890625,1.6158053874969482
sample_00090,0,31,block_out,0.8572568893432617,0.5496432781219482,473.9769287109375,3.1905455589294434
sample_00090,0,8,block_out,0.9933438301086426,0.11983264237642288,2.562255859375,0.10836520791053772
sample_00090,16,16,block_out,0.8529516458511353,0.5261990427970886,565.84033203125,0.6206036806106567
sample_00090,16,1,block_out,0.9927480220794678,0.12418757379055023,25.927734375,0.013607258908450603
sample_00090,16,23,block_out,0.7122134566307068,0.7243642210960388,867.56787109375,1.1909129619598389
sample_00090,16,27,block_out,0.7710215449333191,0.6504186987876892,966.6123046875,1.9135894775390625
sample_00090,16,31,block_out,0.7396926879882812,0.7429677844047546,502.18304443359375,4.043398380279541
sample_00090,16,8,block_out,0.9828996062278748,0.18874505162239075,176.285400390625,0.13375328481197357
sample_00090,32,16,block_out,0.8300352096557617,0.5647962689399719,671.938232421875,0.6356605291366577
sample_00090,32,1,block_out,0.9867784976959229,0.16491375863552094,24.646484375,0.02240772917866707
sample_00090,32,23,block_out,0.6949679255485535,0.7457384467124939,909.2998046875,1.209727168083191
sample_00090,32,27,block_out,0.7528221011161804,0.6746515035629272,1063.134765625,1.9554945230484009
sample_00090,32,31,block_out,0.7202568650245667,0.7602720260620117,794.65185546875,4.058167457580566
sample_00090,32,8,block_out,0.9707017540931702,0.2459777444601059,188.595458984375,0.1436995565891266
sample_00090,4,16,block_out,0.8597567081451416,0.514750599861145,568.78076171875,0.5939912796020508
sample_00090,4,1,block_out,0.9970547556877136,0.0829419270157814,21.927734375,0.0059126256965100765
sample_00090,4,23,block_out,0.7312813997268677,0.7026376128196716,822.896240234375,1.1318747997283936
sample_00090,4,27,block_out,0.803162157535553,0.6057935357093811,990.767822265625,1.756434440612793
sample_00090,4,31,block_out,0.8024790287017822,0.6488101482391357,756.8058471679688,3.6158344745635986
sample_00090,4,8,block_out,0.985740602016449,0.17164435982704163,158.77734375,0.11785638332366943
sample_00090,63,16,block_out,0.8441809415817261,0.5426704287528992,507.906494140625,0.6271845698356628
sample_00090,63,1,block_out,0.9792460203170776,0.20529189705848694,27.27392578125,0.03475852310657501
sample_00090,63,23,block_out,0.7259047627449036,0.710597813129425,860.620849609375,1.1793673038482666
sample_00090,63,27,block_out,0.7758077383041382,0.6437331438064575,1031.389404296875,1.8531546592712402
sample_00090,63,31,block_out,0.7217771410942078,0.7403367757797241,611.9896850585938,3.75645112991333
sample_00090,63,8,block_out,0.9711533188819885,0.24668920040130615,142.54052734375,0.15376387536525726
sample_00091,0,16,block_out,0.9131115674972534,0.4083777070045471,233.3583984375,0.5515236854553223
sample_00091,0,1,block_out,1.0005191564559937,0.0005083995056338608,0.032470703125,0.00016517766925971955
sample_00091,0,23,block_out,0.8040581345558167,0.6016628742218018,459.766357421875,1.0658628940582275
sample_00091,0,27,block_out,0.850005030632019,0.5306790471076965,562.223388671875,1.6289138793945312
sample_00091,0,31,block_out,0.855550229549408,0.5558164715766907,577.978515625,3.186182737350464
sample_00091,0,8,block_out,0.9935795068740845,0.11789549887180328,2.35675048828125,0.10745784640312195
sample_00091,16,16,block_out,0.8753761053085327,0.485143780708313,592.623779296875,0.5605254769325256
sample_00091,16,1,block_out,0.9990401864051819,0.053555119782686234,21.18505859375,0.0028984583914279938
sample_00091,16,23,block_out,0.7658045887947083,0.6529361605644226,851.145751953125,1.086637258529663
sample_00091,16,27,block_out,0.8228722810745239,0.5742210745811462,966.474365234375,1.708025574684143
sample_00091,16,31,block_out,0.8333556056022644,0.5934114456176758,523.1796875,3.3606674671173096
sample_00091,16,8,block_out,0.989642322063446,0.14745007455348969,115.06602478027344,0.1124086007475853
sample_00091,32,16,block_out,0.91062992811203,0.4138777554035187,238.3812255859375,0.55958092212677
sample_00091,32,1,block_out,0.9991399049758911,0.05149596929550171,20.71875,0.00274855038151145
sample_00091,32,23,block_out,0.8043670058250427,0.5989623069763184,384.739013671875,1.093801736831665
sample_00091,32,27,block_out,0.8357769846916199,0.5531342029571533,461.8734130859375,1.7287607192993164
sample_00091,32,31,block_out,0.827812671661377,0.6027644872665405,486.6063232421875,3.386512517929077
sample_00091,32,8,block_out,0.9917075037956238,0.13261942565441132,60.212890625,0.11307895928621292
sample_00091,4,16,block_out,0.8791946768760681,0.47805920243263245,564.57568359375,0.5602824091911316
sample_00091,4,1,block_out,0.9988802671432495,0.05699388310313225,21.591796875,0.0031409936491400003
sample_00091,4,23,block_out,0.7675490379333496,0.6514829993247986,808.406982421875,1.0901225805282593
sample_00091,4,27,block_out,0.8244549632072449,0.5716504454612732,914.479736328125,1.7117341756820679
sample_00091,4,31,block_out,0.8388956189155579,0.5837051868438721,531.3316650390625,3.353118419647217
sample_00091,4,8,block_out,0.9892733693122864,0.14995339512825012,117.70751953125,0.11281665414571762
sample_00091,63,16,block_out,0.9085124731063843,0.41848763823509216,257.2420654296875,0.5557694435119629
sample_00091,63,1,block_out,0.9962131977081299,0.09191172569990158,22.7421875,0.007153382990509272
sample_00091,63,23,block_out,0.8126630783081055,0.5879718661308289,448.76904296875,1.0879853963851929
sample_00091,63,27,block_out,0.8477669954299927,0.5342618227005005,532.20849609375,1.6658995151519775
sample_00091,63,31,block_out,0.8208456635475159,0.6029561161994934,552.01123046875,3.1208512783050537
sample_00091,63,8,block_out,0.9911251664161682,0.1371511071920395,23.92138671875,0.11802820861339569
sample_00092,0,16,block_out,0.9066221714019775,0.42249664664268494,259.4849853515625,0.5761955380439758
sample_00092,0,1,block_out,1.0005061626434326,0.0005295159644447267,0.0302734375,0.00017087238666135818
sample_00092,0,23,block_out,0.7951467633247375,0.6163229942321777,522.1705322265625,1.087849497795105
sample_00092,0,27,block_out,0.8380280137062073,0.550119936466217,643.2301025390625,1.6578338146209717
sample_00092,0,31,block_out,0.84305739402771,0.5730424523353577,510.9284973144531,3.2626380920410156
sample_00092,0,8,block_out,0.9934254884719849,0.11898980289697647,3.05426025390625,0.10779333114624023
sample_00092,16,16,block_out,0.9037386178970337,0.4286467432975769,215.8067626953125,0.5844839811325073
sample_00092,16,1,block_out,0.9982588887214661,0.0664476677775383,20.63427734375,0.004106978885829449
sample_00092,16,23,block_out,0.7891944646835327,0.6224378347396851,421.94451904296875,1.123073935508728
sample_00092,16,27,block_out,0.8310592174530029,0.5609918236732483,519.6076049804688,1.7172867059707642
sample_00092,16,31,block_out,0.8275637030601501,0.6005451083183289,483.7369384765625,3.3689286708831787
sample_00092,16,8,block_out,0.9911594986915588,0.13677352666854858,74.724853515625,0.11394286155700684
sample_00092,32,16,block_out,0.9048378467559814,0.42632725834846497,222.2734375,0.5810826420783997
sample_00092,32,1,block_out,0.9983939528465271,0.06384425610303879,20.1220703125,0.0038557336665689945
sample_00092,32,23,block_out,0.7875149846076965,0.6236583590507507,419.69287109375,1.1313709020614624
sample_00092,32,27,block_out,0.8274857997894287,0.5660351514816284,504.40673828125,1.7366046905517578
sample_00092,32,31,block_out,0.8266955614089966,0.599398136138916,539.51708984375,3.333425521850586
sample_00092,32,8,block_out,0.9914084076881409,0.13473790884017944,67.382568359375,0.11498770117759705
sample_00092,4,16,block_out,0.8737802505493164,0.48786798119544983,529.5625,0.5850808024406433
sample_00092,4,1,block_out,0.9978151917457581,0.07314848154783249,21.06298828125,0.004763668403029442
sample_00092,4,23,block_out,0.747094988822937,0.6804215908050537,871.567626953125,1.136684775352478
sample_00092,4,27,block_out,0.8022395968437195,0.6045268177986145,1043.43359375,1.7779595851898193
sample_00092,4,31,block_out,0.8094731569290161,0.6373390555381775,488.4248046875,3.606349468231201
sample_00092,4,8,block_out,0.989870011806488,0.14598676562309265,89.61544799804688,0.11408531665802002
sample_00092,63,16,block_out,0.9088171720504761,0.418020635843277,249.9886474609375,0.5658607482910156
sample_00092,63,1,block_out,0.9992482662200928,0.048667773604393005,26.0440673828125,0.002356012351810932
sample_00092,63,23,block_out,0.8002917170524597,0.6061450839042664,495.7572021484375,1.117218255996704
sample_00092,63,27,block_out,0.8262748718261719,0.5700585842132568,602.787109375,1.7345541715621948
sample_00092,63,31,block_out,0.7688175439834595,0.6839073300361633,554.41650390625,3.384428024291992
sample_00092,63,8,block_out,0.9927120208740234,0.12466931343078613,16.303466796875,0.1137656718492508
sample_00093,0,16,block_out,0.9123585820198059,0.4100664556026459,216.7958984375,0.5562184453010559
sample_00093,0,1,block_out,1.0005568265914917,0.0005238465964794159,0.03515625,0.0001661421702010557
sample_00093,0,23,block_out,0.8076439499855042,0.5969346165657043,353.22100830078125,1.0626111030578613
sample_00093,0,27,block_out,0.8641636967658997,0.50563645362854,424.51788330078125,1.5518685579299927
sample_00093,0,31,block_out,0.8752446174621582,0.5113546252250671,449.775390625,2.978013038635254
sample_00093,0,8,block_out,0.993444561958313,0.11950147151947021,2.279449462890625,0.10837386548519135
sample_00093,16,16,block_out,0.88039231300354,0.4762170910835266,570.6583862304688,0.561430037021637
sample_00093,16,1,block_out,0.9990411996841431,0.054974183440208435,20.80615234375,0.0029000313952565193
sample_00093,16,23,block_out,0.7759125828742981,0.6414279341697693,773.6693725585938,1.093586802482605
sample_00093,16,27,block_out,0.843625545501709,0.5409594178199768,895.5648803710938,1.618442177772522
sample_00093,16,31,block_out,0.8534492254257202,0.552059531211853,541.8262329101562,3.1248655319213867
sample_00093,16,8,block_out,0.9902756214141846,0.1436130851507187,107.2900390625,0.11242864280939102
sample_00093,32,16,block_out,0.8987853527069092,0.43932831287384033,411.2757568359375,0.5585848689079285
sample_00093,32,1,block_out,0.9991505146026611,0.05245121568441391,20.24853515625,0.0027119407895952463
sample_00093,32,23,block_out,0.7848523855209351,0.6277044415473938,740.6351318359375,1.092155933380127
sample_00093,32,27,block_out,0.8469135761260986,0.5350983142852783,895.040771484375,1.61093270778656
sample_00093,32,31,block_out,0.8547095060348511,0.5483460426330566,506.4162902832031,3.071786403656006
sample_00093,32,8,block_out,0.9917889833450317,0.1325415074825287,70.34326171875,0.11277858912944794
sample_00093,4,16,block_out,0.8846076130867004,0.46821534633636475,535.8896484375,0.561276912689209
sample_00093,4,1,block_out,0.9987950325012207,0.05942847952246666,21.25830078125,0.003255851799622178
sample_00093,4,23,block_out,0.7775946259498596,0.6393493413925171,724.3565673828125,1.0901408195495605
sample_00093,4,27,block_out,0.8409857153892517,0.5453286170959473,847.3389892578125,1.6415784358978271
sample_00093,4,31,block_out,0.8551489114761353,0.5541529655456543,563.8291015625,3.184755802154541
sample_00093,4,8,block_out,0.9896829128265381,0.14772099256515503,107.21221923828125,0.11243844777345657
sample_00093,63,16,block_out,0.9162064790725708,0.4014725387096405,238.3802490234375,0.5359996557235718
sample_00093,63,1,block_out,0.9998177289962769,0.03741340711712837,26.25152587890625,0.0014120229752734303
sample_00093,63,23,block_out,0.8197286128997803,0.5768393278121948,453.3133544921875,1.0622014999389648
sample_00093,63,27,block_out,0.860541582107544,0.5122760534286499,547.6385498046875,1.579938292503357
sample_00093,63,31,block_out,0.8406978845596313,0.5667439103126526,557.5672607421875,3.0339462757110596
sample_00093,63,8,block_out,0.9930927753448486,0.12226776033639908,13.0733642578125,0.11178453266620636
sample_00094,0,16,block_out,0.9122126698493958,0.41028136014938354,236.726318359375,0.5538311004638672
sample_00094,0,1,block_out,1.0004922151565552,0.0005153165548108518,0.0361328125,0.00016817334108054638
sample_00094,0,23,block_out,0.8094849586486816,0.5944753289222717,455.908935546875,1.058678388595581
sample_00094,0,27,block_out,0.8559198379516602,0.5207709074020386,551.303466796875,1.5807784795761108
sample_00094,0,31,block_out,0.8577550053596497,0.547010600566864,518.0648193359375,3.1308891773223877
sample_00094,0,8,block_out,0.9936540126800537,0.11703016608953476,2.66461181640625,0.10562529414892197
sample_00094,16,16,block_out,0.8733566999435425,0.4891524910926819,557.95654296875,0.559472918510437
sample_00094,16,1,block_out,0.9987531900405884,0.058422818779945374,20.71435546875,0.003267827443778515
sample_00094,16,23,block_out,0.7647361755371094,0.6569916605949402,890.07666015625,1.0772475004196167
sample_00094,16,27,block_out,0.8280051946640015,0.5671511888504028,1035.621337890625,1.6489853858947754
sample_00094,16,31,block_out,0.8409380316734314,0.5771931409835815,487.1272277832031,3.258619546890259
sample_00094,16,8,block_out,0.9905433058738708,0.14109881222248077,96.1016845703125,0.11046496778726578
sample_00094,32,16,block_out,0.8671032786369324,0.5005274415016174,649.564697265625,0.55902099609375
sample_00094,32,1,block_out,0.9989159107208252,0.05512618646025658,20.20361328125,0.0030497023835778236
sample_00094,32,23,block_out,0.7513012886047363,0.6738211512565613,902.122802734375,1.083349347114563
sample_00094,32,27,block_out,0.8226634860038757,0.5744485855102539,1040.342041015625,1.6502952575683594
sample_00094,32,31,block_out,0.837589681148529,0.585547149181366,460.68377685546875,3.2499051094055176
sample_00094,32,8,block_out,0.9905440211296082,0.14094993472099304,92.914306640625,0.11164193600416183
sample_00094,4,16,block_out,0.8761398196220398,0.4839598536491394,578.072998046875,0.5606343746185303
sample_00094,4,1,block_out,0.9985413551330566,0.0623166561126709,21.1044921875,0.0038198819383978844
sample_00094,4,23,block_out,0.7678455710411072,0.6531341671943665,835.3760375976562,1.0833979845046997
sample_00094,4,27,block_out,0.8303396701812744,0.5628669857978821,972.2421875,1.6446908712387085
sample_00094,4,31,block_out,0.8436837196350098,0.5707944631576538,531.6751098632812,3.2343122959136963
sample_00094,4,8,block_out,0.9901410937309265,0.14403586089611053,104.0548095703125,0.11029349267482758
sample_00094,63,16,block_out,0.915198564529419,0.40385252237319946,295.880126953125,0.5376638770103455
sample_00094,63,1,block_out,0.9996684789657593,0.03861512616276741,25.5443115234375,0.0015741931274533272
sample_00094,63,23,block_out,0.8215435147285461,0.5742105841636658,564.114501953125,1.054043173789978
sample_00094,63,27,block_out,0.8586072325706482,0.5153192281723022,684.068115234375,1.586052417755127
sample_00094,63,31,block_out,0.8287014961242676,0.5916817784309387,565.124755859375,3.0508975982666016
sample_00094,63,8,block_out,0.9932329654693604,0.12042810767889023,11.855743408203125,0.11017586290836334
sample_00095,0,16,block_out,0.9206218719482422,0.39093807339668274,222.587890625,0.5555514097213745
sample_00095,0,1,block_out,1.0003541707992554,0.0005390074220485985,0.0380859375,0.00017668449436314404
sample_00095,0,23,block_out,0.818503737449646,0.5779834985733032,365.8212890625,1.1157511472702026
sample_00095,0,27,block_out,0.8702988028526306,0.49415716528892517,431.230712890625,1.5993224382400513
sample_00095,0,31,block_out,0.8770645260810852,0.5051043033599854,459.135009765625,2.9451353549957275
sample_00095,0,8,block_out,0.9939226508140564,0.11278663575649261,3.25244140625,0.10683423280715942
sample_00095,16,16,block_out,0.8589092493057251,0.5143407583236694,646.047607421875,0.5624399781227112
sample_00095,16,1,block_out,0.9982675909996033,0.06423674523830414,20.81005859375,0.0042413282208144665
sample_00095,16,23,block_out,0.7635257840156555,0.6536953449249268,896.5524291992188,1.1252360343933105
sample_00095,16,27,block_out,0.8391627669334412,0.5468902587890625,1019.0606689453125,1.6684333086013794
sample_00095,16,31,block_out,0.8601798415184021,0.5383266806602478,463.861083984375,3.0136513710021973
sample_00095,16,8,block_out,0.9797711968421936,0.2022024691104889,159.79592895507812,0.11622290313243866
sample_00095,32,16,block_out,0.8592855930328369,0.5135887265205383,663.392578125,0.5559521913528442
sample_00095,32,1,block_out,0.9984242916107178,0.06114808842539787,20.205078125,0.004009498283267021
sample_00095,32,23,block_out,0.7630109190940857,0.6543253064155579,901.2088012695312,1.1381804943084717
sample_00095,32,27,block_out,0.8315621614456177,0.559087336063385,1029.270751953125,1.715939998626709
sample_00095,32,31,block_out,0.8388683795928955,0.5818312764167786,461.61181640625,3.1575777530670166
sample_00095,32,8,block_out,0.9780747890472412,0.2101220190525055,197.88623046875,0.11536289006471634
sample_00095,4,16,block_out,0.8618354797363281,0.509194552898407,632.144775390625,0.5631159543991089
sample_00095,4,1,block_out,0.9980032444000244,0.06863853335380554,21.287109375,0.004574097227305174
sample_00095,4,23,block_out,0.7624751925468445,0.6546315550804138,878.209228515625,1.1287062168121338
sample_00095,4,27,block_out,0.8435878753662109,0.539351224899292,986.627197265625,1.645423173904419
sample_00095,4,31,block_out,0.8716207146644592,0.5163909792900085,481.6982727050781,2.9803502559661865
sample_00095,4,8,block_out,0.9765422940254211,0.2172999531030655,192.744140625,0.11589595675468445
sample_00095,63,16,block_out,0.9203549027442932,0.3915224075317383,243.87744140625,0.5453925132751465
sample_00095,63,1,block_out,0.9984089136123657,0.060336824506521225,21.2265625,0.003623401280492544
sample_00095,63,23,block_out,0.8165349960327148,0.5807703137397766,378.0811767578125,1.1683989763259888
sample_00095,63,27,block_out,0.8467264771461487,0.533419668674469,433.7061767578125,1.7545182704925537
sample_00095,63,31,block_out,0.8117632865905762,0.6148480772972107,460.2491455078125,3.1359663009643555
sample_00095,63,8,block_out,0.9888531565666199,0.1506878286600113,109.57936096191406,0.10976266860961914
sample_00096,0,16,block_out,0.9197207689285278,0.39307036995887756,227.970703125,0.5553215742111206
sample_00096,0,1,block_out,1.000365972518921,0.000533460930455476,0.033203125,0.0001755665725795552
sample_00096,0,23,block_out,0.8146957159042358,0.5832633376121521,364.156005859375,1.1163262128829956
sample_00096,0,27,block_out,0.8642927408218384,0.5045894384384155,427.271484375,1.6283574104309082
sample_00096,0,31,block_out,0.874061107635498,0.5067616105079651,451.939453125,2.9895503520965576
sample_00096,0,8,block_out,0.9941413402557373,0.11087320744991302,3.296875,0.1064378097653389
sample_00096,16,16,block_out,0.9217365384101868,0.3884277939796448,214.96728515625,0.5490390658378601
sample_00096,16,1,block_out,1.0003223419189453,0.0005285890074446797,0.033447265625,0.0001783191692084074
sample_00096,16,23,block_out,0.820530116558075,0.5736978054046631,368.95855712890625,1.1134333610534668
sample_00096,16,27,block_out,0.8695281147956848,0.4943804144859314,425.272216796875,1.6274608373641968
sample_00096,16,31,block_out,0.8632776737213135,0.5236412882804871,449.836669921875,2.938399314880371
sample_00096,16,8,block_out,0.9942314624786377,0.1098950132727623,3.1796875,0.10674308240413666
sample_00096,32,16,block_out,0.9237099885940552,0.38379454612731934,217.2706298828125,0.5447397828102112
sample_00096,32,1,block_out,1.0002880096435547,0.0005395525950007141,0.0390625,0.00018008994811680168
sample_00096,32,23,block_out,0.8240481019020081,0.5681936740875244,365.984619140625,1.1149836778640747
sample_00096,32,27,block_out,0.8679527640342712,0.49720171093940735,424.807861328125,1.6369402408599854
sample_00096,32,31,block_out,0.8527059555053711,0.5417269468307495,455.429443359375,2.8870017528533936
sample_00096,32,8,block_out,0.9942474961280823,0.10965150594711304,3.20263671875,0.10695836693048477
sample_00096,4,16,block_out,0.9218991994857788,0.38804689049720764,220.4453125,0.5488104820251465
sample_00096,4,1,block_out,1.0003588199615479,0.0005428760778158903,0.03515625,0.0001761247549438849
sample_00096,4,23,block_out,0.8210029602050781,0.5729478001594543,381.0860595703125,1.1062709093093872
sample_00096,4,27,block_out,0.8707301616668701,0.49224862456321716,449.6514892578125,1.6172882318496704
sample_00096,4,31,block_out,0.8661274909973145,0.5171619057655334,479.7569580078125,2.9546194076538086
sample_00096,4,8,block_out,0.9942542910575867,0.10971803218126297,3.220703125,0.10636341571807861
sample_00096,63,16,block_out,0.9298174977302551,0.3692958652973175,231.87646484375,0.5199384689331055
sample_00096,63,1,block_out,1.0002330541610718,0.0005422750837169588,0.0498046875,0.0001887331309262663
sample_00096,63,23,block_out,0.8375536203384399,0.5480216145515442,370.915283203125,1.0982455015182495
sample_00096,63,27,block_out,0.8721585273742676,0.4895595908164978,427.202392578125,1.6225067377090454
sample_00096,63,31,block_out,0.8500108122825623,0.5447142124176025,457.477783203125,2.813399314880371
sample_00096,63,8,block_out,0.994888424873352,0.10365331172943115,3.7271728515625,0.10183387994766235
sample_00097,0,16,block_out,0.9211646914482117,0.38962146639823914,221.21484375,0.5507857203483582
sample_00097,0,1,block_out,1.0003645420074463,0.0005270955734886229,0.025634765625,0.0001751316012814641
sample_00097,0,23,block_out,0.8137450814247131,0.5853655934333801,355.41064453125,1.1093158721923828
sample_00097,0,27,block_out,0.8599143028259277,0.5126914978027344,419.85302734375,1.6471047401428223
sample_00097,0,31,block_out,0.8647278547286987,0.5270635485649109,442.26318359375,3.0515999794006348
sample_00097,0,8,block_out,0.9942150115966797,0.11025529354810715,3.1708984375,0.10490211099386215
sample_00097,16,16,block_out,0.8524590730667114,0.5260617136955261,684.9849853515625,0.5580413937568665
sample_00097,16,1,block_out,0.997943639755249,0.06912992149591446,21.37158203125,0.004525416065007448
sample_00097,16,23,block_out,0.7508485913276672,0.6696704626083374,910.2701416015625,1.1242531538009644
sample_00097,16,27,block_out,0.8285027742385864,0.564343273639679,1067.4952392578125,1.7004902362823486
sample_00097,16,31,block_out,0.8433694839477539,0.5658989548683167,500.130126953125,3.159963607788086
sample_00097,16,8,block_out,0.9748249650001526,0.22499454021453857,228.9005126953125,0.11247403919696808
sample_00097,32,16,block_out,0.8561369776725769,0.5198978185653687,653.86474609375,0.5570694208145142
sample_00097,32,1,block_out,0.9982675313949585,0.06383787095546722,20.66650390625,0.004182640463113785
sample_00097,32,23,block_out,0.7561139464378357,0.663216769695282,875.4395751953125,1.131643533706665
sample_00097,32,27,block_out,0.8291996717453003,0.5629629492759705,1008.4385986328125,1.7181662321090698
sample_00097,32,31,block_out,0.8339821696281433,0.584587037563324,457.9013671875,3.181126832962036
sample_00097,32,8,block_out,0.9785283803939819,0.20808707177639008,204.1015625,0.11214002966880798
sample_00097,4,16,block_out,0.8569704294204712,0.5181466937065125,674.307861328125,0.5596585273742676
sample_00097,4,1,block_out,0.9974086880683899,0.0767984613776207,21.9384765625,0.0052187563851475716
sample_00097,4,23,block_out,0.746532142162323,0.6748644709587097,906.3544921875,1.1451259851455688
sample_00097,4,27,block_out,0.8244890570640564,0.570379376411438,1055.68359375,1.7360811233520508
sample_00097,4,31,block_out,0.8432758450508118,0.5723585486412048,462.78515625,3.247877597808838
sample_00097,4,8,block_out,0.9751139879226685,0.22387726604938507,218.300537109375,0.11337421834468842
sample_00097,63,16,block_out,0.8566202521324158,0.518372654914856,624.1875,0.552478015422821
sample_00097,63,1,block_out,0.9980090856552124,0.06677637249231339,24.7545166015625,0.0038241976872086525
sample_00097,63,23,block_out,0.7524380683898926,0.6703875660896301,972.607666015625,1.1556131839752197
sample_00097,63,27,block_out,0.8171273469924927,0.5808025598526001,1152.042236328125,1.7621514797210693
sample_00097,63,31,block_out,0.8102880716323853,0.6104873418807983,619.528564453125,3.1452796459198
sample_00097,63,8,block_out,0.9846861958503723,0.17584441602230072,158.9100341796875,0.11347123980522156
sample_00098,0,16,block_out,0.9191795587539673,0.3942525088787079,223.3466796875,0.5558019876480103
sample_00098,0,1,block_out,1.000359296798706,0.0005439725355245173,0.0380859375,0.00017798740009311587
sample_00098,0,23,block_out,0.8158231377601624,0.5812455415725708,360.64794921875,1.1114643812179565
sample_00098,0,27,block_out,0.8653786778450012,0.502881646156311,425.66162109375,1.6188467741012573
sample_00098,0,31,block_out,0.8680516481399536,0.5195944309234619,455.00537109375,3.0146567821502686
sample_00098,0,8,block_out,0.9937383532524109,0.11442016065120697,3.1533203125,0.10710068047046661
sample_00098,16,16,block_out,0.9214478731155396,0.38910216093063354,216.17431640625,0.550797164440155
sample_00098,16,1,block_out,1.0003175735473633,0.0005450103781186044,0.0380859375,0.0001806992368074134
sample_00098,16,23,block_out,0.8213520050048828,0.572218656539917,367.57763671875,1.1105436086654663
sample_00098,16,27,block_out,0.8659631609916687,0.5008435249328613,423.972412109375,1.6335289478302002
sample_00098,16,31,block_out,0.8553096055984497,0.5411109924316406,451.322021484375,3.0022740364074707
sample_00098,16,8,block_out,0.9938076734542847,0.11369698494672775,3.1064453125,0.10777051001787186
sample_00098,32,16,block_out,0.923029899597168,0.38537532091140747,215.03759765625,0.548017144203186
sample_00098,32,1,block_out,1.0002723932266235,0.0005513412761501968,0.0361328125,0.0001838441239669919
sample_00098,32,23,block_out,0.824805498123169,0.5670674443244934,367.330322265625,1.1150251626968384
sample_00098,32,27,block_out,0.8671350479125977,0.49878382682800293,424.878173828125,1.6371334791183472
sample_00098,32,31,block_out,0.844403862953186,0.5597837567329407,450.173095703125,2.974116802215576
sample_00098,32,8,block_out,0.9938334226608276,0.11343386769294739,3.11279296875,0.10826083272695541
sample_00098,4,16,block_out,0.9208239316940308,0.3905378580093384,213.889404296875,0.5501608848571777
sample_00098,4,1,block_out,1.000349998474121,0.0005469199386425316,0.0341796875,0.00018135513528250158
sample_00098,4,23,block_out,0.821962296962738,0.5714597702026367,364.693359375,1.1011860370635986
sample_00098,4,27,block_out,0.8725962042808533,0.4889083802700043,427.459716796875,1.5954692363739014
sample_00098,4,31,block_out,0.8685204386711121,0.5146331191062927,451.834716796875,2.934213638305664
sample_00098,4,8,block_out,0.9938623309135437,0.11326330900192261,3.11279296875,0.10690747946500778
sample_00098,63,16,block_out,0.9293792843818665,0.3705568313598633,230.3173828125,0.5199163556098938
sample_00098,63,1,block_out,1.0002150535583496,0.0005582033772952855,0.0380859375,0.00019118461932521313
sample_00098,63,23,block_out,0.8418241739273071,0.5407716631889343,373.222412109375,1.0816322565078735
sample_00098,63,27,block_out,0.8728262186050415,0.48845502734184265,430.952880859375,1.6153852939605713
sample_00098,63,31,block_out,0.8469671010971069,0.5511573553085327,455.093505859375,2.847731351852417
sample_00098,63,8,block_out,0.9944570064544678,0.10772939771413803,3.9752197265625,0.10381177067756653
sample_00099,0,16,block_out,0.9216011762619019,0.38859206438064575,219.18212890625,0.5443332195281982
sample_00099,0,1,block_out,1.0003893375396729,0.0005375532782636583,0.033203125,0.00017534494691062719
sample_00099,0,23,block_out,0.8141639232635498,0.5847384929656982,360.67822265625,1.1242353916168213
sample_00099,0,27,block_out,0.8593503832817078,0.5131598711013794,423.9130859375,1.6707382202148438
sample_00099,0,31,block_out,0.8634611964225769,0.5290091633796692,449.9716796875,3.067577838897705
sample_00099,0,8,block_out,0.9941813349723816,0.11062599718570709,3.2177734375,0.10500802099704742
sample_00099,16,16,block_out,0.8630669116973877,0.5079177021980286,661.5064697265625,0.5548290014266968
sample_00099,16,1,block_out,0.9978336691856384,0.07098360359668732,20.9345703125,0.004881782457232475
sample_00099,16,23,block_out,0.7570130228996277,0.6617419123649597,895.827880859375,1.1559959650039673
sample_00099,16,27,block_out,0.8265702724456787,0.5673904418945312,1055.122314453125,1.7477830648422241
sample_00099,16,31,block_out,0.8378093242645264,0.579304575920105,466.010498046875,3.2031617164611816
sample_00099,16,8,block_out,0.9752514362335205,0.22330068051815033,224.4984130859375,0.11331155896186829
sample_00099,32,16,block_out,0.8615436553955078,0.5104358196258545,667.332275390625,0.5525432825088501
sample_00099,32,1,block_out,0.9980573654174805,0.06714767217636108,20.31640625,0.004587316885590553
sample_00099,32,23,block_out,0.7579358220100403,0.660886287689209,911.7019653320312,1.1583656072616577
sample_00099,32,27,block_out,0.8253961205482483,0.5689576268196106,1059.2845458984375,1.76401948928833
sample_00099,32,31,block_out,0.8187334537506104,0.6130009889602661,449.5869140625,3.2533023357391357
sample_00099,32,8,block_out,0.9768142700195312,0.21633370220661163,205.287353515625,0.11335968226194382
sample_00099,4,16,block_out,0.8658359050750732,0.5028839707374573,650.8828125,0.5569879412651062
sample_00099,4,1,block_out,0.9973353147506714,0.0780705064535141,21.5478515625,0.005607535131275654
sample_00099,4,23,block_out,0.7463292479515076,0.6758865714073181,879.77978515625,1.1899385452270508
sample_00099,4,27,block_out,0.812239408493042,0.5888912081718445,1034.1865234375,1.8340290784835815
sample_00099,4,31,block_out,0.8244578838348389,0.6064321994781494,459.65380859375,3.385763645172119
sample_00099,4,8,block_out,0.9738810658454895,0.22966548800468445,216.75732421875,0.11514625698328018
sample_00099,63,16,block_out,0.8576922416687012,0.5175282955169678,684.9498291015625,0.5227171182632446
sample_00099,63,1,block_out,0.9990181922912598,0.04966915398836136,19.35888671875,0.003065268974751234
sample_00099,63,23,block_out,0.7697640061378479,0.6489059329032898,923.7135009765625,1.1282496452331543
sample_00099,63,27,block_out,0.8322734832763672,0.5584340691566467,1054.6549072265625,1.7035577297210693
sample_00099,63,31,block_out,0.8208440542221069,0.5954946875572205,442.421875,2.9833343029022217
sample_00099,63,8,block_out,0.9816340804100037,0.19247013330459595,190.24334716796875,0.10937865078449249
sample_00100,0,16,block_out,0.9149267077445984,0.40397384762763977,235.68798828125,0.563620924949646
sample_00100,0,1,block_out,1.0003119707107544,0.0005353293963707983,0.029296875,0.0001783748302841559
sample_00100,0,23,block_out,0.8090577721595764,0.5921676754951477,377.68408203125,1.1301937103271484
sample_00100,0,27,block_out,0.8655457496643066,0.501801609992981,445.74609375,1.6280773878097534
sample_00100,0,31,block_out,0.86995929479599,0.5244845151901245,475.6474609375,3.130280017852783
sample_00100,0,8,block_out,0.9923944473266602,0.12547147274017334,3.271728515625,0.11599035561084747
sample_00100,16,16,block_out,0.8441614508628845,0.5392034649848938,668.35107421875,0.5729537010192871
sample_00100,16,1,block_out,0.9976611733436584,0.07246410101652145,20.8330078125,0.005198839586228132
sample_00100,16,23,block_out,0.7437295317649841,0.6787900924682617,903.2457275390625,1.1220729351043701
sample_00100,16,27,block_out,0.8294214010238647,0.5619810819625854,1064.442626953125,1.6730122566223145
sample_00100,16,31,block_out,0.8650075793266296,0.5338048934936523,525.8062744140625,3.090625286102295
sample_00100,16,8,block_out,0.9685774445533752,0.2513123154640198,222.832275390625,0.12572021782398224
sample_00100,32,16,block_out,0.8423686027526855,0.5420742034912109,700.433837890625,0.5678313970565796
sample_00100,32,1,block_out,0.997929036617279,0.0681300088763237,20.185546875,0.0048360745422542095
sample_00100,32,23,block_out,0.744760274887085,0.6767726540565491,932.835205078125,1.1307971477508545
sample_00100,32,27,block_out,0.8183233141899109,0.5789013504981995,1100.608642578125,1.742634654045105
sample_00100,32,31,block_out,0.838067889213562,0.5826112031936646,501.377685546875,3.271134853363037
sample_00100,32,8,block_out,0.9692179560661316,0.24858658015727997,233.810791015625,0.12599796056747437
sample_00100,4,16,block_out,0.8514183759689331,0.5273337960243225,640.44140625,0.5738015174865723
sample_00100,4,1,block_out,0.9971524477005005,0.07942209392786026,21.3115234375,0.005918361246585846
sample_00100,4,23,block_out,0.742282509803772,0.6808241605758667,864.16552734375,1.1527162790298462
sample_00100,4,27,block_out,0.8244674801826477,0.5697037577629089,1002.758544921875,1.7188507318496704
sample_00100,4,31,block_out,0.8618121147155762,0.5431660413742065,551.7099609375,3.217806577682495
sample_00100,4,8,block_out,0.9683495759963989,0.25239017605781555,220.735595703125,0.12578381597995758
sample_00100,63,16,block_out,0.8392201066017151,0.5477304458618164,688.458984375,0.5655900835990906
sample_00100,63,1,block_out,0.9977504014968872,0.07017692178487778,24.51806640625,0.0044141956605017185
sample_00100,63,23,block_out,0.7401140332221985,0.6856757998466492,1014.134033203125,1.1469796895980835
sample_00100,63,27,block_out,0.8143491148948669,0.5839992761611938,1190.632080078125,1.7469233274459839
sample_00100,63,31,block_out,0.8048332333564758,0.6215637922286987,596.173095703125,3.1583046913146973
sample_00100,63,8,block_out,0.9782912135124207,0.20859336853027344,189.28302001953125,0.1283024400472641
sample_00101,0,16,block_out,0.9141981601715088,0.4056215286254883,238.562744140625,0.5682404041290283
sample_00101,0,1,block_out,1.0003151893615723,0.0005717012681998312,0.0361328125,0.00018950679805129766
sample_00101,0,23,block_out,0.8116852045059204,0.5884693264961243,375.31103515625,1.1198821067810059
sample_00101,0,27,block_out,0.8676209449768066,0.4987108111381531,442.580078125,1.6104642152786255
sample_00101,0,31,block_out,0.8698911666870117,0.5242722034454346,475.22607421875,3.114201068878174
sample_00101,0,8,block_out,0.9923858046531677,0.12557630240917206,2.9171142578125,0.11666718125343323
sample_00101,16,16,block_out,0.8549109697341919,0.5212455987930298,643.2659301757812,0.573970377445221
sample_00101,16,1,block_out,0.9994423389434814,0.0412447415292263,15.0244140625,0.002824723022058606
sample_00101,16,23,block_out,0.7575796842575073,0.6631449460983276,871.6741333007812,1.108673334121704
sample_00101,16,27,block_out,0.8441495299339294,0.538530707359314,961.7933349609375,1.6206040382385254
sample_00101,16,31,block_out,0.869284987449646,0.5201209783554077,457.7364501953125,3.0427181720733643
sample_00101,16,8,block_out,0.9787492156028748,0.2072586715221405,171.3831787109375,0.12195657193660736
sample_00101,32,16,block_out,0.8516582250595093,0.5267003178596497,663.8318481445312,0.5709190368652344
sample_00101,32,1,block_out,0.9995158314704895,0.03850167617201805,13.787353515625,0.002627498935908079
sample_00101,32,23,block_out,0.7515835762023926,0.6704580783843994,886.6848754882812,1.1308664083480835
sample_00101,32,27,block_out,0.8333756327629089,0.5560778975486755,992.177490234375,1.6874957084655762
sample_00101,32,31,block_out,0.8465746641159058,0.5572916269302368,474.57623291015625,3.176626443862915
sample_00101,32,8,block_out,0.9791678190231323,0.2051263302564621,179.41717529296875,0.12178898602724075
sample_00101,4,16,block_out,0.8565915822982788,0.5184162259101868,623.63525390625,0.5751519203186035
sample_00101,4,1,block_out,0.9992050528526306,0.046969152987003326,19.478271484375,0.0032881859224289656
sample_00101,4,23,block_out,0.7501852512359619,0.6735897064208984,861.847900390625,1.123799204826355
sample_00101,4,27,block_out,0.8391154408454895,0.5475947260856628,971.10791015625,1.646941900253296
sample_00101,4,31,block_out,0.8595873117446899,0.5409550666809082,489.606201171875,3.168189525604248
sample_00101,4,8,block_out,0.9758285284042358,0.2206779271364212,205.73291015625,0.12202873826026917
sample_00101,63,16,block_out,0.921156108379364,0.3898933529853821,233.722900390625,0.540449857711792
sample_00101,63,1,block_out,0.9997321367263794,0.030862968415021896,5.246307373046875,0.001972059952095151
sample_00101,63,23,block_out,0.827308177947998,0.5639035105705261,383.80126953125,1.117409110069275
sample_00101,63,27,block_out,0.8524178862571716,0.5238791108131409,442.50732421875,1.711549162864685
sample_00101,63,31,block_out,0.8054894208908081,0.6252147555351257,462.6201171875,3.121837615966797
sample_00101,63,8,block_out,0.9921786785125732,0.12683320045471191,15.2109375,0.11937503516674042
sample_00102,0,16,block_out,0.9132277965545654,0.4078669548034668,274.6044921875,0.5609964728355408
sample_00102,0,1,block_out,1.0003196001052856,0.0005616436246782541,0.03515625,0.00018637919856701046
sample_00102,0,23,block_out,0.8090052604675293,0.5912743806838989,450.300537109375,1.1140825748443604
sample_00102,0,27,block_out,0.8586053848266602,0.5142636299133301,529.913818359375,1.6346275806427002
sample_00102,0,31,block_out,0.8620213270187378,0.544293999671936,558.888427734375,3.1608529090881348
sample_00102,0,8,block_out,0.992973804473877,0.12083610147237778,3.0271759033203125,0.1121068075299263
sample_00102,16,16,block_out,0.845308780670166,0.5374547839164734,681.93359375,0.5693012475967407
sample_00102,16,1,block_out,0.9978321194648743,0.07009346783161163,19.57177734375,0.005195302423089743
sample_00102,16,23,block_out,0.7445719838142395,0.6783509254455566,931.619140625,1.1161140203475952
sample_00102,16,27,block_out,0.8258668780326843,0.567614734172821,1083.35498046875,1.690186858177185
sample_00102,16,31,block_out,0.8554147481918335,0.5576499104499817,460.4443359375,3.144699811935425
sample_00102,16,8,block_out,0.984546422958374,0.1771727204322815,134.2928466796875,0.12115376442670822
sample_00102,32,16,block_out,0.8492562174797058,0.5306007266044617,676.76806640625,0.5685270428657532
sample_00102,32,1,block_out,0.9981085062026978,0.06563050299882889,19.193359375,0.004806870594620705
sample_00102,32,23,block_out,0.7461205720901489,0.6752792596817017,921.70849609375,1.1375458240509033
sample_00102,32,27,block_out,0.8169394731521606,0.5807931423187256,1072.972900390625,1.7482694387435913
sample_00102,32,31,block_out,0.8351863026618958,0.5931247472763062,463.7593994140625,3.248795747756958
sample_00102,32,8,block_out,0.9865284562110901,0.1655702143907547,116.361572265625,0.12140145897865295
sample_00102,4,16,block_out,0.853863537311554,0.5231872797012329,642.27783203125,0.5709244012832642
sample_00102,4,1,block_out,0.9973253607749939,0.0772729367017746,20.52197265625,0.0060020871460437775
sample_00102,4,23,block_out,0.7401132583618164,0.6845635771751404,882.974609375,1.1590059995651245
sample_00102,4,27,block_out,0.8142736554145813,0.5854488611221313,1041.281494140625,1.7722729444503784
sample_00102,4,31,block_out,0.8429175615310669,0.5812206864356995,478.25,3.3772833347320557
sample_00102,4,8,block_out,0.9811195731163025,0.19564644992351532,159.66738891601562,0.12154462933540344
sample_00102,63,16,block_out,0.9170235991477966,0.399697870016098,302.5384521484375,0.5336291790008545
sample_00102,63,1,block_out,0.9990705251693726,0.04792081564664841,18.607666015625,0.0031557572074234486
sample_00102,63,23,block_out,0.8254466652870178,0.5663807988166809,488.9935302734375,1.0881881713867188
sample_00102,63,27,block_out,0.8539246320724487,0.5214243531227112,566.0980224609375,1.6805675029754639
sample_00102,63,31,block_out,0.8149690628051758,0.6063660979270935,578.5130615234375,3.0255439281463623
sample_00102,63,8,block_out,0.9925130605697632,0.1242842823266983,16.6280517578125,0.1181197464466095
sample_00103,0,16,block_out,0.9129927158355713,0.40833780169487,249.23565673828125,0.5720592141151428
sample_00103,0,1,block_out,1.0003113746643066,0.0005590508808381855,0.03125,0.0001867017854237929
sample_00103,0,23,block_out,0.804048478603363,0.6001920700073242,375.20245361328125,1.1372711658477783
sample_00103,0,27,block_out,0.8584656715393066,0.5144152045249939,433.9505615234375,1.6686208248138428
sample_00103,0,31,block_out,0.8664025664329529,0.5276352167129517,471.7777099609375,3.134399175643921
sample_00103,0,8,block_out,0.9923333525657654,0.12599313259124756,3.2684783935546875,0.11744485050439835
sample_00103,16,16,block_out,0.8279227018356323,0.5675175786018372,644.1658935546875,0.6353538632392883
sample_00103,16,1,block_out,0.9877896308898926,0.1578119397163391,23.162109375,0.02074914239346981
sample_00103,16,23,block_out,0.7144726514816284,0.7183994054794312,856.8282470703125,1.1958975791931152
sample_00103,16,27,block_out,0.7946084141731262,0.6151706576347351,1013.8001708984375,1.849357008934021
sample_00103,16,31,block_out,0.7892811298370361,0.6642454266548157,490.7108459472656,3.587862253189087
sample_00103,16,8,block_out,0.9636730551719666,0.27107635140419006,238.7821044921875,0.1554582118988037
sample_00103,32,16,block_out,0.8149248361587524,0.588690459728241,648.7023315429688,0.6652418971061707
sample_00103,32,1,block_out,0.9755873084068298,0.22084426879882812,21.7392578125,0.03676746413111687
sample_00103,32,23,block_out,0.6917662620544434,0.7484520077705383,852.0851440429688,1.2743418216705322
sample_00103,32,27,block_out,0.7336810827255249,0.6964395046234131,1024.7030029296875,2.1242129802703857
sample_00103,32,31,block_out,0.6755042672157288,0.8096538186073303,456.41448974609375,4.278947830200195
sample_00103,32,8,block_out,0.9585996866226196,0.2911728620529175,211.32537841796875,0.17862176895141602
sample_00103,4,16,block_out,0.8549145460128784,0.5219725370407104,599.748291015625,0.6013734936714172
sample_00103,4,1,block_out,0.9960281252861023,0.09253302961587906,21.4814453125,0.00804067775607109
sample_00103,4,23,block_out,0.7475347518920898,0.6757736802101135,807.342529296875,1.1561367511749268
sample_00103,4,27,block_out,0.8298319578170776,0.5620991587638855,944.667236328125,1.7303584814071655
sample_00103,4,31,block_out,0.8414938449859619,0.5815616250038147,753.1080322265625,3.2472949028015137
sample_00103,4,8,block_out,0.968567967414856,0.2515217661857605,217.839111328125,0.133796826004982
sample_00103,63,16,block_out,0.8070636987686157,0.6067874431610107,666.132080078125,0.6377752423286438
sample_00103,63,1,block_out,0.9668700695037842,0.25640785694122314,20.991455078125,0.05534888431429863
sample_00103,63,23,block_out,0.7122909426689148,0.7301812171936035,884.872802734375,1.2219200134277344
sample_00103,63,27,block_out,0.7651130557060242,0.6628981232643127,1001.239990234375,1.958296537399292
sample_00103,63,31,block_out,0.7225660681724548,0.7447253465652466,496.9755859375,3.625666856765747
sample_00103,63,8,block_out,0.9578055143356323,0.29599297046661377,206.47296142578125,0.18989059329032898
sample_00104,0,16,block_out,0.9175084829330444,0.39815598726272583,236.804443359375,0.5551697015762329
sample_00104,0,1,block_out,1.0003178119659424,0.0005572396330535412,0.0341796875,0.00018805876607075334
sample_00104,0,23,block_out,0.8121486306190491,0.5884295105934143,372.911376953125,1.1131179332733154
sample_00104,0,27,block_out,0.8618360161781311,0.5082501173019409,438.393310546875,1.6260623931884766
sample_00104,0,31,block_out,0.861086368560791,0.5385245680809021,465.881591796875,3.12107253074646
sample_00104,0,8,block_out,0.9927008152008057,0.12301492691040039,2.91070556640625,0.11492207646369934
sample_00104,16,16,block_out,0.9208841919898987,0.39051079750061035,225.7108154296875,0.5482981204986572
sample_00104,16,1,block_out,1.0002905130386353,0.0005650167004205287,0.04296875,0.00019049513502977788
sample_00104,16,23,block_out,0.8230894804000854,0.5701985955238342,377.5267333984375,1.0873656272888184
sample_00104,16,27,block_out,0.8645350933074951,0.5032684206962585,434.7386474609375,1.6352276802062988
sample_00104,16,31,block_out,0.8551328182220459,0.5442832112312317,456.6019287109375,3.0371901988983154
sample_00104,16,8,block_out,0.9928882122039795,0.12132716178894043,3.108642578125,0.11502032727003098
sample_00104,32,16,block_out,0.9218798279762268,0.3883231580257416,220.3453369140625,0.5434207320213318
sample_00104,32,1,block_out,1.0002471208572388,0.0005448150332085788,0.03564453125,0.0001902345393318683
sample_00104,32,23,block_out,0.8233767151832581,0.5694482326507568,370.4720458984375,1.0932422876358032
sample_00104,32,27,block_out,0.8618335723876953,0.5079296827316284,427.6800537109375,1.6564209461212158
sample_00104,32,31,block_out,0.8500692248344421,0.5528125762939453,454.3197021484375,3.0163440704345703
sample_00104,32,8,block_out,0.9929393529891968,0.12086432427167892,3.02325439453125,0.1153668463230133
sample_00104,4,16,block_out,0.9193153381347656,0.39414775371551514,221.352294921875,0.551003634929657
sample_00104,4,1,block_out,1.0003116130828857,0.0005483382265083492,0.033203125,0.0001855020091170445
sample_00104,4,23,block_out,0.8206102252006531,0.5736752152442932,366.281494140625,1.0861550569534302
sample_00104,4,27,block_out,0.8660935163497925,0.500643253326416,420.787353515625,1.6236344575881958
sample_00104,4,31,block_out,0.8630244731903076,0.5296299457550049,442.108642578125,3.0268285274505615
sample_00104,4,8,block_out,0.9928847551345825,0.12139441072940826,2.953643798828125,0.11461876332759857
sample_00104,63,16,block_out,0.927349328994751,0.3754703104496002,239.429443359375,0.5218182802200317
sample_00104,63,1,block_out,1.0002198219299316,0.0005560297868214548,0.0439453125,0.00019773858366534114
sample_00104,63,23,block_out,0.839785635471344,0.5443801283836365,373.354736328125,1.0736292600631714
sample_00104,63,27,block_out,0.8723077774047852,0.48925188183784485,424.726806640625,1.6132862567901611
sample_00104,63,31,block_out,0.836871862411499,0.5689815282821655,445.014892578125,2.8905372619628906
sample_00104,63,8,block_out,0.9935362339019775,0.11576277762651443,5.5863037109375,0.11136465519666672
sample_00105,0,16,block_out,0.9161328077316284,0.4017018675804138,224.3914794921875,0.5623090863227844
sample_00105,0,1,block_out,1.0005213022232056,0.0005500040715560317,0.041015625,0.00017443401156924665
sample_00105,0,23,block_out,0.8213751316070557,0.5756025314331055,451.0653076171875,1.0737024545669556
sample_00105,0,27,block_out,0.8685464262962341,0.49750465154647827,542.9315185546875,1.587807297706604
sample_00105,0,31,block_out,0.8692519664764404,0.5185585618019104,535.4949951171875,2.964855432510376
sample_00105,0,8,block_out,0.9923688173294067,0.1281743049621582,3.463714599609375,0.12071171402931213
sample_00105,16,16,block_out,0.8837482333183289,0.47024938464164734,622.8394775390625,0.5659548044204712
sample_00105,16,1,block_out,0.9989089965820312,0.056385334581136703,21.8203125,0.002763683907687664
sample_00105,16,23,block_out,0.788700520992279,0.6219752430915833,838.2510986328125,1.106249451637268
sample_00105,16,27,block_out,0.8463433980941772,0.5354325771331787,982.3662109375,1.6611577272415161
sample_00105,16,31,block_out,0.8448421359062195,0.5654985308647156,459.3809814453125,3.1588571071624756
sample_00105,16,8,block_out,0.9817559123039246,0.19394215941429138,204.161865234375,0.12494227290153503
sample_00105,32,16,block_out,0.8802092671394348,0.47711873054504395,660.0496826171875,0.5655897855758667
sample_00105,32,1,block_out,0.9990100264549255,0.05446721240878105,21.26123046875,0.0026121658738702536
sample_00105,32,23,block_out,0.7831425666809082,0.6293986439704895,885.956787109375,1.1108161211013794
sample_00105,32,27,block_out,0.8413951396942139,0.5435308218002319,1023.06298828125,1.6759276390075684
sample_00105,32,31,block_out,0.8315861225128174,0.5863254070281982,453.6290283203125,3.173015832901001
sample_00105,32,8,block_out,0.9822888374328613,0.19109834730625153,208.8070068359375,0.12467748671770096
sample_00105,4,16,block_out,0.8860568404197693,0.46562477946281433,611.9306640625,0.5658869743347168
sample_00105,4,1,block_out,0.9985921382904053,0.06194283068180084,22.24951171875,0.0031215061899274588
sample_00105,4,23,block_out,0.786425769329071,0.625044047832489,826.5696411132812,1.113001823425293
sample_00105,4,27,block_out,0.8428082466125488,0.5411274433135986,965.8176879882812,1.6869313716888428
sample_00105,4,31,block_out,0.844155490398407,0.5692808032035828,467.899658203125,3.222444534301758
sample_00105,4,8,block_out,0.9812619686126709,0.19649863243103027,208.4482421875,0.12534111738204956
sample_00105,63,16,block_out,0.8783100843429565,0.48074978590011597,614.430419921875,0.5531765818595886
sample_00105,63,1,block_out,0.9997766613960266,0.0374634675681591,26.166610717773438,0.0013968026032671332
sample_00105,63,23,block_out,0.7771707773208618,0.6391010284423828,965.2802734375,1.0915215015411377
sample_00105,63,27,block_out,0.8406992554664612,0.5459837913513184,1140.6826171875,1.6311452388763428
sample_00105,63,31,block_out,0.8315880298614502,0.5820766687393188,650.4404296875,3.0042598247528076
sample_00105,63,8,block_out,0.9873400926589966,0.16235578060150146,168.16709899902344,0.12440623342990875
sample_00106,0,16,block_out,0.9158611297607422,0.40235868096351624,235.458984375,0.5689468383789062
sample_00106,0,1,block_out,1.0005625486373901,0.0005264654173515737,0.044921875,0.00016720572602935135
sample_00106,0,23,block_out,0.8089209794998169,0.5953197479248047,369.33209228515625,1.1146501302719116
sample_00106,0,27,block_out,0.8508040904998779,0.5291547179222107,431.994873046875,1.6726882457733154
sample_00106,0,31,block_out,0.8489044308662415,0.5605587959289551,463.409912109375,3.153606653213501
sample_00106,0,8,block_out,0.9927511215209961,0.1253165453672409,3.38092041015625,0.11805319041013718
sample_00106,16,16,block_out,0.8765734434127808,0.4845132827758789,494.249267578125,0.6166619062423706
sample_00106,16,1,block_out,0.9925786256790161,0.12602099776268005,25.7392578125,0.01168061327189207
sample_00106,16,23,block_out,0.7457666993141174,0.6849034428596497,863.7550048828125,1.213958978652954
sample_00106,16,27,block_out,0.7882108092308044,0.6281232833862305,1040.6995849609375,1.9210673570632935
sample_00106,16,31,block_out,0.7502251267433167,0.724955677986145,512.0189208984375,3.810114860534668
sample_00106,16,8,block_out,0.9869614839553833,0.16593684256076813,83.00048828125,0.14018042385578156
sample_00106,32,16,block_out,0.8727151155471802,0.49320298433303833,536.9761962890625,0.6326870322227478
sample_00106,32,1,block_out,0.9861407279968262,0.169193297624588,24.72265625,0.019734187051653862
sample_00106,32,23,block_out,0.7388275861740112,0.6987202167510986,858.9034423828125,1.240838646888733
sample_00106,32,27,block_out,0.7778241038322449,0.6427305936813354,1023.4837646484375,1.961125135421753
sample_00106,32,31,block_out,0.7209482789039612,0.761061429977417,508.1448974609375,3.9303903579711914
sample_00106,32,8,block_out,0.9837711453437805,0.18495599925518036,61.987060546875,0.15253669023513794
sample_00106,4,16,block_out,0.8831720352172852,0.47151312232017517,629.693359375,0.5757814645767212
sample_00106,4,1,block_out,0.9981412887573242,0.0694630891084671,21.962890625,0.003983299247920513
sample_00106,4,23,block_out,0.7677521705627441,0.6530992984771729,864.0498046875,1.1534451246261597
sample_00106,4,27,block_out,0.8198382258415222,0.5792861580848694,1021.6044921875,1.7844589948654175
sample_00106,4,31,block_out,0.8045023679733276,0.6471049785614014,471.474609375,3.4980342388153076
sample_00106,4,8,block_out,0.9884259104728699,0.1563236564397812,146.31024169921875,0.12363901734352112
sample_00106,63,16,block_out,0.8755219578742981,0.48790374398231506,489.312255859375,0.6233530044555664
sample_00106,63,1,block_out,0.979886531829834,0.20257993042469025,27.5426025390625,0.029669983312487602
sample_00106,63,23,block_out,0.7645334005355835,0.6613554954528809,831.965087890625,1.201553225517273
sample_00106,63,27,block_out,0.799653947353363,0.613762378692627,997.906494140625,1.8618158102035522
sample_00106,63,31,block_out,0.7443758845329285,0.7135011553764343,700.2010498046875,3.530722141265869
sample_00106,63,8,block_out,0.9799147844314575,0.20680147409439087,72.154296875,0.15903344750404358
sample_00107,0,16,block_out,0.9149774312973022,0.40435123443603516,254.7894287109375,0.5710158348083496
sample_00107,0,1,block_out,1.0005731582641602,0.0005451632314361632,0.041015625,0.00017320059123449028
sample_00107,0,23,block_out,0.8201695084571838,0.5768964886665344,390.56591796875,1.082889199256897
sample_00107,0,27,block_out,0.8679025769233704,0.4988163411617279,461.14501953125,1.602323293685913
sample_00107,0,31,block_out,0.8648655414581299,0.5287994742393494,493.55517578125,3.0175957679748535
sample_00107,0,8,block_out,0.991589367389679,0.13413143157958984,3.5076904296875,0.12628893554210663
sample_00107,16,16,block_out,0.8824047446250916,0.47325095534324646,617.678955078125,0.5775164365768433
sample_00107,16,1,block_out,0.9984726905822754,0.06443607062101364,22.39111328125,0.0033996962010860443
sample_00107,16,23,block_out,0.779245138168335,0.6360043287277222,964.919677734375,1.1051366329193115
sample_00107,16,27,block_out,0.8376728296279907,0.5511396527290344,1150.047119140625,1.692047357559204
sample_00107,16,31,block_out,0.8318209052085876,0.5887055993080139,546.761962890625,3.256295680999756
sample_00107,16,8,block_out,0.9890281558036804,0.1522105634212494,115.0760498046875,0.13066984713077545
sample_00107,32,16,block_out,0.9138594269752502,0.40700608491897583,249.353271484375,0.5738347172737122
sample_00107,32,1,block_out,0.9986456632614136,0.06155173480510712,21.81787109375,0.003200205974280834
sample_00107,32,23,block_out,0.8181386590003967,0.5792738199234009,395.33251953125,1.1054534912109375
sample_00107,32,27,block_out,0.8524377942085266,0.5261245369911194,470.72705078125,1.7073270082473755
sample_00107,32,31,block_out,0.8281830549240112,0.5913634896278381,500.66455078125,3.2493221759796143
sample_00107,32,8,block_out,0.9899618029594421,0.14580680429935455,73.7486572265625,0.13055087625980377
sample_00107,4,16,block_out,0.8821818232536316,0.47340190410614014,650.73095703125,0.5773859620094299
sample_00107,4,1,block_out,0.9981155395507812,0.07000131905078888,22.9013671875,0.0039060756098479033
sample_00107,4,23,block_out,0.7775138020515442,0.63788902759552,905.776123046875,1.119850754737854
sample_00107,4,27,block_out,0.8343209028244019,0.5558785796165466,1071.935302734375,1.7339164018630981
sample_00107,4,31,block_out,0.8271960020065308,0.6010860800743103,496.5546875,3.384406805038452
sample_00107,4,8,block_out,0.9873152375221252,0.16315776109695435,144.44573974609375,0.13153773546218872
sample_00107,63,16,block_out,0.9156972169876099,0.40264251828193665,244.4365234375,0.568178117275238
sample_00107,63,1,block_out,0.9994966387748718,0.04538535699248314,26.358245849609375,0.0019497063476592302
sample_00107,63,23,block_out,0.8297176361083984,0.5618217587471008,402.8974609375,1.1022194623947144
sample_00107,63,27,block_out,0.8635101914405823,0.5075607299804688,474.5498046875,1.6394741535186768
sample_00107,63,31,block_out,0.8321276307106018,0.5805217027664185,498.61004638671875,2.9703032970428467
sample_00107,63,8,block_out,0.9912766218185425,0.13645456731319427,20.571502685546875,0.1281474083662033
sample_00108,0,16,block_out,0.9153494834899902,0.4035685956478119,224.3699951171875,0.5679628849029541
sample_00108,0,1,block_out,1.0005204677581787,0.0005469921161420643,0.039306640625,0.00017380328790750355
sample_00108,0,23,block_out,0.8180644512176514,0.5804012417793274,450.5330810546875,1.0883572101593018
sample_00108,0,27,block_out,0.8654587268829346,0.5033575892448425,544.2645263671875,1.6209888458251953
sample_00108,0,31,block_out,0.8650747537612915,0.5313038229942322,546.4383544921875,3.0550477504730225
sample_00108,0,8,block_out,0.9924122095108032,0.12788456678390503,3.399658203125,0.12092848867177963
sample_00108,16,16,block_out,0.8697497844696045,0.49723803997039795,659.988037109375,0.610279381275177
sample_00108,16,1,block_out,0.9927363991737366,0.12446045875549316,25.794921875,0.011255278252065182
sample_00108,16,23,block_out,0.7568977475166321,0.6676716804504395,863.714599609375,1.1952221393585205
sample_00108,16,27,block_out,0.8024845719337463,0.6047080755233765,1040.2457275390625,1.888078212738037
sample_00108,16,31,block_out,0.7625218033790588,0.7030848264694214,539.7509765625,3.773820638656616
sample_00108,16,8,block_out,0.9779291152954102,0.21322888135910034,228.280029296875,0.1424521803855896
sample_00108,32,16,block_out,0.854059100151062,0.5273075103759766,649.6396484375,0.6409791707992554
sample_00108,32,1,block_out,0.9849416017532349,0.17583230137825012,24.703125,0.020296217873692513
sample_00108,32,23,block_out,0.738511860370636,0.692343533039093,878.2210693359375,1.2297309637069702
sample_00108,32,27,block_out,0.7823036909103394,0.6319207549095154,1056.953369140625,1.9460362195968628
sample_00108,32,31,block_out,0.7189093232154846,0.7524705529212952,580.17431640625,3.9268901348114014
sample_00108,32,8,block_out,0.9759986996650696,0.22330935299396515,193.7670135498047,0.15644103288650513
sample_00108,4,16,block_out,0.8825545310974121,0.4725703299045563,632.97509765625,0.5791321396827698
sample_00108,4,1,block_out,0.9982566833496094,0.067166268825531,23.064453125,0.003707840107381344
sample_00108,4,23,block_out,0.7775625586509705,0.638037383556366,846.593994140625,1.147406816482544
sample_00108,4,27,block_out,0.8326284885406494,0.5586453676223755,977.355712890625,1.770092248916626
sample_00108,4,31,block_out,0.8177670240402222,0.6220618486404419,774.0252075195312,3.4411206245422363
sample_00108,4,8,block_out,0.9802337288856506,0.20152144134044647,220.01904296875,0.12886974215507507
sample_00108,63,16,block_out,0.8532714247703552,0.5316505432128906,599.5523681640625,0.6098628640174866
sample_00108,63,1,block_out,0.9790868759155273,0.20609712600708008,23.1328125,0.031185947358608246
sample_00108,63,23,block_out,0.751757800579071,0.676678478717804,966.8475341796875,1.1691478490829468
sample_00108,63,27,block_out,0.8049640655517578,0.6039732694625854,1142.8836669921875,1.791573166847229
sample_00108,63,31,block_out,0.7750889658927917,0.6706139445304871,722.3125610351562,3.3169212341308594
sample_00108,63,8,block_out,0.9714558720588684,0.24478203058242798,199.29429626464844,0.165928453207016
sample_00109,0,16,block_out,0.9132866263389587,0.4081498086452484,230.9188232421875,0.5737707018852234
sample_00109,0,1,block_out,1.0005052089691162,0.0005492176860570908,0.0341796875,0.00017515225044917315
sample_00109,0,23,block_out,0.8155767917633057,0.5850305557250977,452.7044677734375,1.0868937969207764
sample_00109,0,27,block_out,0.8645265102386475,0.5049633979797363,544.8858642578125,1.5979357957839966
sample_00109,0,31,block_out,0.8695111274719238,0.5186209082603455,555.8233642578125,2.987150192260742
sample_00109,0,8,block_out,0.9920291900634766,0.13071341812610626,3.45684814453125,0.12364449352025986
sample_00109,16,16,block_out,0.880469799041748,0.47638165950775146,628.324462890625,0.5775299072265625
sample_00109,16,1,block_out,0.9990667104721069,0.05319856479763985,21.41845703125,0.0026657741982489824
sample_00109,16,23,block_out,0.7838186621665955,0.6293999552726746,861.9345703125,1.1054273843765259
sample_00109,16,27,block_out,0.8445885181427002,0.5382941961288452,980.22802734375,1.655706763267517
sample_00109,16,31,block_out,0.8487612009048462,0.5566933751106262,535.1974487304688,3.098285436630249
sample_00109,16,8,block_out,0.9831649661064148,0.186344176530838,176.91162109375,0.12800268828868866
sample_00109,32,16,block_out,0.8811410069465637,0.4749906659126282,621.8801879882812,0.5765444040298462
sample_00109,32,1,block_out,0.9991719722747803,0.05099191144108772,20.93310546875,0.002539245877414942
sample_00109,32,23,block_out,0.783600389957428,0.6291933655738831,844.7688598632812,1.1139625310897827
sample_00109,32,27,block_out,0.839657723903656,0.5462304353713989,950.826416015625,1.6938062906265259
sample_00109,32,31,block_out,0.835736870765686,0.5834264755249023,535.3673095703125,3.175311803817749
sample_00109,32,8,block_out,0.9837409853935242,0.18321439623832703,184.791748046875,0.12806561589241028
sample_00109,4,16,block_out,0.8825305104255676,0.4723590612411499,613.5841064453125,0.5781826972961426
sample_00109,4,1,block_out,0.998920738697052,0.056160107254981995,21.77197265625,0.0028647303115576506
sample_00109,4,23,block_out,0.7843238115310669,0.6285756826400757,836.2684326171875,1.111889362335205
sample_00109,4,27,block_out,0.8447848558425903,0.5377312302589417,944.19873046875,1.6615864038467407
sample_00109,4,31,block_out,0.8561499118804932,0.5442368984222412,545.4638671875,3.1006457805633545
sample_00109,4,8,block_out,0.9818649291992188,0.1931312084197998,195.06884765625,0.12886618077754974
sample_00109,63,16,block_out,0.8849514126777649,0.46768245100975037,555.85498046875,0.5482493042945862
sample_00109,63,1,block_out,0.9996458292007446,0.04011087119579315,20.302734375,0.0018461598083376884
sample_00109,63,23,block_out,0.7833212614059448,0.629460871219635,962.464111328125,1.0853861570358276
sample_00109,63,27,block_out,0.8503447771072388,0.529211699962616,1144.413330078125,1.587038516998291
sample_00109,63,31,block_out,0.8411118388175964,0.5669679045677185,652.776611328125,2.8971312046051025
sample_00109,63,8,block_out,0.9882653951644897,0.1565518081188202,153.793701171875,0.1248115673661232
sample_00110,0,16,block_out,0.910958468914032,0.41287001967430115,240.2794189453125,0.5852338075637817
sample_00110,0,1,block_out,1.0003610849380493,0.0005368386046029627,0.03173828125,0.00017798996123019606
sample_00110,0,23,block_out,0.8175977468490601,0.5794671177864075,365.970703125,1.11000657081604
sample_00110,0,27,block_out,0.8652127981185913,0.5027132630348206,421.5986328125,1.641254186630249
sample_00110,0,31,block_out,0.8783880472183228,0.5125816464424133,447.0693359375,3.0652544498443604
sample_00110,0,8,block_out,0.9910539388656616,0.13600166141986847,2.7843017578125,0.12342879921197891
sample_00110,16,16,block_out,0.849628746509552,0.5308507680892944,658.344970703125,0.5926661491394043
sample_00110,16,1,block_out,0.9979026317596436,0.06971774995326996,20.826171875,0.004613876808434725
sample_00110,16,23,block_out,0.7651121616363525,0.6521849632263184,871.824951171875,1.1239240169525146
sample_00110,16,27,block_out,0.8366960287094116,0.550413966178894,1014.619140625,1.6876462697982788
sample_00110,16,31,block_out,0.8602217435836792,0.5445172190666199,445.3173828125,3.149899959564209
sample_00110,16,8,block_out,0.9732444882392883,0.23229576647281647,207.185791015625,0.13192901015281677
sample_00110,32,16,block_out,0.8469933271408081,0.5348132848739624,686.8284912109375,0.5939791202545166
sample_00110,32,1,block_out,0.9981914758682251,0.06487688422203064,20.20849609375,0.004276434890925884
sample_00110,32,23,block_out,0.7605863809585571,0.6571634411811829,905.4281005859375,1.1451863050460815
sample_00110,32,27,block_out,0.8271985054016113,0.5652454495429993,1058.972412109375,1.7394013404846191
sample_00110,32,31,block_out,0.8421889543533325,0.5786784887313843,450.24658203125,3.2565197944641113
sample_00110,32,8,block_out,0.973532497882843,0.23090778291225433,221.79916381835938,0.13136638700962067
sample_00110,4,16,block_out,0.853361964225769,0.5245508551597595,642.655029296875,0.5946876406669617
sample_00110,4,1,block_out,0.9974139928817749,0.0767131969332695,21.318359375,0.0052420408464968204
sample_00110,4,23,block_out,0.7655441761016846,0.6517239809036255,861.168212890625,1.1267770528793335
sample_00110,4,27,block_out,0.8381446599960327,0.5477921366691589,991.457763671875,1.677722454071045
sample_00110,4,31,block_out,0.8696228265762329,0.5316511392593384,440.3604736328125,3.1274755001068115
sample_00110,4,8,block_out,0.9710882306098938,0.24145634472370148,220.532958984375,0.13207630813121796
sample_00110,63,16,block_out,0.8530568480491638,0.5249505043029785,643.6162109375,0.5799682140350342
sample_00110,63,1,block_out,0.9979640245437622,0.06768908351659775,24.7222900390625,0.004023212008178234
sample_00110,63,23,block_out,0.7625569701194763,0.6566436886787415,963.1474609375,1.1423263549804688
sample_00110,63,27,block_out,0.8203883767127991,0.5758325457572937,1123.11962890625,1.7647063732147217
sample_00110,63,31,block_out,0.8149979114532471,0.6056799292564392,505.45361328125,3.2287657260894775
sample_00110,63,8,block_out,0.98378986120224,0.1808806210756302,140.3153076171875,0.1302417367696762
sample_00111,0,16,block_out,0.9170491695404053,0.39917775988578796,234.9580078125,0.5668078660964966
sample_00111,0,1,block_out,1.0003689527511597,0.0005455926875583827,0.0400390625,0.0001813975686673075
sample_00111,0,23,block_out,0.8278584480285645,0.5640301704406738,379.77001953125,1.0774964094161987
sample_00111,0,27,block_out,0.8828648328781128,0.47015678882598877,435.45947265625,1.5587915182113647
sample_00111,0,31,block_out,0.8948028683662415,0.4780898094177246,462.68994140625,2.8560144901275635
sample_00111,0,8,block_out,0.9913169741630554,0.13403457403182983,2.8975830078125,0.12329208850860596
sample_00111,16,16,block_out,0.8715773224830627,0.4918416738510132,632.646728515625,0.5731714963912964
sample_00111,16,1,block_out,0.9979295134544373,0.06950654089450836,20.7333984375,0.004483395721763372
sample_00111,16,23,block_out,0.7839820384979248,0.6245938539505005,886.9418334960938,1.1080344915390015
sample_00111,16,27,block_out,0.8527117967605591,0.5243005156517029,1045.81005859375,1.6511640548706055
sample_00111,16,31,block_out,0.8680456876754761,0.5357959866523743,426.73828125,3.040372133255005
sample_00111,16,8,block_out,0.9818439483642578,0.19196490943431854,148.08935546875,0.13015076518058777
sample_00111,32,16,block_out,0.8673605918884277,0.4995478093624115,660.375732421875,0.5751683712005615
sample_00111,32,1,block_out,0.9981514811515808,0.06554078310728073,20.24609375,0.004183218814432621
sample_00111,32,23,block_out,0.7835246324539185,0.6253424286842346,912.662841796875,1.1154865026474
sample_00111,32,27,block_out,0.8523982167243958,0.5250341892242432,1066.741943359375,1.6544179916381836
sample_00111,32,31,block_out,0.8566307425498962,0.5564308166503906,436.06640625,3.0599710941314697
sample_00111,32,8,block_out,0.9798902273178101,0.20183642208576202,166.32394409179688,0.13056689500808716
sample_00111,4,16,block_out,0.8594424724578857,0.5141091346740723,658.318603515625,0.5748023390769958
sample_00111,4,1,block_out,0.9973993301391602,0.0770617127418518,21.59130859375,0.005236417055130005
sample_00111,4,23,block_out,0.7594557404518127,0.6582841873168945,900.943603515625,1.1405224800109863
sample_00111,4,27,block_out,0.8342760801315308,0.5543078780174255,1058.6673583984375,1.7347924709320068
sample_00111,4,31,block_out,0.8567425608634949,0.5644878149032593,473.4466552734375,3.253807544708252
sample_00111,4,8,block_out,0.9775757789611816,0.2131594866514206,186.95516967773438,0.1318608969449997
sample_00111,63,16,block_out,0.9199830889701843,0.39245113730430603,232.29248046875,0.5531225204467773
sample_00111,63,1,block_out,0.9991750121116638,0.04687889665365219,19.2373046875,0.0027917674742639065
sample_00111,63,23,block_out,0.8397735357284546,0.544322669506073,379.4732666015625,1.0982975959777832
sample_00111,63,27,block_out,0.8669440150260925,0.499451220035553,434.5611572265625,1.6710827350616455
sample_00111,63,31,block_out,0.8240624666213989,0.5930197238922119,457.3502197265625,3.039630174636841
sample_00111,63,8,block_out,0.9902216792106628,0.14154423773288727,70.2557144165039,0.12454003840684891
sample_00112,0,16,block_out,0.9123128652572632,0.4098665714263916,242.6319580078125,0.5797888040542603
sample_00112,0,1,block_out,1.0003433227539062,0.0005535000818781555,0.0419921875,0.00018324331904295832
sample_00112,0,23,block_out,0.8214248418807983,0.5734717845916748,377.5328369140625,1.0936251878738403
sample_00112,0,27,block_out,0.8790200352668762,0.47722798585891724,431.1480712890625,1.5726772546768188
sample_00112,0,31,block_out,0.8962813019752502,0.4732990860939026,470.8004150390625,2.9197683334350586
sample_00112,0,8,block_out,0.9909494519233704,0.13668192923069,2.7667236328125,0.12429923564195633
sample_00112,16,16,block_out,0.8537342548370361,0.5235077738761902,657.8616333007812,0.5883684754371643
sample_00112,16,1,block_out,0.997812032699585,0.07082486897706985,21.22119140625,0.004653061740100384
sample_00112,16,23,block_out,0.7702734470367432,0.644697904586792,868.8379516601562,1.1201475858688354
sample_00112,16,27,block_out,0.8448516130447388,0.5373861789703369,1009.586181640625,1.6578688621520996
sample_00112,16,31,block_out,0.8716115951538086,0.5255936980247498,456.2528076171875,3.0611205101013184
sample_00112,16,8,block_out,0.9726271033287048,0.23481304943561554,213.71807861328125,0.13235874474048615
sample_00112,32,16,block_out,0.8529166579246521,0.5246447324752808,672.6695556640625,0.5874814987182617
sample_00112,32,1,block_out,0.998104989528656,0.06598923355340958,20.55517578125,0.004307984374463558
sample_00112,32,23,block_out,0.765821635723114,0.6496256589889526,890.7432861328125,1.1439447402954102
sample_00112,32,27,block_out,0.8409966230392456,0.5432033538818359,1042.7474365234375,1.6824750900268555
sample_00112,32,31,block_out,0.8553654551506042,0.5539230108261108,459.6258544921875,3.135462999343872
sample_00112,32,8,block_out,0.9729934930801392,0.2331293821334839,224.75497436523438,0.13191121816635132
sample_00112,4,16,block_out,0.8592123985290527,0.5140698552131653,631.593505859375,0.5883634090423584
sample_00112,4,1,block_out,0.9973353147506714,0.0775730311870575,21.71337890625,0.005261800717562437
sample_00112,4,23,block_out,0.771338164806366,0.6427884101867676,846.506103515625,1.1237409114837646
sample_00112,4,27,block_out,0.8458671569824219,0.5352136492729187,978.63671875,1.6569689512252808
sample_00112,4,31,block_out,0.8813878297805786,0.5138393044471741,452.2994384765625,3.079742908477783
sample_00112,4,8,block_out,0.9704058766365051,0.2441345751285553,226.327880859375,0.13290734589099884
sample_00112,63,16,block_out,0.8534241914749146,0.524146556854248,633.5614013671875,0.5872510075569153
sample_00112,63,1,block_out,0.9979345798492432,0.0680965855717659,24.7166748046875,0.004069661255925894
sample_00112,63,23,block_out,0.7608190774917603,0.6588427424430847,962.5672607421875,1.1622270345687866
sample_00112,63,27,block_out,0.8274007439613342,0.5657047629356384,1100.0721435546875,1.747929573059082
sample_00112,63,31,block_out,0.8210523128509521,0.5959110856056213,489.8016357421875,3.1575751304626465
sample_00112,63,8,block_out,0.98447585105896,0.17702600359916687,129.0814208984375,0.13056716322898865
sample_00113,0,16,block_out,0.9138244390487671,0.4065169394016266,240.42498779296875,0.5774495005607605
sample_00113,0,1,block_out,1.0003738403320312,0.0005569022032432258,0.0390625,0.00018148015078622848
sample_00113,0,23,block_out,0.8173407912254333,0.5802189707756042,368.54266357421875,1.1149953603744507
sample_00113,0,27,block_out,0.867730975151062,0.4980810284614563,413.025146484375,1.649214744567871
sample_00113,0,31,block_out,0.8815711736679077,0.5056236982345581,446.587646484375,3.0371546745300293
sample_00113,0,8,block_out,0.9911171197891235,0.13553477823734283,2.8077392578125,0.12326523661613464
sample_00113,16,16,block_out,0.9139670133590698,0.4062759280204773,241.74609375,0.5738497972488403
sample_00113,16,1,block_out,1.0003491640090942,0.0005462055560201406,0.03515625,0.00018093180551659316
sample_00113,16,23,block_out,0.8174883127212524,0.5780296325683594,405.7054443359375,1.1239951848983765
sample_00113,16,27,block_out,0.870469868183136,0.49294885993003845,463.7171630859375,1.645098328590393
sample_00113,16,31,block_out,0.8741053342819214,0.509426474571228,474.3031005859375,2.992685079574585
sample_00113,16,8,block_out,0.991369366645813,0.13357055187225342,3.0228271484375,0.1225707158446312
sample_00113,32,16,block_out,0.9146796464920044,0.4047003984451294,246.10693359375,0.5717427730560303
sample_00113,32,1,block_out,1.000307321548462,0.0005529928021132946,0.0380859375,0.00018464060849510133
sample_00113,32,23,block_out,0.8214337825775146,0.572151780128479,413.03759765625,1.1216808557510376
sample_00113,32,27,block_out,0.8735641241073608,0.4874861240386963,473.39501953125,1.6277260780334473
sample_00113,32,31,block_out,0.8755505084991455,0.5060580968856812,486.95751953125,2.9027814865112305
sample_00113,32,8,block_out,0.9914392828941345,0.13301019370555878,3.09033203125,0.12267089635133743
sample_00113,4,16,block_out,0.9143425226211548,0.4054034352302551,239.781005859375,0.575136125087738
sample_00113,4,1,block_out,1.0003641843795776,0.0005555339739657938,0.03076171875,0.000182530508027412
sample_00113,4,23,block_out,0.8154637813568115,0.5820189714431763,380.99267578125,1.115152359008789
sample_00113,4,27,block_out,0.869532585144043,0.4944894015789032,433.137939453125,1.6380141973495483
sample_00113,4,31,block_out,0.8842149376869202,0.4984096884727478,463.270751953125,3.008042097091675
sample_00113,4,8,block_out,0.9913288950920105,0.13389502465724945,2.891357421875,0.12306042015552521
sample_00113,63,16,block_out,0.9178640842437744,0.3975527584552765,245.706298828125,0.5656043291091919
sample_00113,63,1,block_out,0.9995969533920288,0.03656937554478645,21.6234130859375,0.0012278807116672397
sample_00113,63,23,block_out,0.8321802616119385,0.5561729073524475,386.241943359375,1.1306489706039429
sample_00113,63,27,block_out,0.8621300458908081,0.5082018971443176,441.447998046875,1.7049683332443237
sample_00113,63,31,block_out,0.8362521529197693,0.5666578412055969,454.625732421875,3.005739688873291
sample_00113,63,8,block_out,0.9915029406547546,0.13242316246032715,9.50299072265625,0.12303303927183151
sample_00114,0,16,block_out,0.9108479022979736,0.41318243741989136,244.0821533203125,0.5886078476905823
sample_00114,0,1,block_out,1.000388741493225,0.0005557200056500733,0.0302734375,0.00017968344036489725
sample_00114,0,23,block_out,0.8168660998344421,0.5814449787139893,372.0418701171875,1.1075067520141602
sample_00114,0,27,block_out,0.8722265362739563,0.4897964596748352,421.2032470703125,1.6286067962646484
sample_00114,0,31,block_out,0.882689356803894,0.4982606768608093,461.4844970703125,3.0182430744171143
sample_00114,0,8,block_out,0.9909050464630127,0.13707588613033295,2.9549560546875,0.12602169811725616
sample_00114,16,16,block_out,0.8557610511779785,0.5207110047340393,653.73046875,0.5973650217056274
sample_00114,16,1,block_out,0.9979875087738037,0.06884334236383438,21.107421875,0.004383316729217768
sample_00114,16,23,block_out,0.7656545042991638,0.6519339680671692,864.9521484375,1.1341441869735718
sample_00114,16,27,block_out,0.8392747640609741,0.5468076467514038,1003.0533447265625,1.7158904075622559
sample_00114,16,31,block_out,0.849858283996582,0.5651189684867859,486.312255859375,3.260279417037964
sample_00114,16,8,block_out,0.969443678855896,0.24785767495632172,240.927734375,0.13273315131664276
sample_00114,32,16,block_out,0.8590596914291382,0.5144120454788208,648.3993530273438,0.5974907279014587
sample_00114,32,1,block_out,0.9982201457023621,0.06469494104385376,20.42333984375,0.004080405458807945
sample_00114,32,23,block_out,0.768753170967102,0.6471292972564697,862.0217895507812,1.146610975265503
sample_00114,32,27,block_out,0.8390040993690491,0.5470097064971924,992.250732421875,1.7364872694015503
sample_00114,32,31,block_out,0.8444885015487671,0.5676682591438293,467.8709716796875,3.2365682125091553
sample_00114,32,8,block_out,0.9709008932113647,0.2420141100883484,235.6004638671875,0.13282492756843567
sample_00114,4,16,block_out,0.8590487837791443,0.5149513483047485,632.44677734375,0.5985511541366577
sample_00114,4,1,block_out,0.9975155591964722,0.0756559744477272,21.57421875,0.0050057303160429
sample_00114,4,23,block_out,0.7670601606369019,0.6500425934791565,854.62451171875,1.131282925605774
sample_00114,4,27,block_out,0.8422483205795288,0.541816771030426,986.94970703125,1.700484037399292
sample_00114,4,31,block_out,0.8622833490371704,0.5505041480064392,488.056640625,3.2182607650756836
sample_00114,4,8,block_out,0.9702366590499878,0.244856595993042,229.51708984375,0.133159339427948
sample_00114,63,16,block_out,0.8555646538734436,0.5206779837608337,635.7823486328125,0.5916576981544495
sample_00114,63,1,block_out,0.9980575442314148,0.06663527339696884,24.8927001953125,0.0037494541611522436
sample_00114,63,23,block_out,0.7641963958740234,0.6552318930625916,931.0189208984375,1.163478136062622
sample_00114,63,27,block_out,0.8282247185707092,0.5655975341796875,1052.6878662109375,1.771191954612732
sample_00114,63,31,block_out,0.8142386674880981,0.6030365824699402,417.99658203125,3.231677532196045
sample_00114,63,8,block_out,0.9778684973716736,0.2106466293334961,197.001953125,0.13522008061408997
sample_00115,0,16,block_out,0.9114557504653931,0.41447028517723083,213.666015625,0.6115989685058594
sample_00115,0,1,block_out,1.0011727809906006,0.0005705943913199008,0.04296875,0.00017919097444973886
sample_00115,0,23,block_out,0.8191754221916199,0.586841344833374,406.5791015625,1.1311746835708618
sample_00115,0,27,block_out,0.8569815158843994,0.5210541486740112,493.59796142578125,1.7104322910308838
sample_00115,0,31,block_out,0.8334463834762573,0.5868254899978638,484.27130126953125,3.2555785179138184
sample_00115,0,8,block_out,0.9910841584205627,0.14219455420970917,4.251220703125,0.13172118365764618
sample_00115,16,16,block_out,0.8864248394966125,0.4687926769256592,631.3431396484375,0.6433203220367432
sample_00115,16,1,block_out,0.9959230422973633,0.10225246846675873,26.533203125,0.007208466529846191
sample_00115,16,23,block_out,0.7860493659973145,0.6345875263214111,845.5457763671875,1.20281183719635
sample_00115,16,27,block_out,0.8256968259811401,0.5715038180351257,1039.6453857421875,1.8457387685775757
sample_00115,16,31,block_out,0.7776147127151489,0.680242657661438,699.7484741210938,3.5151336193084717
sample_00115,16,8,block_out,0.9798849821090698,0.20709441602230072,246.7603759765625,0.14602521061897278
sample_00115,32,16,block_out,0.8852486610412598,0.4712923765182495,633.5235595703125,0.6460704207420349
sample_00115,32,1,block_out,0.9936075806617737,0.12263752520084381,25.52734375,0.01132916659116745
sample_00115,32,23,block_out,0.7840859889984131,0.6374022960662842,855.2357177734375,1.2126057147979736
sample_00115,32,27,block_out,0.824069619178772,0.572568416595459,1023.5115966796875,1.8506710529327393
sample_00115,32,31,block_out,0.774202823638916,0.6780309081077576,666.435546875,3.494384765625
sample_00115,32,8,block_out,0.9778913259506226,0.21714402735233307,252.78643798828125,0.15062297880649567
sample_00115,4,16,block_out,0.8931059837341309,0.4542391896247864,609.07080078125,0.6216652989387512
sample_00115,4,1,block_out,0.9994344115257263,0.05887859687209129,23.1767578125,0.002607545116916299
sample_00115,4,23,block_out,0.7973501682281494,0.6181838512420654,806.95458984375,1.1656162738800049
sample_00115,4,27,block_out,0.8355168104171753,0.5561149716377258,957.8447265625,1.8062169551849365
sample_00115,4,31,block_out,0.8027204275131226,0.6418726444244385,664.455078125,3.4346816539764404
sample_00115,4,8,block_out,0.9824699759483337,0.19354896247386932,235.8604736328125,0.13661281764507294
sample_00115,63,16,block_out,0.889074981212616,0.46371328830718994,565.506591796875,0.62266606092453
sample_00115,63,1,block_out,0.9869985580444336,0.16774152219295502,27.7022705078125,0.01785155199468136
sample_00115,63,23,block_out,0.8079278469085693,0.601956307888031,812.88818359375,1.1577603816986084
sample_00115,63,27,block_out,0.8584734201431274,0.5183282494544983,956.41650390625,1.6833646297454834
sample_00115,63,31,block_out,0.8193269968032837,0.6015467643737793,560.1350708007812,3.0481629371643066
sample_00115,63,8,block_out,0.9789505004882812,0.21239803731441498,238.2196044921875,0.15600581467151642
sample_00116,0,16,block_out,0.9099666476249695,0.4172725975513458,281.5948486328125,0.6111778616905212
sample_00116,0,1,block_out,1.0011107921600342,0.0005600182339549065,0.0400390625,0.0001774223055690527
sample_00116,0,23,block_out,0.8200874328613281,0.583193302154541,424.8193359375,1.1194345951080322
sample_00116,0,27,block_out,0.861297607421875,0.5130193829536438,497.5037841796875,1.6715459823608398
sample_00116,0,31,block_out,0.8386476039886475,0.5778913497924805,546.7967529296875,3.17154860496521
sample_00116,0,8,block_out,0.9907687306404114,0.14365918934345245,4.3994140625,0.13265936076641083
sample_00116,16,16,block_out,0.8827151656150818,0.4759584367275238,598.469482421875,0.6431522369384766
sample_00116,16,1,block_out,0.9955312609672546,0.10536891222000122,26.60546875,0.007665327284485102
sample_00116,16,23,block_out,0.7738613486289978,0.6509515047073364,799.685302734375,1.2009931802749634
sample_00116,16,27,block_out,0.8168055415153503,0.5849176645278931,980.516357421875,1.8599073886871338
sample_00116,16,31,block_out,0.7620530128479004,0.7062995433807373,748.5948486328125,3.606069803237915
sample_00116,16,8,block_out,0.9794400334358215,0.20885035395622253,241.701904296875,0.147268146276474
sample_00116,32,16,block_out,0.8836585283279419,0.47407230734825134,639.3702392578125,0.647224485874176
sample_00116,32,1,block_out,0.9925134181976318,0.1306912899017334,25.619140625,0.012221349403262138
sample_00116,32,23,block_out,0.7800350189208984,0.6425239443778992,873.0377197265625,1.2055914402008057
sample_00116,32,27,block_out,0.8209422826766968,0.5774224996566772,1045.2349853515625,1.8530603647232056
sample_00116,32,31,block_out,0.7663544416427612,0.6937918066978455,628.755859375,3.5408945083618164
sample_00116,32,8,block_out,0.9769300222396851,0.22129635512828827,247.9761962890625,0.15281996130943298
sample_00116,4,16,block_out,0.8877996802330017,0.464830607175827,545.8779296875,0.6234857439994812
sample_00116,4,1,block_out,0.9992413520812988,0.061035484075546265,23.05859375,0.0027805741410702467
sample_00116,4,23,block_out,0.7842814922332764,0.6355561017990112,819.702880859375,1.1620957851409912
sample_00116,4,27,block_out,0.8299885988235474,0.5647642016410828,1000.447021484375,1.7988665103912354
sample_00116,4,31,block_out,0.7952532768249512,0.6549625992774963,617.88427734375,3.4498202800750732
sample_00116,4,8,block_out,0.982454776763916,0.19314433634281158,233.823486328125,0.1375177502632141
sample_00116,63,16,block_out,0.8781393766403198,0.48470547795295715,581.43603515625,0.6256401538848877
sample_00116,63,1,block_out,0.9859782457351685,0.17319723963737488,27.7220458984375,0.019406042993068695
sample_00116,63,23,block_out,0.7908082604408264,0.6265985369682312,862.643310546875,1.1547560691833496
sample_00116,63,27,block_out,0.848153829574585,0.5365797877311707,1004.26318359375,1.6982554197311401
sample_00116,63,31,block_out,0.8113513588905334,0.61556077003479,565.0096435546875,3.0821385383605957
sample_00116,63,8,block_out,0.9780417084693909,0.21648924052715302,236.9110107421875,0.15883956849575043
sample_00117,0,16,block_out,0.9139673709869385,0.4085938632488251,221.72021484375,0.6017478704452515
sample_00117,0,1,block_out,1.0011518001556396,0.0005647556390613317,0.0380859375,0.00017696798022370785
sample_00117,0,23,block_out,0.8171893954277039,0.5877615213394165,405.59423828125,1.1365597248077393
sample_00117,0,27,block_out,0.8523533940315247,0.5271750688552856,494.7490234375,1.7124780416488647
sample_00117,0,31,block_out,0.8330962657928467,0.5886685252189636,482.27490234375,3.24021577835083
sample_00117,0,8,block_out,0.9918190240859985,0.1365114003419876,4.301513671875,0.12676310539245605
sample_00117,16,16,block_out,0.8869766592979431,0.46826356649398804,597.6783447265625,0.6483967900276184
sample_00117,16,1,block_out,0.996265709400177,0.09855539351701736,22.234375,0.0073404195718467236
sample_00117,16,23,block_out,0.7757012844085693,0.6483561396598816,774.8387451171875,1.2324482202529907
sample_00117,16,27,block_out,0.8095422387123108,0.5964381098747253,944.7281494140625,1.9153629541397095
sample_00117,16,31,block_out,0.7520389556884766,0.7166093587875366,884.3603515625,3.6648080348968506
sample_00117,16,8,block_out,0.98079514503479,0.20227625966072083,249.432373046875,0.1416415125131607
sample_00117,32,16,block_out,0.8798809051513672,0.48208415508270264,616.4056396484375,0.6527119278907776
sample_00117,32,1,block_out,0.9932515025138855,0.12521865963935852,21.802734375,0.011738055385649204
sample_00117,32,23,block_out,0.7684517502784729,0.6592013835906982,797.7076416015625,1.235005259513855
sample_00117,32,27,block_out,0.8099085688591003,0.594883918762207,953.7032470703125,1.8930158615112305
sample_00117,32,31,block_out,0.7542428374290466,0.7060071229934692,697.502685546875,3.594151020050049
sample_00117,32,8,block_out,0.9786674976348877,0.2131693810224533,254.2679443359375,0.14668916165828705
sample_00117,4,16,block_out,0.8952890634536743,0.44942212104797363,567.9370727539062,0.6153636574745178
sample_00117,4,1,block_out,0.9994289875030518,0.05857757478952408,22.6728515625,0.0025344337336719036
sample_00117,4,23,block_out,0.7922269701957703,0.6238510012626648,723.4891967773438,1.178906798362732
sample_00117,4,27,block_out,0.8270968198776245,0.5691940188407898,826.1776733398438,1.8384313583374023
sample_00117,4,31,block_out,0.7782769203186035,0.6821014285087585,725.5069580078125,3.5521180629730225
sample_00117,4,8,block_out,0.9840037822723389,0.18504996597766876,240.740234375,0.13177375495433807
sample_00117,63,16,block_out,0.886712908744812,0.46890273690223694,481.3800048828125,0.6240498423576355
sample_00117,63,1,block_out,0.9868587851524353,0.1683056801557541,27.9351806640625,0.01848584972321987
sample_00117,63,23,block_out,0.7950965166091919,0.6206727027893066,695.657958984375,1.1759474277496338
sample_00117,63,27,block_out,0.8463298082351685,0.539137601852417,827.55517578125,1.7234761714935303
sample_00117,63,31,block_out,0.8059284090995789,0.6220099329948425,740.1932373046875,3.102277994155884
sample_00117,63,8,block_out,0.9794438481330872,0.20970149338245392,231.1490478515625,0.15206308662891388
sample_00118,0,16,block_out,0.9076986312866211,0.42334917187690735,315.4771728515625,0.6188912391662598
sample_00118,0,1,block_out,1.001187801361084,0.0005718195461668074,0.0390625,0.00017813472368288785
sample_00118,0,23,block_out,0.8129931092262268,0.595586895942688,620.8172607421875,1.130568265914917
sample_00118,0,27,block_out,0.8542720079421997,0.5254676938056946,771.9029541015625,1.7009379863739014
sample_00118,0,31,block_out,0.8350297808647156,0.5820616483688354,497.0450439453125,3.2190639972686768
sample_00118,0,8,block_out,0.9909745454788208,0.14310133457183838,5.507354736328125,0.1322009116411209
sample_00118,16,16,block_out,0.8856754899024963,0.4705289900302887,663.6270751953125,0.6484578847885132
sample_00118,16,1,block_out,0.9959328174591064,0.10224767029285431,26.5791015625,0.00710443826392293
sample_00118,16,23,block_out,0.7846225500106812,0.636151134967804,889.4659423828125,1.2036347389221191
sample_00118,16,27,block_out,0.8243617415428162,0.5729659199714661,1073.7921142578125,1.8530263900756836
sample_00118,16,31,block_out,0.7724842429161072,0.6868680715560913,817.4172973632812,3.543400526046753
sample_00118,16,8,block_out,0.9799991250038147,0.20665480196475983,247.0401611328125,0.14648251235485077
sample_00118,32,16,block_out,0.8830654621124268,0.4757239818572998,662.9349975585938,0.6498997211456299
sample_00118,32,1,block_out,0.9936410188674927,0.12238883972167969,25.5703125,0.011233559809625149
sample_00118,32,23,block_out,0.782353401184082,0.6398453116416931,878.8676147460938,1.2094086408615112
sample_00118,32,27,block_out,0.8211149573326111,0.5772422552108765,1051.91845703125,1.864632487297058
sample_00118,32,31,block_out,0.7688242197036743,0.6855228543281555,661.6396484375,3.5182571411132812
sample_00118,32,8,block_out,0.9781791567802429,0.21573907136917114,249.81390380859375,0.15095089375972748
sample_00118,4,16,block_out,0.8903151750564575,0.4607059955596924,643.3466796875,0.635087251663208
sample_00118,4,1,block_out,0.9991521239280701,0.06371035426855087,23.69189453125,0.0032673629466444254
sample_00118,4,23,block_out,0.7928158640861511,0.623786985874176,838.68017578125,1.1778459548950195
sample_00118,4,27,block_out,0.833351731300354,0.5601403117179871,1010.58984375,1.8145631551742554
sample_00118,4,31,block_out,0.7914590239524841,0.6618710160255432,503.47607421875,3.481462240219116
sample_00118,4,8,block_out,0.9822195768356323,0.1951190084218979,243.788330078125,0.13951823115348816
sample_00118,63,16,block_out,0.88788902759552,0.4665781259536743,550.88916015625,0.6298055648803711
sample_00118,63,1,block_out,0.9871282577514648,0.1669989377260208,27.9808349609375,0.017828840762376785
sample_00118,63,23,block_out,0.8062467575073242,0.6054645776748657,804.8013916015625,1.1587239503860474
sample_00118,63,27,block_out,0.852642834186554,0.5296451449394226,931.5963134765625,1.715552568435669
sample_00118,63,31,block_out,0.8116303086280823,0.6150068044662476,525.7115478515625,3.0960943698883057
sample_00118,63,8,block_out,0.9784045815467834,0.2151993364095688,240.76611328125,0.1569208949804306
sample_00119,0,16,block_out,0.9090002179145813,0.41991740465164185,256.066162109375,0.6157019734382629
sample_00119,0,1,block_out,1.001157283782959,0.0005700713954865932,0.0400390625,0.00017868752183858305
sample_00119,0,23,block_out,0.8162041306495667,0.5911690592765808,413.19970703125,1.135323166847229
sample_00119,0,27,block_out,0.8560575246810913,0.5226060748100281,502.1986083984375,1.7085195779800415
sample_00119,0,31,block_out,0.83095383644104,0.5932118892669678,500.33642578125,3.2701568603515625
sample_00119,0,8,block_out,0.9910240173339844,0.14245471358299255,4.2998046875,0.13194052875041962
sample_00119,16,16,block_out,0.8846171498298645,0.4721713066101074,624.6945190429688,0.6452295184135437
sample_00119,16,1,block_out,0.9960529208183289,0.1007884293794632,26.587890625,0.007003661245107651
sample_00119,16,23,block_out,0.7850072383880615,0.6356692910194397,840.3781127929688,1.1968430280685425
sample_00119,16,27,block_out,0.8289453983306885,0.5663338303565979,1012.350341796875,1.8233259916305542
sample_00119,16,31,block_out,0.7790124416351318,0.6790869235992432,621.530029296875,3.4912426471710205
sample_00119,16,8,block_out,0.9793867468833923,0.20931148529052734,253.3031005859375,0.14587634801864624
sample_00119,32,16,block_out,0.8833235502243042,0.47513124346733093,617.571044921875,0.6492906808853149
sample_00119,32,1,block_out,0.9934577941894531,0.12365524470806122,25.552734375,0.011242671869695187
sample_00119,32,23,block_out,0.7854387760162354,0.6352639198303223,818.74755859375,1.2048697471618652
sample_00119,32,27,block_out,0.8287875056266785,0.565034031867981,978.4560546875,1.8234879970550537
sample_00119,32,31,block_out,0.7780802845954895,0.6735490560531616,610.642578125,3.432567596435547
sample_00119,32,8,block_out,0.9768906831741333,0.22173115611076355,245.62716674804688,0.15152062475681305
sample_00119,4,16,block_out,0.8883243203163147,0.46428537368774414,619.673828125,0.6335678100585938
sample_00119,4,1,block_out,0.9992640018463135,0.06141240522265434,23.2548828125,0.00320532638579607
sample_00119,4,23,block_out,0.7919146418571472,0.6260131597518921,834.49755859375,1.170026183128357
sample_00119,4,27,block_out,0.8336523175239563,0.5607817769050598,994.42236328125,1.8061195611953735
sample_00119,4,31,block_out,0.7967150211334229,0.6527537107467651,588.6319580078125,3.4717860221862793
sample_00119,4,8,block_out,0.9814209938049316,0.19886134564876556,247.478759765625,0.13941092789173126
sample_00119,63,16,block_out,0.8874064683914185,0.46668487787246704,597.6862182617188,0.6227371096611023
sample_00119,63,1,block_out,0.9870990514755249,0.16706252098083496,24.32421875,0.018132762983441353
sample_00119,63,23,block_out,0.8114092350006104,0.5960046052932739,744.1139526367188,1.1452556848526
sample_00119,63,27,block_out,0.8613128066062927,0.5133395791053772,842.9081420898438,1.6661524772644043
sample_00119,63,31,block_out,0.8253223299980164,0.5947613716125488,579.6298828125,2.9715592861175537
sample_00119,63,8,block_out,0.9757410883903503,0.22751031816005707,259.2154541015625,0.15545064210891724
sample_00120,0,16,block_out,0.9201543927192688,0.39272576570510864,237.9765625,0.5537185072898865
sample_00120,0,1,block_out,1.000874400138855,0.0005179219879209995,0.0341796875,0.000161229312652722
sample_00120,0,23,block_out,0.8193326592445374,0.581045389175415,365.53021240234375,1.0860837697982788
sample_00120,0,27,block_out,0.8650599718093872,0.5054593682289124,415.97265625,1.6228865385055542
sample_00120,0,31,block_out,0.8702852129936218,0.5189580917358398,480.5633544921875,2.982572078704834
sample_00120,0,8,block_out,0.9940643906593323,0.11545434594154358,3.0369873046875,0.10885332524776459
sample_00120,16,16,block_out,0.8808366656303406,0.4770861864089966,660.321044921875,0.5905989408493042
sample_00120,16,1,block_out,0.9945092797279358,0.11270203441381454,26.7490234375,0.009270786307752132
sample_00120,16,23,block_out,0.7630566954612732,0.6616324782371521,888.253662109375,1.1803162097930908
sample_00120,16,27,block_out,0.8137680292129517,0.590632438659668,1019.469482421875,1.8331953287124634
sample_00120,16,31,block_out,0.8137915134429932,0.6303626894950867,715.6499633789062,3.4638478755950928
sample_00120,16,8,block_out,0.9804137349128723,0.20241336524486542,227.398193359375,0.12838013470172882
sample_00120,32,16,block_out,0.8768125772476196,0.48523759841918945,675.739990234375,0.5913557410240173
sample_00120,32,1,block_out,0.990864098072052,0.1411718726158142,25.6328125,0.014535239897668362
sample_00120,32,23,block_out,0.7630600929260254,0.6622382998466492,909.1329345703125,1.1752686500549316
sample_00120,32,27,block_out,0.8166089653968811,0.5860127210617065,1050.5831298828125,1.8015062808990479
sample_00120,32,31,block_out,0.8052654266357422,0.6440115571022034,903.0906982421875,3.400298833847046
sample_00120,32,8,block_out,0.9782887101173401,0.2134326994419098,223.850341796875,0.13325637578964233
sample_00120,4,16,block_out,0.8900781273841858,0.4586966931819916,596.138427734375,0.5701076984405518
sample_00120,4,1,block_out,0.9985401034355164,0.0682101771235466,21.97412109375,0.0035804312210530043
sample_00120,4,23,block_out,0.7792602777481079,0.6405185461044312,835.360107421875,1.1316310167312622
sample_00120,4,27,block_out,0.8325189352035522,0.5614131093025208,956.692138671875,1.7479248046875
sample_00120,4,31,block_out,0.8279862403869629,0.6007501482963562,770.9178466796875,3.3059515953063965
sample_00120,4,8,block_out,0.9846391677856445,0.17926491796970367,216.25634765625,0.11569062620401382
sample_00120,63,16,block_out,0.8733605146408081,0.4923067092895508,671.627685546875,0.5870998501777649
sample_00120,63,1,block_out,0.9838928580284119,0.18383315205574036,28.3804931640625,0.023782387375831604
sample_00120,63,23,block_out,0.7672981023788452,0.6600691676139832,957.1728515625,1.1704461574554443
sample_00120,63,27,block_out,0.8274383544921875,0.5701804757118225,1104.3681640625,1.7360866069793701
sample_00120,63,31,block_out,0.8069304823875427,0.6259216666221619,733.4295654296875,3.1972169876098633
sample_00120,63,8,block_out,0.980877161026001,0.20087315142154694,220.71414184570312,0.13860851526260376
sample_00121,0,16,block_out,0.9176254868507385,0.3986733555793762,233.29150390625,0.5663260817527771
sample_00121,0,1,block_out,1.0008039474487305,0.0005368784186430275,0.052978515625,0.00016616492939647287
sample_00121,0,23,block_out,0.8194801807403564,0.5822420120239258,368.49853515625,1.0874443054199219
sample_00121,0,27,block_out,0.8664277791976929,0.5025496482849121,440.520263671875,1.6242810487747192
sample_00121,0,31,block_out,0.8743517994880676,0.5065231323242188,450.934326171875,2.965919256210327
sample_00121,0,8,block_out,0.9934381246566772,0.12033563107252121,2.90704345703125,0.11370190232992172
sample_00121,16,16,block_out,0.8765530586242676,0.48523813486099243,654.337158203125,0.6052429676055908
sample_00121,16,1,block_out,0.9947887063026428,0.10949771106243134,26.833984375,0.009109508246183395
sample_00121,16,23,block_out,0.7581266760826111,0.6694750785827637,876.2393798828125,1.1875866651535034
sample_00121,16,27,block_out,0.8174881339073181,0.5840054154396057,992.6854248046875,1.8205444812774658
sample_00121,16,31,block_out,0.8189916610717773,0.6156395673751831,759.956787109375,3.433234453201294
sample_00121,16,8,block_out,0.9808035492897034,0.19981712102890015,225.7734375,0.1314907670021057
sample_00121,32,16,block_out,0.8747814893722534,0.4893428683280945,641.7076416015625,0.6081422567367554
sample_00121,32,1,block_out,0.9898823499679565,0.14735254645347595,25.69140625,0.015385959297418594
sample_00121,32,23,block_out,0.7606122493743896,0.6669405698776245,868.6398315429688,1.1905988454818726
sample_00121,32,27,block_out,0.8173739910125732,0.5842739343643188,966.5966796875,1.8153166770935059
sample_00121,32,31,block_out,0.8085362911224365,0.6327184438705444,927.3956298828125,3.4165425300598145
sample_00121,32,8,block_out,0.9780727028846741,0.21396011114120483,210.4820556640625,0.14009462296962738
sample_00121,4,16,block_out,0.8856867551803589,0.46691033244132996,604.867431640625,0.5819138884544373
sample_00121,4,1,block_out,0.9982882738113403,0.07083406299352646,22.39697265625,0.0038055104669183493
sample_00121,4,23,block_out,0.7754961252212524,0.6449376344680786,809.2894287109375,1.1311992406845093
sample_00121,4,27,block_out,0.8366236686706543,0.553151547908783,922.6781005859375,1.7273095846176147
sample_00121,4,31,block_out,0.8407186269760132,0.5753895044326782,660.378662109375,3.263340711593628
sample_00121,4,8,block_out,0.9843884110450745,0.18018712103366852,203.55712890625,0.12032705545425415
sample_00121,63,16,block_out,0.8748114109039307,0.4892546534538269,639.3602294921875,0.5906968712806702
sample_00121,63,1,block_out,0.9832761287689209,0.1866777539253235,28.3262939453125,0.024881970137357712
sample_00121,63,23,block_out,0.7716343402862549,0.6519509553909302,988.70654296875,1.1678528785705566
sample_00121,63,27,block_out,0.8322677612304688,0.5622426867485046,1176.57763671875,1.7281564474105835
sample_00121,63,31,block_out,0.8073425889015198,0.6190686225891113,673.728759765625,3.1726646423339844
sample_00121,63,8,block_out,0.98063725233078,0.20166702568531036,193.35333251953125,0.1459907442331314
sample_00122,0,16,block_out,0.9176127910614014,0.3987763822078705,193.5380859375,0.5612749457359314
sample_00122,0,1,block_out,1.0008506774902344,0.0005218868027441204,0.0380859375,0.00016441172920167446
sample_00122,0,23,block_out,0.8158314228057861,0.5866039395332336,389.46044921875,1.0850244760513306
sample_00122,0,27,block_out,0.8615464568138123,0.5114685893058777,483.55029296875,1.6304820775985718
sample_00122,0,31,block_out,0.8713887333869934,0.5142233967781067,447.02490234375,2.9650776386260986
sample_00122,0,8,block_out,0.9935082197189331,0.11975439637899399,3.14013671875,0.11383295059204102
sample_00122,16,16,block_out,0.8877515196800232,0.4633346199989319,598.264892578125,0.5786074995994568
sample_00122,16,1,block_out,0.9995103478431702,0.051753465086221695,27.6590576171875,0.0025028418749570847
sample_00122,16,23,block_out,0.7879049777984619,0.6287362575531006,912.001953125,1.1084089279174805
sample_00122,16,27,block_out,0.8440667390823364,0.5412230491638184,1095.08642578125,1.6763620376586914
sample_00122,16,31,block_out,0.8548567891120911,0.5391879677772522,502.570068359375,3.0523784160614014
sample_00122,16,8,block_out,0.9879418611526489,0.15970414876937866,215.39944458007812,0.12055369466543198
sample_00122,32,16,block_out,0.9111264944076538,0.41339582204818726,246.54833984375,0.5882861614227295
sample_00122,32,1,block_out,0.9966150522232056,0.09197871387004852,26.5159912109375,0.005341656040400267
sample_00122,32,23,block_out,0.8076429963111877,0.598660945892334,384.85009765625,1.149798035621643
sample_00122,32,27,block_out,0.8360836505889893,0.5540795922279358,452.4306640625,1.7891876697540283
sample_00122,32,31,block_out,0.8093008995056152,0.6141263246536255,476.66796875,3.3649141788482666
sample_00122,32,8,block_out,0.9875575304031372,0.16186560690402985,123.1945571899414,0.1267675906419754
sample_00122,4,16,block_out,0.9147953987121582,0.4052221477031708,192.9443359375,0.5744261145591736
sample_00122,4,1,block_out,1.0005059242248535,0.02605333738029003,3.66845703125,0.0017294440185651183
sample_00122,4,23,block_out,0.81293123960495,0.5904267430305481,398.64404296875,1.0996832847595215
sample_00122,4,27,block_out,0.8594602942466736,0.5144414901733398,492.72314453125,1.646335244178772
sample_00122,4,31,block_out,0.8654206395149231,0.5239380598068237,447.460693359375,3.029064655303955
sample_00122,4,8,block_out,0.9929701089859009,0.12427138537168503,17.52099609375,0.11760041862726212
sample_00122,63,16,block_out,0.9093881845474243,0.41747596859931946,219.67822265625,0.5863543748855591
sample_00122,63,1,block_out,0.9905916452407837,0.14299841225147247,26.97564697265625,0.014320210553705692
sample_00122,63,23,block_out,0.8173628449440002,0.5822445750236511,376.6123046875,1.1413969993591309
sample_00122,63,27,block_out,0.8534130454063416,0.5241856575012207,441.814453125,1.7110202312469482
sample_00122,63,31,block_out,0.8339547514915466,0.576525092124939,533.0094604492188,3.022020101547241
sample_00122,63,8,block_out,0.980918288230896,0.19846093654632568,120.027099609375,0.14424465596675873
sample_00123,0,16,block_out,0.9193668961524963,0.3944879174232483,230.516357421875,0.5621106624603271
sample_00123,0,1,block_out,1.0008007287979126,0.0005180711741559207,0.0458984375,0.00016421072359662503
sample_00123,0,23,block_out,0.8243458867073059,0.5742291808128357,364.914306640625,1.076042890548706
sample_00123,0,27,block_out,0.8704515099525452,0.49543699622154236,414.720947265625,1.5963234901428223
sample_00123,0,31,block_out,0.8741509914398193,0.5083669424057007,443.483642578125,2.89982271194458
sample_00123,0,8,block_out,0.9935872554779053,0.11894043534994125,2.595947265625,0.11384748667478561
sample_00123,16,16,block_out,0.8820487856864929,0.4738660156726837,687.25390625,0.5910384058952332
sample_00123,16,1,block_out,0.9983024597167969,0.07059764117002487,28.8555908203125,0.00469415495172143
sample_00123,16,23,block_out,0.7757819294929504,0.645449161529541,943.10498046875,1.1367498636245728
sample_00123,16,27,block_out,0.8316370844841003,0.5618590712547302,1083.86083984375,1.7406690120697021
sample_00123,16,31,block_out,0.82553631067276,0.5916754603385925,515.5414428710938,3.303285837173462
sample_00123,16,8,block_out,0.9862544536590576,0.16943377256393433,215.0615234375,0.12764158844947815
sample_00123,32,16,block_out,0.8744248747825623,0.4887107312679291,704.37744140625,0.6049365401268005
sample_00123,32,1,block_out,0.9929424524307251,0.12509162724018097,28.410888671875,0.010219910182058811
sample_00123,32,23,block_out,0.7655472755432129,0.6589665412902832,990.666015625,1.1636714935302734
sample_00123,32,27,block_out,0.8050074577331543,0.604222297668457,1142.388671875,1.8689848184585571
sample_00123,32,31,block_out,0.7655977010726929,0.6856293082237244,530.69140625,3.632061243057251
sample_00123,32,8,block_out,0.9812787175178528,0.19671890139579773,162.56640625,0.1403058022260666
sample_00123,4,16,block_out,0.8926422595977783,0.4528454840183258,543.57763671875,0.5760359168052673
sample_00123,4,1,block_out,0.9997612237930298,0.045409224927425385,22.34765625,0.002410378074273467
sample_00123,4,23,block_out,0.7823691368103027,0.6363040208816528,933.834228515625,1.1099780797958374
sample_00123,4,27,block_out,0.8409438133239746,0.546650767326355,1114.728759765625,1.6851681470870972
sample_00123,4,31,block_out,0.8525559902191162,0.5445284247398376,551.104736328125,3.1471762657165527
sample_00123,4,8,block_out,0.9911115169525146,0.13853520154953003,126.7313232421875,0.11901643127202988
sample_00123,63,16,block_out,0.8688613772392273,0.4994588792324066,689.831298828125,0.6116856932640076
sample_00123,63,1,block_out,0.9856014251708984,0.17372168600559235,28.2760009765625,0.020078042522072792
sample_00123,63,23,block_out,0.7718064188957214,0.6500551700592041,983.300048828125,1.1727427244186401
sample_00123,63,27,block_out,0.8181279897689819,0.5851316452026367,1145.181884765625,1.7952098846435547
sample_00123,63,31,block_out,0.7968240976333618,0.6415949463844299,543.2506103515625,3.2408065795898438
sample_00123,63,8,block_out,0.9713214635848999,0.24170009791851044,165.2099609375,0.15776631236076355
sample_00124,0,16,block_out,0.9199210405349731,0.39315903186798096,230.8521728515625,0.5571709871292114
sample_00124,0,1,block_out,1.0007551908493042,0.0005328718689270318,0.0390625,0.0001662482536630705
sample_00124,0,23,block_out,0.8244664072990417,0.5743198990821838,363.1510009765625,1.0704727172851562
sample_00124,0,27,block_out,0.8673319816589355,0.5012115240097046,423.9732666015625,1.612331509590149
sample_00124,0,31,block_out,0.8723597526550293,0.5121706128120422,481.90252685546875,2.9574129581451416
sample_00124,0,8,block_out,0.9934471845626831,0.12013626098632812,2.9866943359375,0.1131187155842781
sample_00124,16,16,block_out,0.8798063397407532,0.47927549481391907,588.32275390625,0.5883284211158752
sample_00124,16,1,block_out,0.9939646124839783,0.11626638472080231,27.2294921875,0.009706147946417332
sample_00124,16,23,block_out,0.7670520544052124,0.6581552028656006,958.5927734375,1.1479988098144531
sample_00124,16,27,block_out,0.8176299929618835,0.5851383805274963,1145.119140625,1.796447515487671
sample_00124,16,31,block_out,0.7955079674720764,0.6477282643318176,571.119873046875,3.4774577617645264
sample_00124,16,8,block_out,0.9844997525215149,0.18095143139362335,215.364501953125,0.13121330738067627
sample_00124,32,16,block_out,0.8780586123466492,0.4829227924346924,568.785888671875,0.5981702208518982
sample_00124,32,1,block_out,0.9868075251579285,0.16628466546535492,26.1171875,0.018028581514954567
sample_00124,32,23,block_out,0.765356719493866,0.6623454093933105,943.641845703125,1.1611205339431763
sample_00124,32,27,block_out,0.8151445388793945,0.589271068572998,1121.56298828125,1.795054316520691
sample_00124,32,31,block_out,0.7828260660171509,0.657342791557312,592.0185546875,3.4173402786254883
sample_00124,32,8,block_out,0.981503427028656,0.197620689868927,164.53515625,0.14279033243656158
sample_00124,4,16,block_out,0.8853670954704285,0.4676928222179413,671.280029296875,0.567468523979187
sample_00124,4,1,block_out,0.9986302852630615,0.06512874364852905,22.9658203125,0.0032765157520771027
sample_00124,4,23,block_out,0.7806427478790283,0.6376699805259705,943.533447265625,1.1114308834075928
sample_00124,4,27,block_out,0.842843770980835,0.5436645150184631,1033.115966796875,1.6904371976852417
sample_00124,4,31,block_out,0.8513839244842529,0.5558180809020996,573.0491943359375,3.1391594409942627
sample_00124,4,8,block_out,0.9899129271507263,0.1466887891292572,117.24362182617188,0.1184755340218544
sample_00124,63,16,block_out,0.877739667892456,0.4841121435165405,572.6875,0.591261088848114
sample_00124,63,1,block_out,0.9806302785873413,0.19954144954681396,27.6253662109375,0.027001751586794853
sample_00124,63,23,block_out,0.7798700332641602,0.6415423154830933,937.19140625,1.1466424465179443
sample_00124,63,27,block_out,0.8313414454460144,0.565422534942627,1113.56396484375,1.7179012298583984
sample_00124,63,31,block_out,0.8007487058639526,0.632390558719635,601.79541015625,3.153160333633423
sample_00124,63,8,block_out,0.9745528101921082,0.2329399734735489,138.9666748046875,0.15059170126914978
sample_00125,0,16,block_out,0.9101978540420532,0.41464534401893616,234.6201171875,0.5737355351448059
sample_00125,0,1,block_out,1.0004435777664185,0.0005269875400699675,0.03125,0.00017706677317619324
sample_00125,0,23,block_out,0.8124947547912598,0.5880960822105408,375.599609375,1.0809684991836548
sample_00125,0,27,block_out,0.85981285572052,0.5138462781906128,430.8720703125,1.6211059093475342
sample_00125,0,31,block_out,0.8565795421600342,0.5539707541465759,468.7451171875,3.116415500640869
sample_00125,0,8,block_out,0.9919662475585938,0.13033100962638855,3.58099365234375,0.11915694177150726
sample_00125,16,16,block_out,0.8634496331214905,0.5071063041687012,588.680419921875,0.5832799077033997
sample_00125,16,1,block_out,0.9984798431396484,0.06200867518782616,20.73828125,0.0036437821108847857
sample_00125,16,23,block_out,0.7575421333312988,0.6633538007736206,929.373779296875,1.1077864170074463
sample_00125,16,27,block_out,0.83219975233078,0.5598398447036743,1102.468505859375,1.6654924154281616
sample_00125,16,31,block_out,0.8429831862449646,0.5782505869865417,528.7987060546875,3.2037887573242188
sample_00125,16,8,block_out,0.9883765578269958,0.15554498136043549,108.7115478515625,0.12467971444129944
sample_00125,32,16,block_out,0.9077154994010925,0.4200637638568878,243.38427734375,0.5780707597732544
sample_00125,32,1,block_out,0.9986473917961121,0.05869905278086662,20.15283203125,0.003410718170925975
sample_00125,32,23,block_out,0.8098304867744446,0.5901262164115906,391.4608154296875,1.1122878789901733
sample_00125,32,27,block_out,0.8559468984603882,0.5192213654518127,451.625244140625,1.6657567024230957
sample_00125,32,31,block_out,0.8347532749176025,0.5911695957183838,483.08837890625,3.201241970062256
sample_00125,32,8,block_out,0.9895902872085571,0.1474446952342987,73.4033432006836,0.12557898461818695
sample_00125,4,16,block_out,0.8726364970207214,0.4911416471004486,389.7774353027344,0.5830780863761902
sample_00125,4,1,block_out,0.998151421546936,0.06746693700551987,21.14794921875,0.004137876443564892
sample_00125,4,23,block_out,0.7650740146636963,0.6550799012184143,695.7884521484375,1.1091949939727783
sample_00125,4,27,block_out,0.8360487222671509,0.5541086196899414,848.6097412109375,1.662703514099121
sample_00125,4,31,block_out,0.8492442965507507,0.5707085728645325,480.0931396484375,3.1859121322631836
sample_00125,4,8,block_out,0.9880030155181885,0.15795926749706268,108.26326751708984,0.12482865154743195
sample_00125,63,16,block_out,0.9127877950668335,0.40896740555763245,255.090576171875,0.5612139701843262
sample_00125,63,1,block_out,0.9984711408615112,0.060975346714258194,25.12091064453125,0.0029242115560919046
sample_00125,63,23,block_out,0.8221942186355591,0.571852445602417,408.021240234375,1.1030941009521484
sample_00125,63,27,block_out,0.8577650785446167,0.516374945640564,470.433349609375,1.6587468385696411
sample_00125,63,31,block_out,0.8232173323631287,0.6015139222145081,497.072998046875,3.0748822689056396
sample_00125,63,8,block_out,0.9912630319595337,0.13552945852279663,14.589019775390625,0.12522509694099426
sample_00126,0,16,block_out,0.9091270565986633,0.4169548451900482,250.5126953125,0.5703246593475342
sample_00126,0,1,block_out,1.0004037618637085,0.0005615679547190666,0.029296875,0.00018590610125102103
sample_00126,0,23,block_out,0.802854597568512,0.6026852130889893,378.72412109375,1.1032335758209229
sample_00126,0,27,block_out,0.8496189713478088,0.530584454536438,431.918212890625,1.6663494110107422
sample_00126,0,31,block_out,0.8472946882247925,0.574201762676239,476.342529296875,3.2738523483276367
sample_00126,0,8,block_out,0.9919973611831665,0.12995943427085876,3.6585693359375,0.11931580305099487
sample_00126,16,16,block_out,0.8573940992355347,0.5176768898963928,654.2670288085938,0.5788618922233582
sample_00126,16,1,block_out,0.9983508586883545,0.06359654664993286,20.67431640625,0.003870326792821288
sample_00126,16,23,block_out,0.7468982338905334,0.6775134801864624,928.5389404296875,1.1170707941055298
sample_00126,16,27,block_out,0.8225882649421692,0.5744743943214417,1074.5186767578125,1.6908975839614868
sample_00126,16,31,block_out,0.8321241140365601,0.5918838381767273,537.2056274414062,3.290151357650757
sample_00126,16,8,block_out,0.9895464181900024,0.14757868647575378,69.54150390625,0.12526825070381165
sample_00126,32,16,block_out,0.8910065293312073,0.45495468378067017,414.442626953125,0.5784021019935608
sample_00126,32,1,block_out,0.998478353023529,0.061131954193115234,20.255859375,0.00364843662828207
sample_00126,32,23,block_out,0.7725138664245605,0.6442563533782959,734.470947265625,1.1308218240737915
sample_00126,32,27,block_out,0.8341755867004395,0.5555977821350098,886.3624267578125,1.6989279985427856
sample_00126,32,31,block_out,0.8280836343765259,0.6015639901161194,537.2686767578125,3.2637176513671875
sample_00126,32,8,block_out,0.9895949363708496,0.14717772603034973,70.09765625,0.12606297433376312
sample_00126,4,16,block_out,0.8640480637550354,0.5056273341178894,612.5040283203125,0.5798179507255554
sample_00126,4,1,block_out,0.9979076981544495,0.07052657008171082,21.02392578125,0.004561521112918854
sample_00126,4,23,block_out,0.7475923895835876,0.6762892603874207,847.5599365234375,1.1413086652755737
sample_00126,4,27,block_out,0.8203123211860657,0.5771793127059937,1001.8802490234375,1.7338924407958984
sample_00126,4,31,block_out,0.8352745771408081,0.5975381731987,479.815673828125,3.3966305255889893
sample_00126,4,8,block_out,0.9875966310501099,0.16033360362052917,100.860107421875,0.12560652196407318
sample_00126,63,16,block_out,0.8983069062232971,0.4400658905506134,380.353271484375,0.5751444101333618
sample_00126,63,1,block_out,0.9987149238586426,0.05628219619393349,22.0751953125,0.0030281459912657738
sample_00126,63,23,block_out,0.7930021286010742,0.6157019138336182,685.8570556640625,1.1405836343765259
sample_00126,63,27,block_out,0.8363005518913269,0.5521677732467651,826.6402587890625,1.7355163097381592
sample_00126,63,31,block_out,0.8035604357719421,0.6400319337844849,490.1177978515625,3.240817070007324
sample_00126,63,8,block_out,0.9912512898445129,0.13541102409362793,17.48260498046875,0.1257501095533371
sample_00127,0,16,block_out,0.909598171710968,0.41595619916915894,237.224609375,0.5719062685966492
sample_00127,0,1,block_out,1.0004280805587769,0.0005620840238407254,0.0361328125,0.00018616116722114384
sample_00127,0,23,block_out,0.8093767762184143,0.5936798453330994,374.246826171875,1.0881673097610474
sample_00127,0,27,block_out,0.859251081943512,0.514428436756134,429.9918212890625,1.6248270273208618
sample_00127,0,31,block_out,0.8628572225570679,0.540877640247345,498.0233154296875,3.083392381668091
sample_00127,0,8,block_out,0.9917013645172119,0.13224183022975922,3.75848388671875,0.12256994098424911
sample_00127,16,16,block_out,0.8712581396102905,0.4928587079048157,512.552490234375,0.5795494318008423
sample_00127,16,1,block_out,0.9984214305877686,0.0627601146697998,21.130859375,0.003700085449963808
sample_00127,16,23,block_out,0.7598559260368347,0.6616218090057373,882.413818359375,1.1095428466796875
sample_00127,16,27,block_out,0.8319289684295654,0.559820830821991,1061.990966796875,1.6739403009414673
sample_00127,16,31,block_out,0.8464353084564209,0.5717411637306213,532.148193359375,3.1626136302948
sample_00127,16,8,block_out,0.9887496829032898,0.15293771028518677,95.703125,0.12852151691913605
sample_00127,32,16,block_out,0.9078877568244934,0.4196490943431854,241.171630859375,0.5787249207496643
sample_00127,32,1,block_out,0.99859619140625,0.059370629489421844,20.61572265625,0.0034695661161094904
sample_00127,32,23,block_out,0.8073096871376038,0.594849169254303,376.128662109375,1.1138865947723389
sample_00127,32,27,block_out,0.8591798543930054,0.5136907696723938,434.458251953125,1.6475087404251099
sample_00127,32,31,block_out,0.8519448637962341,0.5600677132606506,463.221923828125,3.0428507328033447
sample_00127,32,8,block_out,0.9903094172477722,0.1422467678785324,41.389404296875,0.12960749864578247
sample_00127,4,16,block_out,0.8724651336669922,0.4910341799259186,409.075439453125,0.5803795456886292
sample_00127,4,1,block_out,0.9980073571205139,0.06937617063522339,21.533203125,0.004354492295533419
sample_00127,4,23,block_out,0.7551897764205933,0.6681062579154968,661.5355224609375,1.1328150033950806
sample_00127,4,27,block_out,0.8263051509857178,0.5687479376792908,810.9896240234375,1.7211651802062988
sample_00127,4,31,block_out,0.8397043943405151,0.5921560525894165,482.9228515625,3.3292276859283447
sample_00127,4,8,block_out,0.987962007522583,0.1580864042043686,106.58978271484375,0.12934570014476776
sample_00127,63,16,block_out,0.9078230857849121,0.41998788714408875,236.501708984375,0.5706878900527954
sample_00127,63,1,block_out,0.9988073110580444,0.05484965071082115,22.1298828125,0.0028785448521375656
sample_00127,63,23,block_out,0.8105219602584839,0.5906592011451721,385.910888671875,1.131720781326294
sample_00127,63,27,block_out,0.843410313129425,0.5402690768241882,444.613525390625,1.7349270582199097
sample_00127,63,31,block_out,0.8039199113845825,0.6340518593788147,475.145751953125,3.228166103363037
sample_00127,63,8,block_out,0.9911031723022461,0.13643303513526917,19.0623779296875,0.12754802405834198
sample_00128,0,16,block_out,0.9075640439987183,0.4203506112098694,242.7373046875,0.5814344882965088
sample_00128,0,1,block_out,1.000402569770813,0.0005623339675366879,0.0400390625,0.00018841841665562242
sample_00128,0,23,block_out,0.8021895289421082,0.6039115190505981,374.071533203125,1.1046457290649414
sample_00128,0,27,block_out,0.8477024435997009,0.5339929461479187,432.385498046875,1.6634039878845215
sample_00128,0,31,block_out,0.84795081615448,0.570479691028595,470.167724609375,3.247068405151367
sample_00128,0,8,block_out,0.9915387034416199,0.13343410193920135,3.6594467163085938,0.12431659549474716
sample_00128,16,16,block_out,0.8528720736503601,0.5255262851715088,671.42724609375,0.5924951434135437
sample_00128,16,1,block_out,0.9982341527938843,0.06557811051607132,20.49267578125,0.004186888691037893
sample_00128,16,23,block_out,0.7461031079292297,0.6798902153968811,927.8742065429688,1.1223875284194946
sample_00128,16,27,block_out,0.8192789554595947,0.5795842409133911,1077.771240234375,1.7077208757400513
sample_00128,16,31,block_out,0.8257787227630615,0.6039211750030518,475.4947814941406,3.342538356781006
sample_00128,16,8,block_out,0.9878051280975342,0.15886788070201874,96.4984130859375,0.13101017475128174
sample_00128,32,16,block_out,0.9050478935241699,0.42575371265411377,233.185791015625,0.5919771194458008
sample_00128,32,1,block_out,0.9983838200569153,0.06273501366376877,20.05908203125,0.003938851412385702
sample_00128,32,23,block_out,0.8016425371170044,0.6035434007644653,367.33349609375,1.1328306198120117
sample_00128,32,27,block_out,0.8392289876937866,0.5474937558174133,421.6693115234375,1.7387094497680664
sample_00128,32,31,block_out,0.8124935030937195,0.6265823245048523,456.8802490234375,3.4104363918304443
sample_00128,32,8,block_out,0.9896973371505737,0.1464107185602188,62.533203125,0.13126325607299805
sample_00128,4,16,block_out,0.8604733347892761,0.5121064186096191,628.852783203125,0.5909086465835571
sample_00128,4,1,block_out,0.9978122711181641,0.07193086296319962,20.904296875,0.004803232382982969
sample_00128,4,23,block_out,0.7461873888969421,0.6788054704666138,876.853515625,1.1350462436676025
sample_00128,4,27,block_out,0.8160992860794067,0.5844880938529968,1037.36279296875,1.7384650707244873
sample_00128,4,31,block_out,0.8284673094749451,0.6115053296089172,474.3525390625,3.448547601699829
sample_00128,4,8,block_out,0.9864805340766907,0.1671089082956314,118.11337280273438,0.1309644877910614
sample_00128,63,16,block_out,0.9114933609962463,0.41177794337272644,237.53814697265625,0.5560781359672546
sample_00128,63,1,block_out,0.9992048740386963,0.0469149649143219,19.28466796875,0.002678198739886284
sample_00128,63,23,block_out,0.8211758136749268,0.5745025873184204,376.06640625,1.0944904088974
sample_00128,63,27,block_out,0.8613281846046448,0.5100234150886536,430.21435546875,1.6331099271774292
sample_00128,63,31,block_out,0.8325639963150024,0.5876294374465942,458.53369140625,3.0085642337799072
sample_00128,63,8,block_out,0.9909390211105347,0.1376844197511673,34.7381591796875,0.12810462713241577
sample_00129,0,16,block_out,0.906962513923645,0.42176780104637146,241.294189453125,0.5793429613113403
sample_00129,0,1,block_out,1.0004264116287231,0.0005431828903965652,0.0291748046875,0.0001834267022786662
sample_00129,0,23,block_out,0.8029638528823853,0.6035358309745789,380.708740234375,1.09536612033844
sample_00129,0,27,block_out,0.8568439483642578,0.5187044739723206,437.5751953125,1.6378339529037476
sample_00129,0,31,block_out,0.856260359287262,0.5555823445320129,488.0223083496094,3.1687281131744385
sample_00129,0,8,block_out,0.9916418790817261,0.132791206240654,3.5979156494140625,0.12192238122224808
sample_00129,16,16,block_out,0.8569007515907288,0.5189270973205566,653.73974609375,0.588380753993988
sample_00129,16,1,block_out,0.998410701751709,0.06298236548900604,21.0078125,0.0037579538766294718
sample_00129,16,23,block_out,0.7527468800544739,0.671213686466217,916.5556640625,1.1130249500274658
sample_00129,16,27,block_out,0.8252668976783752,0.5719577670097351,1070.764404296875,1.7110373973846436
sample_00129,16,31,block_out,0.8307808041572571,0.6043156981468201,491.2503356933594,3.3376145362854004
sample_00129,16,8,block_out,0.9879999756813049,0.157916858792305,110.0469970703125,0.12846717238426208
sample_00129,32,16,block_out,0.8558129072189331,0.5204201936721802,674.6141357421875,0.5889363884925842
sample_00129,32,1,block_out,0.9985932111740112,0.05932275578379631,20.3779296875,0.0035094390623271465
sample_00129,32,23,block_out,0.7470033764839172,0.6779354810714722,919.9906005859375,1.1213699579238892
sample_00129,32,27,block_out,0.8220911026000977,0.5759490728378296,1064.6431884765625,1.7182289361953735
sample_00129,32,31,block_out,0.8236972093582153,0.6112310290336609,512.14111328125,3.320486068725586
sample_00129,32,8,block_out,0.9883730411529541,0.1553238034248352,107.33154296875,0.12899746000766754
sample_00129,4,16,block_out,0.8636626601219177,0.5067233443260193,595.3525390625,0.587570309638977
sample_00129,4,1,block_out,0.9982016682624817,0.06656895577907562,21.43212890625,0.0041926223784685135
sample_00129,4,23,block_out,0.7528085708618164,0.6704136729240417,820.7186889648438,1.1217479705810547
sample_00129,4,27,block_out,0.8291036486625671,0.5651848912239075,952.7626342773438,1.698306918144226
sample_00129,4,31,block_out,0.8398013710975647,0.5895372033119202,499.62078857421875,3.301680326461792
sample_00129,4,8,block_out,0.9878299832344055,0.15899010002613068,98.50994873046875,0.12758147716522217
sample_00129,63,16,block_out,0.9089733362197876,0.41728532314300537,248.146240234375,0.5758877396583557
sample_00129,63,1,block_out,0.9984029531478882,0.06195607781410217,25.21319580078125,0.0032019817735999823
sample_00129,63,23,block_out,0.8135836720466614,0.5861238837242126,397.389404296875,1.1210147142410278
sample_00129,63,27,block_out,0.8462458848953247,0.5365962982177734,456.750732421875,1.727253794670105
sample_00129,63,31,block_out,0.8062097430229187,0.6316447854042053,490.360107421875,3.274955987930298
sample_00129,63,8,block_out,0.9907436966896057,0.139293372631073,17.706619262695312,0.12829577922821045
sample_00130,0,16,block_out,0.9192067980766296,0.3947218358516693,233.57379150390625,0.5634047985076904
sample_00130,0,1,block_out,1.0005297660827637,0.0005483991699293256,0.041015625,0.00017775368178263307
sample_00130,0,23,block_out,0.8053420782089233,0.6019343733787537,385.51129150390625,1.153098702430725
sample_00130,0,27,block_out,0.8348977565765381,0.55440354347229,447.8671875,1.766245722770691
sample_00130,0,31,block_out,0.8208905458450317,0.6072812080383301,492.7109375,3.4342353343963623
sample_00130,0,8,block_out,0.9934446811676025,0.1194349005818367,2.6708984375,0.1146610900759697
sample_00130,16,16,block_out,0.8878844976425171,0.4620529115200043,597.01171875,0.569881796836853
sample_00130,16,1,block_out,0.9989162683486938,0.05664300173521042,21.6982421875,0.0027537336573004723
sample_00130,16,23,block_out,0.7922006845474243,0.6179860234260559,777.158447265625,1.1198277473449707
sample_00130,16,27,block_out,0.8445218801498413,0.5378354787826538,901.225341796875,1.6612566709518433
sample_00130,16,31,block_out,0.8405824899673462,0.5687602758407593,475.4703369140625,3.088718891143799
sample_00130,16,8,block_out,0.9794908761978149,0.20531052350997925,239.99169921875,0.11917552351951599
sample_00130,32,16,block_out,0.8962754011154175,0.44479647278785706,570.7542724609375,0.5672052502632141
sample_00130,32,1,block_out,0.9990497827529907,0.05415124446153641,21.2158203125,0.002593437908217311
sample_00130,32,23,block_out,0.8029137253761292,0.6014109253883362,736.047119140625,1.1169757843017578
sample_00130,32,27,block_out,0.8523164391517639,0.524786651134491,841.347900390625,1.6551876068115234
sample_00130,32,31,block_out,0.840401291847229,0.5715541243553162,476.156982421875,3.055436611175537
sample_00130,32,8,block_out,0.9797069430351257,0.20427410304546356,240.4251708984375,0.11908788979053497
sample_00130,4,16,block_out,0.8894719481468201,0.45882031321525574,583.591796875,0.5718749761581421
sample_00130,4,1,block_out,0.9986568689346313,0.06125737726688385,22.05859375,0.0031966918613761663
sample_00130,4,23,block_out,0.7716099619865417,0.647782027721405,756.455078125,1.1829674243927002
sample_00130,4,27,block_out,0.8110247254371643,0.589568555355072,899.337890625,1.8448655605316162
sample_00130,4,31,block_out,0.7969135642051697,0.6465714573860168,480.10546875,3.567894220352173
sample_00130,4,8,block_out,0.9792975187301636,0.2063712626695633,233.4423828125,0.12047692388296127
sample_00130,63,16,block_out,0.8899614810943604,0.4577341079711914,598.236083984375,0.5415079593658447
sample_00130,63,1,block_out,0.9997190237045288,0.03955776244401932,20.80322265625,0.001745843212120235
sample_00130,63,23,block_out,0.8086708188056946,0.5937127470970154,750.5626831054688,1.0944942235946655
sample_00130,63,27,block_out,0.8670350313186646,0.4992668032646179,834.1622924804688,1.573078989982605
sample_00130,63,31,block_out,0.8550828099250793,0.5430649518966675,539.4697265625,2.7487804889678955
sample_00130,63,8,block_out,0.9820141792297363,0.192489892244339,223.3187255859375,0.11664972454309464
sample_00131,0,16,block_out,0.9178764224052429,0.3975054621696472,247.42218017578125,0.5501905679702759
sample_00131,0,1,block_out,1.0004562139511108,0.0005304583464749157,0.0302734375,0.00017491704784333706
sample_00131,0,23,block_out,0.8166424036026001,0.5819439888000488,381.19757080078125,1.0919548273086548
sample_00131,0,27,block_out,0.8605614900588989,0.5115289688110352,445.0875244140625,1.6287816762924194
sample_00131,0,31,block_out,0.8600063920021057,0.5418165922164917,491.4156494140625,3.163625717163086
sample_00131,0,8,block_out,0.9932255744934082,0.1205766424536705,2.514495849609375,0.11442383378744125
sample_00131,16,16,block_out,0.8701061010360718,0.4951828420162201,675.355712890625,0.5531378984451294
sample_00131,16,1,block_out,0.9986026883125305,0.06036079302430153,21.17724609375,0.003382336813956499
sample_00131,16,23,block_out,0.7723084092140198,0.6435309052467346,917.8916625976562,1.0926748514175415
sample_00131,16,27,block_out,0.84168541431427,0.5434046387672424,1079.45166015625,1.6270619630813599
sample_00131,16,31,block_out,0.8534451127052307,0.5459981560707092,484.186767578125,3.0675792694091797
sample_00131,16,8,block_out,0.9831109046936035,0.18637904524803162,185.097412109375,0.11926642805337906
sample_00131,32,16,block_out,0.8703200817108154,0.494692862033844,686.11865234375,0.552344799041748
sample_00131,32,1,block_out,0.9987419843673706,0.05740111321210861,20.615234375,0.0031666879076510668
sample_00131,32,23,block_out,0.775367021560669,0.6388584971427917,928.85107421875,1.0935711860656738
sample_00131,32,27,block_out,0.8436024785041809,0.539412260055542,1085.08837890625,1.6299382448196411
sample_00131,32,31,block_out,0.8509628772735596,0.5481712222099304,483.342529296875,3.036858558654785
sample_00131,32,8,block_out,0.983191728591919,0.18579308688640594,201.3231201171875,0.11968589574098587
sample_00131,4,16,block_out,0.8740706443786621,0.4877253472805023,667.720703125,0.5556074380874634
sample_00131,4,1,block_out,0.9982901215553284,0.06565883010625839,21.58154296875,0.003824800020083785
sample_00131,4,23,block_out,0.7722733616828918,0.6436567306518555,915.75244140625,1.1053760051727295
sample_00131,4,27,block_out,0.8394469618797302,0.5463376045227051,1072.1121826171875,1.64892578125
sample_00131,4,31,block_out,0.8549770712852478,0.5495700240135193,477.3541259765625,3.1407344341278076
sample_00131,4,8,block_out,0.9837337732315063,0.18303033709526062,179.3154296875,0.11993079632520676
sample_00131,63,16,block_out,0.920161247253418,0.39226099848747253,237.41229248046875,0.5350545048713684
sample_00131,63,1,block_out,0.9995884895324707,0.03898698464035988,25.04339599609375,0.0016369071090593934
sample_00131,63,23,block_out,0.8370292782783508,0.5489136576652527,396.675537109375,1.0607342720031738
sample_00131,63,27,block_out,0.8721351623535156,0.489725261926651,463.199951171875,1.596623182296753
sample_00131,63,31,block_out,0.8424193263053894,0.5576510429382324,498.772216796875,2.899820327758789
sample_00131,63,8,block_out,0.9919474124908447,0.1303800791501999,75.45379638671875,0.11638587713241577
sample_00132,0,16,block_out,0.9139609932899475,0.4063990116119385,259.720947265625,0.566554605960846
sample_00132,0,1,block_out,1.000456690788269,0.0005374858155846596,0.03515625,0.00017555747763253748
sample_00132,0,23,block_out,0.8079763650894165,0.594154417514801,389.411376953125,1.1163034439086914
sample_00132,0,27,block_out,0.8543890714645386,0.5218410491943359,444.830322265625,1.669379472732544
sample_00132,0,31,block_out,0.8612620830535889,0.5359676480293274,479.174072265625,3.1287193298339844
sample_00132,0,8,block_out,0.9931833744049072,0.12099684029817581,2.31585693359375,0.11500206589698792
sample_00132,16,16,block_out,0.8691964149475098,0.4964872896671295,685.8139038085938,0.5712205171585083
sample_00132,16,1,block_out,0.9986381530761719,0.05980362743139267,20.68994140625,0.0032930164597928524
sample_00132,16,23,block_out,0.770190954208374,0.6459215879440308,931.0310668945312,1.1209973096847534
sample_00132,16,27,block_out,0.8427802324295044,0.5411251783370972,1080.0146484375,1.6646850109100342
sample_00132,16,31,block_out,0.8511265516281128,0.5444108247756958,459.1820068359375,3.1075119972229004
sample_00132,16,8,block_out,0.9832849502563477,0.18536671996116638,196.62548828125,0.11988437175750732
sample_00132,32,16,block_out,0.8693246245384216,0.49645939469337463,678.477294921875,0.5712184309959412
sample_00132,32,1,block_out,0.9987643957138062,0.057091180235147476,20.29638671875,0.0031099985353648663
sample_00132,32,23,block_out,0.767116904258728,0.6497852206230164,924.2689208984375,1.141099214553833
sample_00132,32,27,block_out,0.8370034098625183,0.5499570965766907,1070.7569580078125,1.702653169631958
sample_00132,32,31,block_out,0.8325768709182739,0.580473780632019,465.09814453125,3.182020425796509
sample_00132,32,8,block_out,0.983036994934082,0.1867460012435913,191.02783203125,0.1204468384385109
sample_00132,4,16,block_out,0.8739548921585083,0.4877174198627472,659.226318359375,0.5722185969352722
sample_00132,4,1,block_out,0.9983227849006653,0.06521978974342346,21.1953125,0.0037938798777759075
sample_00132,4,23,block_out,0.7655576467514038,0.6520033478736877,890.796630859375,1.1463634967803955
sample_00132,4,27,block_out,0.8301122784614563,0.5605806708335876,1052.822509765625,1.7411279678344727
sample_00132,4,31,block_out,0.8409726023674011,0.5717800855636597,475.946533203125,3.3029088973999023
sample_00132,4,8,block_out,0.9820140600204468,0.1922118067741394,195.80615234375,0.12062399834394455
sample_00132,63,16,block_out,0.8725669384002686,0.4906383156776428,684.1168212890625,0.5415908098220825
sample_00132,63,1,block_out,0.9994915723800659,0.04126898571848869,19.531005859375,0.0021007738541811705
sample_00132,63,23,block_out,0.7874398231506348,0.622930645942688,929.583251953125,1.0982979536056519
sample_00132,63,27,block_out,0.8596809506416321,0.5119234323501587,1057.250244140625,1.585728645324707
sample_00132,63,31,block_out,0.8538495898246765,0.5390303730964661,502.198486328125,2.7726101875305176
sample_00132,63,8,block_out,0.989046573638916,0.1510537713766098,128.90643310546875,0.11715034395456314
sample_00133,0,16,block_out,0.916069746017456,0.40165117383003235,232.488525390625,0.560548722743988
sample_00133,0,1,block_out,1.000465750694275,0.0005305440863594413,0.0322265625,0.0001758844591677189
sample_00133,0,23,block_out,0.8188506960868835,0.5769798159599304,384.3802490234375,1.0882861614227295
sample_00133,0,27,block_out,0.8675522804260254,0.498627245426178,450.2061767578125,1.6015613079071045
sample_00133,0,31,block_out,0.875930905342102,0.5069355964660645,492.2344970703125,2.9348580837249756
sample_00133,0,8,block_out,0.9934779405593872,0.1185666173696518,2.48809814453125,0.11245572566986084
sample_00133,16,16,block_out,0.8694377541542053,0.49601152539253235,663.34912109375,0.5668280720710754
sample_00133,16,1,block_out,0.9987422227859497,0.05814998969435692,20.09130859375,0.003209552029147744
sample_00133,16,23,block_out,0.7731460928916931,0.6407614350318909,921.5404052734375,1.108880877494812
sample_00133,16,27,block_out,0.8414015173912048,0.543067216873169,1075.590576171875,1.6535077095031738
sample_00133,16,31,block_out,0.8533118367195129,0.5550253987312317,497.038818359375,3.0607669353485107
sample_00133,16,8,block_out,0.990226149559021,0.14341424405574799,103.3282470703125,0.1169649139046669
sample_00133,32,16,block_out,0.9123504757881165,0.409984290599823,233.616943359375,0.5661156177520752
sample_00133,32,1,block_out,0.9988609552383423,0.05536259710788727,19.59912109375,0.003035386325791478
sample_00133,32,23,block_out,0.817631721496582,0.5775808691978455,386.19097900390625,1.1186728477478027
sample_00133,32,27,block_out,0.8606911897659302,0.5100141763687134,451.81005859375,1.6639307737350464
sample_00133,32,31,block_out,0.8424162268638611,0.5713006854057312,488.6796875,3.070396900177002
sample_00133,32,8,block_out,0.9913068413734436,0.13554134964942932,79.333251953125,0.11728624999523163
sample_00133,4,16,block_out,0.8749908208847046,0.4857640266418457,635.8721923828125,0.566943347454071
sample_00133,4,1,block_out,0.9984810948371887,0.0628449022769928,20.48876953125,0.003601099830120802
sample_00133,4,23,block_out,0.7726815938949585,0.6411555409431458,894.6002197265625,1.1153311729431152
sample_00133,4,27,block_out,0.8405221700668335,0.5443769693374634,1043.0977783203125,1.6683951616287231
sample_00133,4,31,block_out,0.8611564040184021,0.5418221354484558,515.071533203125,3.083887815475464
sample_00133,4,8,block_out,0.9892749190330505,0.1500212550163269,123.95763397216797,0.1174212396144867
sample_00133,63,16,block_out,0.9202308058738708,0.3922959268093109,235.635986328125,0.5440185070037842
sample_00133,63,1,block_out,0.9996234178543091,0.03816374018788338,24.7269287109375,0.0015943594044074416
sample_00133,63,23,block_out,0.8339736461639404,0.5532458424568176,397.322998046875,1.093178391456604
sample_00133,63,27,block_out,0.8711233735084534,0.49178507924079895,463.101318359375,1.6115814447402954
sample_00133,63,31,block_out,0.843624472618103,0.5581014156341553,503.041748046875,2.8473105430603027
sample_00133,63,8,block_out,0.9933303594589233,0.11971648782491684,10.605903625488281,0.11498770117759705
sample_00134,0,16,block_out,0.9154659509658813,0.4030909538269043,225.436767578125,0.5680328607559204
sample_00134,0,1,block_out,1.0005160570144653,0.0005561126745305955,0.0380859375,0.00017446088895667344
sample_00134,0,23,block_out,0.807384729385376,0.5967296957969666,372.8880615234375,1.1159815788269043
sample_00134,0,27,block_out,0.854022204875946,0.5229530930519104,433.0931396484375,1.6669853925704956
sample_00134,0,31,block_out,0.8572186827659607,0.5417706370353699,531.75634765625,3.199242353439331
sample_00134,0,8,block_out,0.9937382340431213,0.11707261949777603,2.35772705078125,0.11145196855068207
sample_00134,16,16,block_out,0.8590659499168396,0.5158836841583252,613.532958984375,0.6279165744781494
sample_00134,16,1,block_out,0.9918883442878723,0.13098442554473877,25.8388671875,0.01302629429847002
sample_00134,16,23,block_out,0.7419962882995605,0.6849365830421448,784.788818359375,1.2104179859161377
sample_00134,16,27,block_out,0.7933095693588257,0.6166422963142395,935.674560546875,1.8902559280395508
sample_00134,16,31,block_out,0.731208860874176,0.7414942979812622,539.071533203125,3.8864057064056396
sample_00134,16,8,block_out,0.9737613201141357,0.23281264305114746,251.21533203125,0.13692469894886017
sample_00134,32,16,block_out,0.8510991334915161,0.5307060480117798,646.625,0.6443408131599426
sample_00134,32,1,block_out,0.9850882291793823,0.17482684552669525,24.5673828125,0.02206393890082836
sample_00134,32,23,block_out,0.7344890236854553,0.6962963342666626,854.16845703125,1.2371835708618164
sample_00134,32,27,block_out,0.7824901342391968,0.6320095062255859,1010.59521484375,1.9333056211471558
sample_00134,32,31,block_out,0.6985639333724976,0.7725785970687866,596.115234375,3.9371743202209473
sample_00134,32,8,block_out,0.9696085453033447,0.25093159079551697,218.49853515625,0.148652583360672
sample_00134,4,16,block_out,0.8738992214202881,0.48839071393013,573.693359375,0.5901492834091187
sample_00134,4,1,block_out,0.997189998626709,0.08144359290599823,22.35791015625,0.005426897667348385
sample_00134,4,23,block_out,0.7602232694625854,0.6607720851898193,738.666015625,1.1564807891845703
sample_00134,4,27,block_out,0.8206968307495117,0.5759002566337585,869.8427734375,1.764762043952942
sample_00134,4,31,block_out,0.8040602803230286,0.6420455574989319,695.5823974609375,3.492975950241089
sample_00134,4,8,block_out,0.9830964803695679,0.18689920008182526,195.52685546875,0.12033088505268097
sample_00134,63,16,block_out,0.8474469184875488,0.5380826592445374,558.5440063476562,0.6347432136535645
sample_00134,63,1,block_out,0.976120114326477,0.2195076048374176,27.3779296875,0.03433583676815033
sample_00134,63,23,block_out,0.7427990436553955,0.6878193616867065,821.6409301757812,1.2183836698532104
sample_00134,63,27,block_out,0.7869830131530762,0.6312150359153748,948.8978271484375,1.8875154256820679
sample_00134,63,31,block_out,0.7240183353424072,0.7263043522834778,617.73828125,3.6110877990722656
sample_00134,63,8,block_out,0.9709300398826599,0.24833792448043823,153.402587890625,0.15945051610469818
sample_00135,0,16,block_out,0.9222111105918884,0.3876257538795471,234.01318359375,0.5520772933959961
sample_00135,0,1,block_out,1.0005110502243042,0.0005555438110604882,0.0322265625,0.00018217222532257438
sample_00135,0,23,block_out,0.814041793346405,0.5924182534217834,379.611328125,1.1295812129974365
sample_00135,0,27,block_out,0.8676233887672424,0.4994165599346161,436.7294921875,1.6466459035873413
sample_00135,0,31,block_out,0.8761202096939087,0.5032867789268494,455.3466796875,3.0014777183532715
sample_00135,0,8,block_out,0.9938994646072388,0.11560647189617157,3.43914794921875,0.11144468933343887
sample_00135,16,16,block_out,0.8861773014068604,0.46558505296707153,604.4945678710938,0.5695043802261353
sample_00135,16,1,block_out,0.9987744092941284,0.058753374963998795,19.8525390625,0.003926434088498354
sample_00135,16,23,block_out,0.7679049372673035,0.6572125554084778,914.1964721679688,1.165282964706421
sample_00135,16,27,block_out,0.8353602290153503,0.5536468029022217,1026.11376953125,1.7464282512664795
sample_00135,16,31,block_out,0.8449547290802002,0.5628573894500732,469.916748046875,3.2128405570983887
sample_00135,16,8,block_out,0.9909164905548096,0.13865971565246582,102.0859375,0.12112871557474136
sample_00135,32,16,block_out,0.914552628993988,0.40527957677841187,227.5986328125,0.5822348594665527
sample_00135,32,1,block_out,0.9983156323432922,0.06576015055179596,4.55126953125,0.006178358569741249
sample_00135,32,23,block_out,0.808979868888855,0.5978907942771912,454.453369140625,1.1757291555404663
sample_00135,32,27,block_out,0.834729790687561,0.5547890067100525,557.656982421875,1.8303864002227783
sample_00135,32,31,block_out,0.8044854998588562,0.6394023895263672,433.974609375,3.3642680644989014
sample_00135,32,8,block_out,0.990626335144043,0.14068976044654846,19.409591674804688,0.1277153640985489
sample_00135,4,16,block_out,0.9214784502983093,0.38922119140625,235.5947265625,0.5510278940200806
sample_00135,4,1,block_out,1.00050687789917,0.0005625729099847376,0.0322265625,0.00018207939865533262
sample_00135,4,23,block_out,0.810473620891571,0.5959535837173462,373.350830078125,1.1310681104660034
sample_00135,4,27,block_out,0.8680589199066162,0.49774113297462463,457.257080078125,1.6368061304092407
sample_00135,4,31,block_out,0.8793612122535706,0.4953034818172455,446.06689453125,2.938920497894287
sample_00135,4,8,block_out,0.9940245151519775,0.11446283012628555,2.91357421875,0.1108587458729744
sample_00135,63,16,block_out,0.9146994948387146,0.40485987067222595,229.773681640625,0.5671836137771606
sample_00135,63,1,block_out,0.9918636679649353,0.13109272718429565,4.74755859375,0.015397568233311176
sample_00135,63,23,block_out,0.8166762590408325,0.5863223075866699,488.635009765625,1.1763927936553955
sample_00135,63,27,block_out,0.8459556102752686,0.5363984107971191,597.512451171875,1.7678468227386475
sample_00135,63,31,block_out,0.8313309550285339,0.5797154903411865,509.430419921875,3.018939971923828
sample_00135,63,8,block_out,0.9824970364570618,0.18937064707279205,19.5986328125,0.14656895399093628
sample_00136,0,16,block_out,0.9224293828010559,0.38699862360954285,235.04931640625,0.5527074337005615
sample_00136,0,1,block_out,1.0004976987838745,0.0005761851789429784,0.0361328125,0.00018791765614878386
sample_00136,0,23,block_out,0.817962110042572,0.5866809487342834,381.177490234375,1.1186771392822266
sample_00136,0,27,block_out,0.8728803396224976,0.48982784152030945,436.264892578125,1.614242434501648
sample_00136,0,31,block_out,0.88515305519104,0.48628851771354675,455.548095703125,2.900912046432495
sample_00136,0,8,block_out,0.9940484762191772,0.11426641047000885,2.34130859375,0.10969796031713486
sample_00136,16,16,block_out,0.8779739737510681,0.4821864664554596,649.4503173828125,0.5848379135131836
sample_00136,16,1,block_out,0.9919968247413635,0.13002623617649078,26.173828125,0.01256382092833519
sample_00136,16,23,block_out,0.749091625213623,0.6875662207603455,893.7076416015625,1.2032197713851929
sample_00136,16,27,block_out,0.8065094351768494,0.5983388423919678,1082.1295166015625,1.852935552597046
sample_00136,16,31,block_out,0.7977580428123474,0.6412133574485779,463.245849609375,3.558405876159668
sample_00136,16,8,block_out,0.9834718108177185,0.18481230735778809,200.744384765625,0.13196837902069092
sample_00136,32,16,block_out,0.8736298084259033,0.4916307032108307,529.575439453125,0.5892298221588135
sample_00136,32,1,block_out,0.9869279861450195,0.16413742303848267,25.212890625,0.019511424005031586
sample_00136,32,23,block_out,0.7441561222076416,0.696797251701355,916.647705078125,1.2217509746551514
sample_00136,32,27,block_out,0.7953050136566162,0.6158123016357422,1111.77880859375,1.9033215045928955
sample_00136,32,31,block_out,0.7689574360847473,0.6819445490837097,623.69091796875,3.6555445194244385
sample_00136,32,8,block_out,0.9771384000778198,0.21773631870746613,254.13088989257812,0.14102354645729065
sample_00136,4,16,block_out,0.8973804116249084,0.4437558948993683,556.7615966796875,0.5673078894615173
sample_00136,4,1,block_out,0.9971452951431274,0.08179251849651337,22.104248046875,0.005095296539366245
sample_00136,4,23,block_out,0.7790493369102478,0.647468626499176,771.9771728515625,1.1653544902801514
sample_00136,4,27,block_out,0.8359531164169312,0.5537447929382324,903.0806884765625,1.7604479789733887
sample_00136,4,31,block_out,0.8362593054771423,0.5805296897888184,518.8782348632812,3.2930822372436523
sample_00136,4,8,block_out,0.9879357218742371,0.15862640738487244,174.46240234375,0.11827089637517929
sample_00136,63,16,block_out,0.8552414774894714,0.526509165763855,608.15283203125,0.5941441059112549
sample_00136,63,1,block_out,0.9767664670944214,0.2167900800704956,27.7269287109375,0.03255980461835861
sample_00136,63,23,block_out,0.7467882633209229,0.6936502456665039,1014.634765625,1.2149865627288818
sample_00136,63,27,block_out,0.8083861470222473,0.5977702140808105,1205.75341796875,1.8072140216827393
sample_00136,63,31,block_out,0.7859308123588562,0.6536388397216797,707.34521484375,3.258626937866211
sample_00136,63,8,block_out,0.9715179800987244,0.2436758428812027,277.7911376953125,0.15329821407794952
sample_00137,0,16,block_out,0.922970712184906,0.3856470584869385,233.8232421875,0.5520821213722229
sample_00137,0,1,block_out,1.0004692077636719,0.0005731156561523676,0.033203125,0.0001884757075458765
sample_00137,0,23,block_out,0.8207241892814636,0.5811364650726318,378.49462890625,1.1106246709823608
sample_00137,0,27,block_out,0.874955952167511,0.4856932461261749,432.7303466796875,1.6059181690216064
sample_00137,0,31,block_out,0.886210024356842,0.48171404004096985,450.5174560546875,2.8640530109405518
sample_00137,0,8,block_out,0.9940678477287292,0.11382810026407242,2.2432861328125,0.10962595790624619
sample_00137,16,16,block_out,0.8866869211196899,0.46470290422439575,666.1693115234375,0.5578632950782776
sample_00137,16,1,block_out,0.9986816644668579,0.05941806733608246,21.60595703125,0.0030176094733178616
sample_00137,16,23,block_out,0.7767519354820251,0.6442244052886963,915.3817138671875,1.142561435699463
sample_00137,16,27,block_out,0.8487778306007385,0.5316840410232544,1076.7620849609375,1.6665749549865723
sample_00137,16,31,block_out,0.8673354387283325,0.5159714221954346,450.0787353515625,3.0049562454223633
sample_00137,16,8,block_out,0.9866566061973572,0.16641078889369965,176.764892578125,0.11408182978630066
sample_00137,32,16,block_out,0.9198022484779358,0.39313727617263794,242.03857421875,0.5533068776130676
sample_00137,32,1,block_out,0.9987895488739014,0.057081736624240875,21.15673828125,0.0028493201825767756
sample_00137,32,23,block_out,0.8119955062866211,0.5927040576934814,385.6405029296875,1.1542494297027588
sample_00137,32,27,block_out,0.8626933097839355,0.5070371031761169,447.7623291015625,1.679235816001892
sample_00137,32,31,block_out,0.8581653237342834,0.5316475629806519,479.205810546875,3.0119521617889404
sample_00137,32,8,block_out,0.9899399876594543,0.1453959345817566,124.95291137695312,0.11367946118116379
sample_00137,4,16,block_out,0.8898495435714722,0.4586564004421234,644.1784057617188,0.5585429668426514
sample_00137,4,1,block_out,0.9983851909637451,0.06452676653862,21.96533203125,0.0034908175002783537
sample_00137,4,23,block_out,0.772320568561554,0.6515473127365112,882.7389526367188,1.1538565158843994
sample_00137,4,27,block_out,0.8436869978904724,0.5400763154029846,1046.103271484375,1.7004609107971191
sample_00137,4,31,block_out,0.8653957843780518,0.5245742797851562,455.616943359375,3.0972886085510254
sample_00137,4,8,block_out,0.9857410192489624,0.17184218764305115,188.3642578125,0.11448197066783905
sample_00137,63,16,block_out,0.9256592988967896,0.37907639145851135,237.219970703125,0.530397355556488
sample_00137,63,1,block_out,0.999549388885498,0.041493985801935196,20.492919921875,0.0019446200458332896
sample_00137,63,23,block_out,0.8266274929046631,0.571251630783081,380.516845703125,1.1387598514556885
sample_00137,63,27,block_out,0.8691638708114624,0.4959753155708313,437.727783203125,1.6515475511550903
sample_00137,63,31,block_out,0.8544150590896606,0.5387434363365173,446.977783203125,2.861445665359497
sample_00137,63,8,block_out,0.9920936822891235,0.12976324558258057,108.45429992675781,0.1117481142282486
sample_00138,0,16,block_out,0.9225175380706787,0.3867237865924835,238.99267578125,0.5508784055709839
sample_00138,0,1,block_out,1.0004935264587402,0.0005773389129899442,0.0341796875,0.00018772296607494354
sample_00138,0,23,block_out,0.8177917003631592,0.5859984755516052,387.366455078125,1.1184349060058594
sample_00138,0,27,block_out,0.8733548521995544,0.4889533817768097,443.29833984375,1.6111186742782593
sample_00138,0,31,block_out,0.8801155090332031,0.49936193227767944,465.24755859375,2.9284520149230957
sample_00138,0,8,block_out,0.9939737915992737,0.11472860723733902,2.415771484375,0.10989434272050858
sample_00138,16,16,block_out,0.8825744986534119,0.47353827953338623,611.8578491210938,0.577692985534668
sample_00138,16,1,block_out,0.993301272392273,0.11954829096794128,26.328125,0.011452795937657356
sample_00138,16,23,block_out,0.7593241930007935,0.6718197464942932,856.1356811523438,1.180549144744873
sample_00138,16,27,block_out,0.8239741325378418,0.5737870335578918,1002.427734375,1.7882016897201538
sample_00138,16,31,block_out,0.8172978162765503,0.6083050966262817,508.8680114746094,3.3612678050994873
sample_00138,16,8,block_out,0.9854707717895508,0.17378029227256775,167.60211181640625,0.12696801126003265
sample_00138,32,16,block_out,0.8590312004089355,0.5194216370582581,599.1708984375,0.6178355813026428
sample_00138,32,1,block_out,0.9877147674560547,0.1591915786266327,25.0947265625,0.01966923102736473
sample_00138,32,23,block_out,0.7417038083076477,0.6988475322723389,977.487548828125,1.226099967956543
sample_00138,32,27,block_out,0.7956107258796692,0.6171184182167053,1165.914794921875,1.9084810018539429
sample_00138,32,31,block_out,0.7667801380157471,0.6792166233062744,675.066162109375,3.57548189163208
sample_00138,32,8,block_out,0.9759360551834106,0.22407521307468414,259.56732177734375,0.1426611691713333
sample_00138,4,16,block_out,0.9164273142814636,0.4013855755329132,249.16055297851562,0.564019501209259
sample_00138,4,1,block_out,0.9973794221878052,0.07877932488918304,22.81494140625,0.004934585187584162
sample_00138,4,23,block_out,0.8123521208763123,0.593174934387207,384.666015625,1.1433745622634888
sample_00138,4,27,block_out,0.8642293214797974,0.5055375099182129,447.1083984375,1.680422306060791
sample_00138,4,31,block_out,0.8600613474845886,0.5410075783729553,469.2607421875,3.090170383453369
sample_00138,4,8,block_out,0.9898715615272522,0.1460369974374771,137.107421875,0.11755996197462082
sample_00138,63,16,block_out,0.8555854558944702,0.5288288593292236,603.2279052734375,0.587490975856781
sample_00138,63,1,block_out,0.976277768611908,0.21889807283878326,23.5478515625,0.0332949124276638
sample_00138,63,23,block_out,0.7600456476211548,0.6762025356292725,983.1309814453125,1.1799999475479126
sample_00138,63,27,block_out,0.820610523223877,0.5823047161102295,1165.8751220703125,1.74899423122406
sample_00138,63,31,block_out,0.8167620301246643,0.604431688785553,685.8731689453125,3.0796430110931396
sample_00138,63,8,block_out,0.9717260003089905,0.2442590892314911,268.6812744140625,0.1546386182308197
sample_00139,0,16,block_out,0.9261162877082825,0.3780452609062195,232.4853515625,0.540664553642273
sample_00139,0,1,block_out,1.0004878044128418,0.0005713518476113677,0.03515625,0.0001854669681051746
sample_00139,0,23,block_out,0.8251641988754272,0.5753783583641052,379.2401123046875,1.0985647439956665
sample_00139,0,27,block_out,0.88188636302948,0.47293734550476074,433.6138916015625,1.5563907623291016
sample_00139,0,31,block_out,0.8951141834259033,0.46418023109436035,455.7681884765625,2.766244411468506
sample_00139,0,8,block_out,0.9942575097084045,0.11232519149780273,2.33935546875,0.10910211503505707
sample_00139,16,16,block_out,0.8884322047233582,0.4618091881275177,561.9337158203125,0.5673772096633911
sample_00139,16,1,block_out,0.9932310581207275,0.12016288191080093,26.4931640625,0.011777709238231182
sample_00139,16,23,block_out,0.7635165452957153,0.6668168902397156,795.2986450195312,1.174196720123291
sample_00139,16,27,block_out,0.8237611055374146,0.5746878385543823,946.8259887695312,1.7802786827087402
sample_00139,16,31,block_out,0.8123706579208374,0.6162511706352234,465.2715148925781,3.3845999240875244
sample_00139,16,8,block_out,0.9855033159255981,0.17359180748462677,165.0469970703125,0.12678967416286469
sample_00139,32,16,block_out,0.8687277436256409,0.5006975531578064,576.30126953125,0.5990636944770813
sample_00139,32,1,block_out,0.9870524406433105,0.16326013207435608,25.24609375,0.020069479942321777
sample_00139,32,23,block_out,0.7486850619316101,0.6883112192153931,967.22021484375,1.208497405052185
sample_00139,32,27,block_out,0.7989763021469116,0.613366961479187,1153.8193359375,1.8801945447921753
sample_00139,32,31,block_out,0.7642269134521484,0.6827148199081421,687.857421875,3.5559182167053223
sample_00139,32,8,block_out,0.9787741899490356,0.21031872928142548,228.52125549316406,0.14046436548233032
sample_00139,4,16,block_out,0.9119745492935181,0.41182780265808105,368.351318359375,0.5568214654922485
sample_00139,4,1,block_out,0.9971137046813965,0.08202129602432251,22.13330078125,0.005140521097928286
sample_00139,4,23,block_out,0.803911566734314,0.6090883016586304,559.9305419921875,1.137959599494934
sample_00139,4,27,block_out,0.8610435724258423,0.5119785666465759,690.4188232421875,1.6662163734436035
sample_00139,4,31,block_out,0.8619084358215332,0.5348625779151917,515.463623046875,3.0474374294281006
sample_00139,4,8,block_out,0.990170955657959,0.1439092606306076,144.83056640625,0.11703173816204071
sample_00139,63,16,block_out,0.8681944608688354,0.5045734643936157,562.7408447265625,0.5834043622016907
sample_00139,63,1,block_out,0.9761718511581421,0.21937397122383118,27.14404296875,0.032575320452451706
sample_00139,63,23,block_out,0.761417806148529,0.6740288734436035,957.0533447265625,1.1973333358764648
sample_00139,63,27,block_out,0.8165178298950195,0.5872839093208313,1142.7633056640625,1.797366976737976
sample_00139,63,31,block_out,0.7994980216026306,0.6244198679924011,667.6724853515625,3.2223172187805176
sample_00139,63,8,block_out,0.9728074073791504,0.23915229737758636,245.96267700195312,0.155198335647583
sample_00140,0,16,block_out,0.90187007188797,0.4326429069042206,220.310546875,0.6075634956359863
sample_00140,0,1,block_out,1.0003600120544434,0.000554156955331564,0.037109375,0.00018424060544930398
sample_00140,0,23,block_out,0.7965306639671326,0.6108763217926025,350.40570068359375,1.1156400442123413
sample_00140,0,27,block_out,0.8536771535873413,0.5219814777374268,404.2178955078125,1.6550756692886353
sample_00140,0,31,block_out,0.8760510683059692,0.5150980353355408,446.1129150390625,3.031489610671997
sample_00140,0,8,block_out,0.9910736083984375,0.1359528750181198,3.61181640625,0.12439236789941788
sample_00140,16,16,block_out,0.8145871758460999,0.5865333676338196,695.15966796875,0.6772640943527222
sample_00140,16,1,block_out,0.9897581934928894,0.14805173873901367,25.30218505859375,0.01824028417468071
sample_00140,16,23,block_out,0.687132716178894,0.7449074983596802,943.3114624023438,1.2280062437057495
sample_00140,16,27,block_out,0.7582526803016663,0.664391040802002,1107.1064453125,2.000859498977661
sample_00140,16,31,block_out,0.7571876049041748,0.7069522738456726,764.8583984375,4.0282721519470215
sample_00140,16,8,block_out,0.9724404811859131,0.23475651443004608,213.6904296875,0.1591651886701584
sample_00140,32,16,block_out,0.8191741108894348,0.5787203907966614,714.9755859375,0.7038492560386658
sample_00140,32,1,block_out,0.9800037741661072,0.20588593184947968,23.7520751953125,0.03189752623438835
sample_00140,32,23,block_out,0.6905003190040588,0.7400785088539124,989.5751953125,1.2749285697937012
sample_00140,32,27,block_out,0.7350983619689941,0.6939505338668823,1143.0205078125,2.1440296173095703
sample_00140,32,31,block_out,0.7040885090827942,0.7856472134590149,555.5927734375,4.317905426025391
sample_00140,32,8,block_out,0.9677334427833557,0.25313296914100647,158.2587890625,0.18077902495861053
sample_00140,4,16,block_out,0.8528545498847961,0.5254127383232117,509.3671875,0.637933611869812
sample_00140,4,1,block_out,0.9978946447372437,0.07022393494844437,21.74609375,0.005590463988482952
sample_00140,4,23,block_out,0.7229158282279968,0.7058910131454468,844.6038818359375,1.1826390027999878
sample_00140,4,27,block_out,0.8008258938789368,0.6044911742210388,1004.3602294921875,1.8359960317611694
sample_00140,4,31,block_out,0.8292020559310913,0.5930764675140381,700.6837158203125,3.517261028289795
sample_00140,4,8,block_out,0.9866937398910522,0.16517604887485504,107.68362426757812,0.13578484952449799
sample_00140,63,16,block_out,0.8149229884147644,0.5834822654724121,702.933837890625,0.6896021962165833
sample_00140,63,1,block_out,0.9677813649177551,0.2657387852668762,21.5157470703125,0.05112829804420471
sample_00140,63,23,block_out,0.7066476345062256,0.7200053334236145,999.713623046875,1.2443640232086182
sample_00140,63,27,block_out,0.749889612197876,0.6730751395225525,1187.993896484375,2.0094728469848633
sample_00140,63,31,block_out,0.7218430042266846,0.7541244626045227,537.820068359375,3.694809913635254
sample_00140,63,8,block_out,0.9584833979606628,0.2859410345554352,151.4697265625,0.19513386487960815
sample_00141,0,16,block_out,0.9045012593269348,0.4270022213459015,241.32421875,0.604882538318634
sample_00141,0,1,block_out,1.0003761053085327,0.0005600763252004981,0.037109375,0.00018338066001888365
sample_00141,0,23,block_out,0.810499906539917,0.5913835763931274,410.0615234375,1.1013267040252686
sample_00141,0,27,block_out,0.8702909350395203,0.49352380633354187,476.43212890625,1.5947144031524658
sample_00141,0,31,block_out,0.8898906707763672,0.4868059456348419,512.03369140625,2.912144660949707
sample_00141,0,8,block_out,0.991253674030304,0.1346725970506668,3.60693359375,0.12317900359630585
sample_00141,16,16,block_out,0.8543916940689087,0.5232311487197876,614.97314453125,0.6129243969917297
sample_00141,16,1,block_out,0.9983854293823242,0.06235846132040024,20.58935546875,0.003999610431492329
sample_00141,16,23,block_out,0.7621932625770569,0.6565716862678528,839.574462890625,1.1277934312820435
sample_00141,16,27,block_out,0.8387765884399414,0.5479631423950195,949.7835693359375,1.689258098602295
sample_00141,16,31,block_out,0.8629462122917175,0.5469188690185547,484.6968994140625,3.1252217292785645
sample_00141,16,8,block_out,0.973220705986023,0.23233875632286072,210.020263671875,0.1314663290977478
sample_00141,32,16,block_out,0.8514615297317505,0.5281717777252197,635.461669921875,0.6117447018623352
sample_00141,32,1,block_out,0.9985396862030029,0.05924640968441963,20.0380859375,0.0037797889672219753
sample_00141,32,23,block_out,0.7594395279884338,0.6601247191429138,861.04443359375,1.131203293800354
sample_00141,32,27,block_out,0.8337023854255676,0.5557924509048462,968.2159423828125,1.7111880779266357
sample_00141,32,31,block_out,0.8446475267410278,0.5795617699623108,501.0673828125,3.190052032470703
sample_00141,32,8,block_out,0.973658561706543,0.23034171760082245,213.66799926757812,0.1323319971561432
sample_00141,4,16,block_out,0.8541520833969116,0.523723304271698,617.164306640625,0.6134790182113647
sample_00141,4,1,block_out,0.9981039762496948,0.06720639020204544,21.04052734375,0.004358130041509867
sample_00141,4,23,block_out,0.7588143348693848,0.6607753038406372,857.438720703125,1.1306183338165283
sample_00141,4,27,block_out,0.8419683575630188,0.5423510074615479,958.62060546875,1.6664645671844482
sample_00141,4,31,block_out,0.8739541172981262,0.5274829268455505,462.35174560546875,3.0693507194519043
sample_00141,4,8,block_out,0.9736737012863159,0.2303880900144577,200.9033203125,0.1320509910583496
sample_00141,63,16,block_out,0.8491320610046387,0.5324593186378479,652.8677978515625,0.5846763849258423
sample_00141,63,1,block_out,0.9992107152938843,0.04577727988362312,18.59716796875,0.0027456553652882576
sample_00141,63,23,block_out,0.7667102813720703,0.6524516940116882,862.260498046875,1.1246885061264038
sample_00141,63,27,block_out,0.8306951522827148,0.5608603358268738,985.063720703125,1.6978964805603027
sample_00141,63,31,block_out,0.8168425559997559,0.6083918809890747,493.43212890625,3.062920570373535
sample_00141,63,8,block_out,0.9839754104614258,0.18022608757019043,133.5523681640625,0.12753109633922577
sample_00142,0,16,block_out,0.9045536518096924,0.42695507407188416,235.18701171875,0.5997493863105774
sample_00142,0,1,block_out,1.0004212856292725,0.0005437257350422442,0.03515625,0.00017532891070004553
sample_00142,0,23,block_out,0.7993090748786926,0.607280433177948,411.35107421875,1.1191596984863281
sample_00142,0,27,block_out,0.8496430516242981,0.5297170281410217,479.529541015625,1.679492712020874
sample_00142,0,31,block_out,0.8606953620910645,0.5436187982559204,525.685791015625,3.2320542335510254
sample_00142,0,8,block_out,0.9917646050453186,0.13085874915122986,3.63232421875,0.12122201919555664
sample_00142,16,16,block_out,0.8428122401237488,0.542812168598175,699.019775390625,0.6089918613433838
sample_00142,16,1,block_out,0.9982709884643555,0.06480385363101959,20.12939453125,0.004164855927228928
sample_00142,16,23,block_out,0.7384976148605347,0.6867675185203552,938.2998046875,1.150005578994751
sample_00142,16,27,block_out,0.8205587863922119,0.5761826634407043,1083.2452392578125,1.7130210399627686
sample_00142,16,31,block_out,0.8465188145637512,0.5664945244789124,501.6705322265625,3.2217116355895996
sample_00142,16,8,block_out,0.9715183973312378,0.23983150720596313,235.435791015625,0.1287512630224228
sample_00142,32,16,block_out,0.8483440279960632,0.5332791209220886,682.7984619140625,0.6075838208198547
sample_00142,32,1,block_out,0.9984503984451294,0.06129352003335953,19.57177734375,0.0039001689292490482
sample_00142,32,23,block_out,0.7442270517349243,0.6790960431098938,907.5262451171875,1.1646558046340942
sample_00142,32,27,block_out,0.8188869953155518,0.5789178609848022,1044.0113525390625,1.7349883317947388
sample_00142,32,31,block_out,0.8334542512893677,0.5888132452964783,499.6103515625,3.2749807834625244
sample_00142,32,8,block_out,0.9734062552452087,0.23178967833518982,226.4862060546875,0.1287411004304886
sample_00142,4,16,block_out,0.8457942605018616,0.5378928780555725,693.07763671875,0.6094880700111389
sample_00142,4,1,block_out,0.9978804588317871,0.0710688978433609,20.564208984375,0.004753560293465853
sample_00142,4,23,block_out,0.7331306338310242,0.6934429407119751,935.75244140625,1.1589826345443726
sample_00142,4,27,block_out,0.819412112236023,0.5772460699081421,1086.9530029296875,1.7176631689071655
sample_00142,4,31,block_out,0.8559397459030151,0.5510544776916504,502.4412841796875,3.215104341506958
sample_00142,4,8,block_out,0.9721180200576782,0.23744267225265503,225.69775390625,0.12988261878490448
sample_00142,63,16,block_out,0.848049521446228,0.5338128209114075,637.93408203125,0.5952081084251404
sample_00142,63,1,block_out,0.9994093775749207,0.042454857379198074,24.7545166015625,0.0020044310949742794
sample_00142,63,23,block_out,0.7401708960533142,0.6887422800064087,965.650146484375,1.1628856658935547
sample_00142,63,27,block_out,0.8134228587150574,0.5887046456336975,1134.321044921875,1.7347276210784912
sample_00142,63,31,block_out,0.8178794384002686,0.6042519807815552,574.888427734375,3.1741344928741455
sample_00142,63,8,block_out,0.9805958271026611,0.19771014153957367,186.8265380859375,0.13028979301452637
sample_00143,0,16,block_out,0.8992223143577576,0.4379076659679413,237.25341796875,0.6117038130760193
sample_00143,0,1,block_out,1.0003596544265747,0.0005571174551732838,0.0439453125,0.00018523962353356183
sample_00143,0,23,block_out,0.7970157861709595,0.6088036298751831,388.824951171875,1.105912685394287
sample_00143,0,27,block_out,0.8559262156486511,0.5187792181968689,474.259521484375,1.6236447095870972
sample_00143,0,31,block_out,0.8851040601730347,0.4967506229877472,473.45556640625,2.9572672843933105
sample_00143,0,8,block_out,0.9906455874443054,0.13903892040252686,3.60546875,0.12633030116558075
sample_00143,16,16,block_out,0.8548330068588257,0.523640513420105,471.742431640625,0.6232234835624695
sample_00143,16,1,block_out,0.9980830550193787,0.06698448210954666,19.8974609375,0.0045411414466798306
sample_00143,16,23,block_out,0.7480719089508057,0.6780689358711243,719.15771484375,1.1305251121520996
sample_00143,16,27,block_out,0.8237509727478027,0.5719170570373535,843.00732421875,1.7209482192993164
sample_00143,16,31,block_out,0.854245662689209,0.5536083579063416,467.81201171875,3.184669017791748
sample_00143,16,8,block_out,0.9855509400367737,0.17183735966682434,108.568603515625,0.13443602621555328
sample_00143,32,16,block_out,0.8506653308868408,0.5294956564903259,628.6650390625,0.6267241835594177
sample_00143,32,1,block_out,0.9983066916465759,0.06295134127140045,19.38525390625,0.004239096771925688
sample_00143,32,23,block_out,0.7395772337913513,0.6864237785339355,881.2127685546875,1.156224012374878
sample_00143,32,27,block_out,0.8073687553405762,0.5960180163383484,1033.513671875,1.7917529344558716
sample_00143,32,31,block_out,0.824039101600647,0.6090841889381409,404.0958251953125,3.3502249717712402
sample_00143,32,8,block_out,0.9866011738777161,0.16537044942378998,108.4306640625,0.1352999061346054
sample_00143,4,16,block_out,0.8458700180053711,0.5380727648735046,625.1005859375,0.6209458112716675
sample_00143,4,1,block_out,0.9976575374603271,0.07329925894737244,20.2646484375,0.005134344566613436
sample_00143,4,23,block_out,0.7386658191680908,0.6887634992599487,869.2225341796875,1.1430244445800781
sample_00143,4,27,block_out,0.8225811123847961,0.5720518827438354,1013.6287841796875,1.710994005203247
sample_00143,4,31,block_out,0.8641988635063171,0.5369076132774353,427.0400390625,3.165347099304199
sample_00143,4,8,block_out,0.983258843421936,0.1849067509174347,136.73797607421875,0.13325715065002441
sample_00143,63,16,block_out,0.9073969125747681,0.4206363260746002,243.05889892578125,0.5911199450492859
sample_00143,63,1,block_out,0.9992998838424683,0.043510954827070236,24.1761474609375,0.0021736088674515486
sample_00143,63,23,block_out,0.8112386465072632,0.5882872343063354,399.286376953125,1.1350904703140259
sample_00143,63,27,block_out,0.8425341844558716,0.5407373905181885,460.769775390625,1.7399723529815674
sample_00143,63,31,block_out,0.8070645928382874,0.6200793981552124,484.740478515625,3.1999881267547607
sample_00143,63,8,block_out,0.9902256727218628,0.14181269705295563,9.093505859375,0.13155381381511688
sample_00144,0,16,block_out,0.9020128846168518,0.43219491839408875,239.142578125,0.609163761138916
sample_00144,0,1,block_out,1.0003715753555298,0.0005555087700486183,0.033203125,0.0001846912782639265
sample_00144,0,23,block_out,0.8034180402755737,0.6006292700767517,408.58349609375,1.1175247430801392
sample_00144,0,27,block_out,0.857451856136322,0.5158156752586365,477.58642578125,1.646472454071045
sample_00144,0,31,block_out,0.87710040807724,0.5133070945739746,515.01806640625,3.0493316650390625
sample_00144,0,8,block_out,0.9912460446357727,0.13470250368118286,3.66650390625,0.1240304559469223
sample_00144,16,16,block_out,0.8979412913322449,0.44091176986694336,246.1387939453125,0.6147536635398865
sample_00144,16,1,block_out,0.9981213212013245,0.06646431237459183,20.138671875,0.004349184222519398
sample_00144,16,23,block_out,0.800529956817627,0.603496789932251,438.7115478515625,1.1333485841751099
sample_00144,16,27,block_out,0.8470790386199951,0.533537745475769,516.4249267578125,1.7205640077590942
sample_00144,16,31,block_out,0.855734646320343,0.5511745810508728,537.2413330078125,3.1551167964935303
sample_00144,16,8,block_out,0.9876592755317688,0.15919065475463867,94.59150695800781,0.1308572143316269
sample_00144,32,16,block_out,0.9002255201339722,0.43600767850875854,220.244873046875,0.6140801310539246
sample_00144,32,1,block_out,0.9983149766921997,0.06294950842857361,19.56396484375,0.004110114183276892
sample_00144,32,23,block_out,0.8008273243904114,0.6030082702636719,383.826171875,1.1432956457138062
sample_00144,32,27,block_out,0.8465077877044678,0.5348649024963379,453.96484375,1.7315423488616943
sample_00144,32,31,block_out,0.841886579990387,0.581135094165802,482.775390625,3.2352406978607178
sample_00144,32,8,block_out,0.9885096549987793,0.15364038944244385,72.39730834960938,0.13213838636875153
sample_00144,4,16,block_out,0.8628169894218445,0.5080546140670776,479.763671875,0.6177889704704285
sample_00144,4,1,block_out,0.9977016448974609,0.07285624742507935,20.54296875,0.004962377715855837
sample_00144,4,23,block_out,0.7474244832992554,0.6749918460845947,877.93896484375,1.137657880783081
sample_00144,4,27,block_out,0.8257570266723633,0.567517876625061,1059.30322265625,1.7091678380966187
sample_00144,4,31,block_out,0.8669494986534119,0.5334312915802002,575.56494140625,3.1271772384643555
sample_00144,4,8,block_out,0.9859743714332581,0.16952306032180786,107.27252197265625,0.13101743161678314
sample_00144,63,16,block_out,0.9085187315940857,0.4181978404521942,233.18603515625,0.5839018225669861
sample_00144,63,1,block_out,0.9993389844894409,0.042919084429740906,24.2335205078125,0.0020838372875005007
sample_00144,63,23,block_out,0.8187359571456909,0.5775243043899536,393.5615234375,1.1125991344451904
sample_00144,63,27,block_out,0.859732449054718,0.5125460624694824,457.6787109375,1.663472294807434
sample_00144,63,31,block_out,0.8218914866447449,0.6024169921875,481.4189453125,3.0776500701904297
sample_00144,63,8,block_out,0.9908929467201233,0.13707083463668823,9.297119140625,0.12829340994358063
sample_00145,0,16,block_out,0.9184979200363159,0.39653661847114563,241.5677490234375,0.552865207195282
sample_00145,0,1,block_out,1.0003595352172852,0.0005502096610143781,0.0302734375,0.0001813417620724067
sample_00145,0,23,block_out,0.8149316906929016,0.583550751209259,392.492919921875,1.0893646478652954
sample_00145,0,27,block_out,0.8558168411254883,0.5196743011474609,456.373779296875,1.6409504413604736
sample_00145,0,31,block_out,0.8375773429870605,0.5938664674758911,490.348388671875,3.332043409347534
sample_00145,0,8,block_out,0.9921735525131226,0.12739375233650208,2.70068359375,0.11816443502902985
sample_00145,16,16,block_out,0.8542698621749878,0.5209367871284485,700.653564453125,0.5692666172981262
sample_00145,16,1,block_out,0.9970577359199524,0.08080185949802399,21.555908203125,0.006017105653882027
sample_00145,16,23,block_out,0.7447422742843628,0.6766461133956909,938.6170654296875,1.1229904890060425
sample_00145,16,27,block_out,0.8070800304412842,0.5964677333831787,1111.8319091796875,1.7696969509124756
sample_00145,16,31,block_out,0.7978114485740662,0.6561242341995239,448.5926513671875,3.5684616565704346
sample_00145,16,8,block_out,0.9802717566490173,0.2000553160905838,168.647705078125,0.12763018906116486
sample_00145,32,16,block_out,0.8445820212364197,0.5382086038589478,706.0537109375,0.5698626637458801
sample_00145,32,1,block_out,0.9973922371864319,0.0761246606707573,20.76611328125,0.005629942286759615
sample_00145,32,23,block_out,0.7309253811836243,0.6962825059890747,935.961181640625,1.1380480527877808
sample_00145,32,27,block_out,0.7961723804473877,0.6139553189277649,1101.379150390625,1.8021290302276611
sample_00145,32,31,block_out,0.7829256057739258,0.6735069751739502,490.301025390625,3.59368634223938
sample_00145,32,8,block_out,0.978620171546936,0.20793375372886658,185.410888671875,0.12888409197330475
sample_00145,4,16,block_out,0.8478580117225647,0.5321614146232605,673.540283203125,0.5686265230178833
sample_00145,4,1,block_out,0.9962724447250366,0.09028445184230804,22.13525390625,0.007152404636144638
sample_00145,4,23,block_out,0.7344772219657898,0.6899585127830505,867.232421875,1.135817527770996
sample_00145,4,27,block_out,0.7991811633110046,0.6078007221221924,1041.20556640625,1.8037312030792236
sample_00145,4,31,block_out,0.788214385509491,0.6766083240509033,439.041748046875,3.7155253887176514
sample_00145,4,8,block_out,0.9745020270347595,0.22729124128818512,203.68603515625,0.12932445108890533
sample_00145,63,16,block_out,0.9202064275741577,0.39361923933029175,233.0244140625,0.5441339612007141
sample_00145,63,1,block_out,0.9986362457275391,0.05693609640002251,25.1422119140625,0.0033829868771135807
sample_00145,63,23,block_out,0.819061279296875,0.5757485628128052,395.76025390625,1.1195480823516846
sample_00145,63,27,block_out,0.8435099720954895,0.5388361215591431,459.04736328125,1.7473653554916382
sample_00145,63,31,block_out,0.7798639535903931,0.6547259092330933,494.20037841796875,3.3297715187072754
sample_00145,63,8,block_out,0.9911906719207764,0.1344873011112213,27.2044677734375,0.12173118442296982
sample_00146,0,16,block_out,0.9164575934410095,0.4007197916507721,230.8916015625,0.5629427433013916
sample_00146,0,1,block_out,1.000369668006897,0.0005509776528924704,0.0361328125,0.00018005164747592062
sample_00146,0,23,block_out,0.806780219078064,0.5959467887878418,386.2265625,1.131346344947815
sample_00146,0,27,block_out,0.8384114503860474,0.5485547780990601,453.48486328125,1.716516375541687
sample_00146,0,31,block_out,0.8171613216400146,0.6171998381614685,486.18994140625,3.43796706199646
sample_00146,0,8,block_out,0.992009162902832,0.12899233400821686,2.7984695434570312,0.11808162182569504
sample_00146,16,16,block_out,0.8564056754112244,0.5185100436210632,671.2891845703125,0.5723176598548889
sample_00146,16,1,block_out,0.9978936314582825,0.06995981931686401,21.96142578125,0.004390750080347061
sample_00146,16,23,block_out,0.7538318634033203,0.6672244668006897,909.81787109375,1.1269211769104004
sample_00146,16,27,block_out,0.8141897916793823,0.584787905216217,1056.716796875,1.72878098487854
sample_00146,16,31,block_out,0.8132840991020203,0.6196383833885193,485.0150146484375,3.373462200164795
sample_00146,16,8,block_out,0.9691094756126404,0.24959808588027954,242.7344970703125,0.12565912306308746
sample_00146,32,16,block_out,0.8523520231246948,0.5257070064544678,695.5533447265625,0.5701555609703064
sample_00146,32,1,block_out,0.9981430172920227,0.06583885848522186,21.17822265625,0.004181495867669582
sample_00146,32,23,block_out,0.7496935129165649,0.6719349026679993,943.9508056640625,1.1328774690628052
sample_00146,32,27,block_out,0.8053062558174133,0.5979522466659546,1101.9080810546875,1.7693744897842407
sample_00146,32,31,block_out,0.8011476397514343,0.6411237716674805,462.248291015625,3.4566941261291504
sample_00146,32,8,block_out,0.9705529808998108,0.24379004538059235,234.19351196289062,0.12577538192272186
sample_00146,4,16,block_out,0.8628316521644592,0.5073345899581909,635.70947265625,0.5717354416847229
sample_00146,4,1,block_out,0.9975631833076477,0.07474254816770554,22.55224609375,0.004935712553560734
sample_00146,4,23,block_out,0.7572262287139893,0.662490725517273,860.96337890625,1.133055567741394
sample_00146,4,27,block_out,0.8098077178001404,0.5915212035179138,992.75439453125,1.7631864547729492
sample_00146,4,31,block_out,0.8100930452346802,0.6311560273170471,480.2820739746094,3.487663984298706
sample_00146,4,8,block_out,0.9704476594924927,0.24457530677318573,221.2587890625,0.12612955272197723
sample_00146,63,16,block_out,0.8575769662857056,0.5162419676780701,616.74365234375,0.5588254928588867
sample_00146,63,1,block_out,0.99810791015625,0.06572459638118744,24.9837646484375,0.0035299859009683132
sample_00146,63,23,block_out,0.7497187852859497,0.6740349531173706,987.578125,1.1408722400665283
sample_00146,63,27,block_out,0.8132067322731018,0.5876209139823914,1169.310546875,1.7511380910873413
sample_00146,63,31,block_out,0.8026401996612549,0.6292586922645569,656.4453125,3.263380289077759
sample_00146,63,8,block_out,0.9801229238510132,0.2000601440668106,188.4482421875,0.12719276547431946
sample_00147,0,16,block_out,0.9176242351531982,0.39850395917892456,226.45849609375,0.5550327897071838
sample_00147,0,1,block_out,1.0003669261932373,0.0005482136621139944,0.037109375,0.00017478504742030054
sample_00147,0,23,block_out,0.8115977644920349,0.5893507599830627,396.90576171875,1.0942749977111816
sample_00147,0,27,block_out,0.8552733659744263,0.5204143524169922,461.26513671875,1.6182053089141846
sample_00147,0,31,block_out,0.861728310585022,0.5450143814086914,497.905029296875,3.111030340194702
sample_00147,0,8,block_out,0.9923838376998901,0.12582725286483765,2.7640380859375,0.11627823859453201
sample_00147,16,16,block_out,0.8485496640205383,0.531049907207489,674.731201171875,0.5624330043792725
sample_00147,16,1,block_out,0.9979661107063293,0.06885885447263718,21.234375,0.004693755879998207
sample_00147,16,23,block_out,0.7454748153686523,0.678609311580658,903.521240234375,1.1136360168457031
sample_00147,16,27,block_out,0.8105701208114624,0.5918630957603455,1046.7635498046875,1.7181230783462524
sample_00147,16,31,block_out,0.8285518288612366,0.5939585566520691,501.385986328125,3.3020637035369873
sample_00147,16,8,block_out,0.9733986854553223,0.23161901533603668,205.482177734375,0.12406400591135025
sample_00147,32,16,block_out,0.847381591796875,0.5327419638633728,689.4676513671875,0.5642064213752747
sample_00147,32,1,block_out,0.9981573224067688,0.06543031334877014,20.49462890625,0.004412651993334293
sample_00147,32,23,block_out,0.7433084845542908,0.6806500554084778,921.5892333984375,1.1295263767242432
sample_00147,32,27,block_out,0.8050416111946106,0.5983878374099731,1063.5914306640625,1.7540209293365479
sample_00147,32,31,block_out,0.8099371194839478,0.6219217777252197,483.5760803222656,3.371229648590088
sample_00147,32,8,block_out,0.9730283617973328,0.23295851051807404,224.8841552734375,0.12429792433977127
sample_00147,4,16,block_out,0.8511099815368652,0.5268000960350037,667.8251953125,0.5630003809928894
sample_00147,4,1,block_out,0.9973657131195068,0.07730638980865479,21.82421875,0.005436487030237913
sample_00147,4,23,block_out,0.7440751194953918,0.6806837916374207,905.4781494140625,1.1222071647644043
sample_00147,4,27,block_out,0.8099544048309326,0.5919840335845947,1052.5037841796875,1.7182259559631348
sample_00147,4,31,block_out,0.8350041508674622,0.5884603261947632,479.995849609375,3.327955722808838
sample_00147,4,8,block_out,0.9712874889373779,0.24056024849414825,216.47998046875,0.1247364953160286
sample_00147,63,16,block_out,0.8667547106742859,0.4992808401584625,570.27734375,0.5449230670928955
sample_00147,63,1,block_out,0.9979342818260193,0.0680290088057518,25.2904052734375,0.0040331254713237286
sample_00147,63,23,block_out,0.7498246431350708,0.6735507845878601,943.846435546875,1.1227173805236816
sample_00147,63,27,block_out,0.7928854823112488,0.6161173582077026,1121.530029296875,1.8089348077774048
sample_00147,63,31,block_out,0.7903392910957336,0.6400666236877441,661.655029296875,3.346083402633667
sample_00147,63,8,block_out,0.985073447227478,0.17372721433639526,137.9356689453125,0.12283356487751007
sample_00148,0,16,block_out,0.9169399738311768,0.4002019762992859,236.46728515625,0.5555903315544128
sample_00148,0,1,block_out,1.000348448753357,0.0005721466732211411,0.0361328125,0.00018459095736034214
sample_00148,0,23,block_out,0.8125668168067932,0.5877677202224731,395.02880859375,1.0961772203445435
sample_00148,0,27,block_out,0.8579588532447815,0.5145549178123474,463.09130859375,1.6083439588546753
sample_00148,0,31,block_out,0.8541530966758728,0.5561105608940125,491.0517578125,3.148925542831421
sample_00148,0,8,block_out,0.9921913743019104,0.12732817232608795,2.659820556640625,0.11680921912193298
sample_00148,16,16,block_out,0.9175132513046265,0.39897704124450684,245.4476318359375,0.552055299282074
sample_00148,16,1,block_out,1.0002999305725098,0.0005612557288259268,0.0341796875,0.00018679883214645088
sample_00148,16,23,block_out,0.8140673637390137,0.5837281346321106,410.0545654296875,1.094759225845337
sample_00148,16,27,block_out,0.8520544171333313,0.5245879888534546,473.4530029296875,1.6566191911697388
sample_00148,16,31,block_out,0.8286625146865845,0.5897693634033203,497.2889404296875,3.265712261199951
sample_00148,16,8,block_out,0.9922741055488586,0.1265323907136917,2.5748291015625,0.11733212321996689
sample_00148,32,16,block_out,0.9185657501220703,0.39650481939315796,231.572265625,0.5521594285964966
sample_00148,32,1,block_out,1.0002726316452026,0.0005618451978079975,0.033203125,0.00018947820353787392
sample_00148,32,23,block_out,0.8138132095336914,0.5844379663467407,390.9375,1.1063623428344727
sample_00148,32,27,block_out,0.8468510508537292,0.533394455909729,451.634765625,1.68715238571167
sample_00148,32,31,block_out,0.8161525130271912,0.6063736081123352,474.888427734375,3.2554376125335693
sample_00148,32,8,block_out,0.9921897649765015,0.1271396279335022,2.5491790771484375,0.1187252327799797
sample_00148,4,16,block_out,0.9177185893058777,0.3985939919948578,229.5107421875,0.5501242876052856
sample_00148,4,1,block_out,1.0003321170806885,0.0005643140175379813,0.04736328125,0.0001844816142693162
sample_00148,4,23,block_out,0.815814197063446,0.5809161067008972,386.618896484375,1.0841206312179565
sample_00148,4,27,block_out,0.8572027683258057,0.5158547759056091,449.882568359375,1.6252228021621704
sample_00148,4,31,block_out,0.8437891602516174,0.5669798851013184,475.95703125,3.168400764465332
sample_00148,4,8,block_out,0.992399275302887,0.12556229531764984,2.6766357421875,0.1163271963596344
sample_00148,63,16,block_out,0.9251594543457031,0.38202106952667236,227.75341796875,0.5279995203018188
sample_00148,63,1,block_out,1.0002309083938599,0.0005522525170817971,0.03564453125,0.00019248263561166823
sample_00148,63,23,block_out,0.8289201259613037,0.5615457892417908,387.97802734375,1.0884742736816406
sample_00148,63,27,block_out,0.8577930331230164,0.5145948529243469,449.73974609375,1.660645604133606
sample_00148,63,31,block_out,0.8144802451133728,0.6027112007141113,471.78515625,3.1195595264434814
sample_00148,63,8,block_out,0.9927569627761841,0.12243843823671341,3.68292236328125,0.1146751120686531
sample_00149,0,16,block_out,0.9195066690444946,0.3944091498851776,231.390625,0.5529940724372864
sample_00149,0,1,block_out,1.000343918800354,0.0005581670557148755,0.0390625,0.00018046963668894023
sample_00149,0,23,block_out,0.8176516890525818,0.5796056985855103,405.1513671875,1.088773488998413
sample_00149,0,27,block_out,0.8608306646347046,0.5103839039802551,472.107421875,1.6074215173721313
sample_00149,0,31,block_out,0.8472986817359924,0.5761632919311523,504.8662109375,3.2326714992523193
sample_00149,0,8,block_out,0.9921196103096008,0.1279098391532898,2.6219482421875,0.11824046075344086
sample_00149,16,16,block_out,0.8541843891143799,0.5210882425308228,663.9874267578125,0.5600149631500244
sample_00149,16,1,block_out,0.9981746673583984,0.06544624269008636,20.91650390625,0.004531021695584059
sample_00149,16,23,block_out,0.7501455545425415,0.6713039875030518,917.9320068359375,1.1142919063568115
sample_00149,16,27,block_out,0.8265711665153503,0.5665766000747681,1046.3724365234375,1.6643242835998535
sample_00149,16,31,block_out,0.8393378853797913,0.5846503376960754,515.7933349609375,3.220205307006836
sample_00149,16,8,block_out,0.9739040732383728,0.2293424904346466,193.37841796875,0.12617897987365723
sample_00149,32,16,block_out,0.8508133888244629,0.5268706679344177,681.31787109375,0.5543042421340942
sample_00149,32,1,block_out,0.9983410239219666,0.06243308633565903,20.36083984375,0.004286286421120167
sample_00149,32,23,block_out,0.7456563115119934,0.6765564680099487,923.585693359375,1.1255310773849487
sample_00149,32,27,block_out,0.8163353800773621,0.5821476578712463,1049.186279296875,1.7203336954116821
sample_00149,32,31,block_out,0.8145501613616943,0.6245371699333191,496.089599609375,3.376574754714966
sample_00149,32,8,block_out,0.9731199741363525,0.23274683952331543,207.7545166015625,0.12680916488170624
sample_00149,4,16,block_out,0.8533268570899963,0.5225885510444641,659.52392578125,0.5630350708961487
sample_00149,4,1,block_out,0.9978557825088501,0.07046230137348175,21.427734375,0.0049455068074166775
sample_00149,4,23,block_out,0.7488251328468323,0.6733132600784302,925.691650390625,1.1151708364486694
sample_00149,4,27,block_out,0.8310577869415283,0.5589693188667297,1037.729248046875,1.6475611925125122
sample_00149,4,31,block_out,0.8486409783363342,0.5670270323753357,548.6644897460938,3.1760523319244385
sample_00149,4,8,block_out,0.9723950624465942,0.2358524650335312,198.4814453125,0.1270173341035843
sample_00149,63,16,block_out,0.854626476764679,0.5221817493438721,569.1334228515625,0.5468223094940186
sample_00149,63,1,block_out,0.9983835220336914,0.06104987859725952,21.171875,0.0037096349988132715
sample_00149,63,23,block_out,0.7443853616714478,0.6807000637054443,935.4903564453125,1.1373403072357178
sample_00149,63,27,block_out,0.8095102310180664,0.590224027633667,1104.9532470703125,1.7652952671051025
sample_00149,63,31,block_out,0.7849384546279907,0.6568045020103455,608.5509033203125,3.3882205486297607
sample_00149,63,8,block_out,0.9802857637405396,0.1996607631444931,184.6934814453125,0.12290884554386139
sample_00150,0,16,block_out,0.9157108068466187,0.4023711085319519,233.49609375,0.5477343797683716
sample_00150,0,1,block_out,1.0004141330718994,0.0005585827748291194,0.03271484375,0.0001895847381092608
sample_00150,0,23,block_out,0.8145879507064819,0.5851711630821228,366.64208984375,1.0812591314315796
sample_00150,0,27,block_out,0.862395167350769,0.5080445408821106,429.806640625,1.6240798234939575
sample_00150,0,31,block_out,0.8697714805603027,0.5162119269371033,486.8671875,2.9819085597991943
sample_00150,0,8,block_out,0.9938796758651733,0.11463949084281921,2.986083984375,0.10902967303991318
sample_00150,16,16,block_out,0.864037275314331,0.5060847997665405,573.2857666015625,0.5858325958251953
sample_00150,16,1,block_out,0.9924253821372986,0.1260022521018982,25.4130859375,0.014075178653001785
sample_00150,16,23,block_out,0.7618517279624939,0.6599643230438232,791.28125,1.1357775926589966
sample_00150,16,27,block_out,0.8175254464149475,0.5828608274459839,938.6689453125,1.793502926826477
sample_00150,16,31,block_out,0.7806969881057739,0.6671416759490967,485.6025390625,3.5487990379333496
sample_00150,16,8,block_out,0.9809909462928772,0.19801096618175507,154.1776123046875,0.1319344937801361
sample_00150,32,16,block_out,0.8492683172225952,0.5342140197753906,565.982421875,0.6156400442123413
sample_00150,32,1,block_out,0.9870749711990356,0.1626538634300232,24.0234375,0.023995527997612953
sample_00150,32,23,block_out,0.7280884385108948,0.7063927054405212,875.046142578125,1.1976276636123657
sample_00150,32,27,block_out,0.7782301902770996,0.6397875547409058,1042.260009765625,1.9433289766311646
sample_00150,32,31,block_out,0.7187660932540894,0.747545599937439,567.019775390625,3.8368642330169678
sample_00150,32,8,block_out,0.9774371385574341,0.21609437465667725,145.1671142578125,0.14622019231319427
sample_00150,4,16,block_out,0.8877545595169067,0.46134281158447266,386.858154296875,0.5687986016273499
sample_00150,4,1,block_out,0.9971993565559387,0.08008947223424911,21.19091796875,0.005931975785642862
sample_00150,4,23,block_out,0.7743231654167175,0.6420754790306091,721.7127685546875,1.1252610683441162
sample_00150,4,27,block_out,0.8318808078765869,0.5598626732826233,884.7000732421875,1.7398327589035034
sample_00150,4,31,block_out,0.82021164894104,0.6088177561759949,688.0541381835938,3.3644096851348877
sample_00150,4,8,block_out,0.9887871146202087,0.1526460498571396,105.0556640625,0.11983461678028107
sample_00150,63,16,block_out,0.834835946559906,0.563369870185852,555.0257568359375,0.6168773174285889
sample_00150,63,1,block_out,0.9732661843299866,0.23164166510105133,22.3740234375,0.04164987802505493
sample_00150,63,23,block_out,0.7293919324874878,0.7055762410163879,870.7208251953125,1.1935603618621826
sample_00150,63,27,block_out,0.7828128337860107,0.6339799165725708,1031.7618408203125,1.8778491020202637
sample_00150,63,31,block_out,0.7545702457427979,0.6970235705375671,524.9776611328125,3.3954238891601562
sample_00150,63,8,block_out,0.9668989181518555,0.264487087726593,130.4114990234375,0.16696928441524506
sample_00151,0,16,block_out,0.9174275994300842,0.3984372019767761,236.533203125,0.537771463394165
sample_00151,0,1,block_out,1.0004242658615112,0.0005536586395464838,0.0390625,0.00018745550187304616
sample_00151,0,23,block_out,0.8127190470695496,0.5882881879806519,390.395751953125,1.0702271461486816
sample_00151,0,27,block_out,0.8665114045143127,0.5005844831466675,470.763916015625,1.604609489440918
sample_00151,0,31,block_out,0.877525806427002,0.5029401779174805,479.7587890625,2.9348700046539307
sample_00151,0,8,block_out,0.9941512942314148,0.1123088002204895,2.8397216796875,0.10772138088941574
sample_00151,16,16,block_out,0.874616801738739,0.48621702194213867,622.123046875,0.5433292388916016
sample_00151,16,1,block_out,0.9984815716743469,0.061780042946338654,20.4638671875,0.0038094071205705404
sample_00151,16,23,block_out,0.7714130282402039,0.6446154117584229,855.408203125,1.0842392444610596
sample_00151,16,27,block_out,0.8424879908561707,0.5422391891479492,1005.8468017578125,1.6414320468902588
sample_00151,16,31,block_out,0.8564602136611938,0.542650580406189,487.793212890625,3.0617711544036865
sample_00151,16,8,block_out,0.9912794828414917,0.13537225127220154,87.12109375,0.11291487514972687
sample_00151,32,16,block_out,0.9170690178871155,0.39924487471580505,225.14892578125,0.5400621294975281
sample_00151,32,1,block_out,0.9987339973449707,0.05726916342973709,19.970458984375,0.003420769004151225
sample_00151,32,23,block_out,0.8144264221191406,0.5835129022598267,358.62744140625,1.0902657508850098
sample_00151,32,27,block_out,0.8561660051345825,0.5184509754180908,419.64697265625,1.6777199506759644
sample_00151,32,31,block_out,0.8411003947257996,0.5749579071998596,468.46533203125,3.144958972930908
sample_00151,32,8,block_out,0.992415189743042,0.12666337192058563,61.226104736328125,0.11372456699609756
sample_00151,4,16,block_out,0.8795409798622131,0.4771757125854492,589.7158203125,0.5447821021080017
sample_00151,4,1,block_out,0.9982094168663025,0.06642512232065201,20.83056640625,0.0040968917310237885
sample_00151,4,23,block_out,0.7680070400238037,0.6508402228355408,826.33251953125,1.1094962358474731
sample_00151,4,27,block_out,0.8318078517913818,0.5585134625434875,970.083984375,1.7180089950561523
sample_00151,4,31,block_out,0.8506771922111511,0.5545428395271301,465.10498046875,3.210991621017456
sample_00151,4,8,block_out,0.9907217025756836,0.13952475786209106,89.6806640625,0.11306628584861755
sample_00151,63,16,block_out,0.9213919639587402,0.3894733786582947,223.1416015625,0.5212060213088989
sample_00151,63,1,block_out,0.9995455741882324,0.03942644223570824,24.73681640625,0.0017398830968886614
sample_00151,63,23,block_out,0.8355334997177124,0.5513180494308472,450.6005859375,1.0444531440734863
sample_00151,63,27,block_out,0.8762478232383728,0.48240184783935547,549.681640625,1.5626113414764404
sample_00151,63,31,block_out,0.8516159653663635,0.546079158782959,464.88623046875,2.784242630004883
sample_00151,63,8,block_out,0.9937182664871216,0.1158427894115448,11.04443359375,0.11280720680952072
sample_00152,0,16,block_out,0.918840765953064,0.3952482044696808,226.445556640625,0.5331181883811951
sample_00152,0,1,block_out,1.0004503726959229,0.0005384892574511468,0.0283203125,0.00017918090452440083
sample_00152,0,23,block_out,0.8121771812438965,0.588161051273346,404.272216796875,1.0786571502685547
sample_00152,0,27,block_out,0.8631831407546997,0.5066524147987366,479.836181640625,1.6049758195877075
sample_00152,0,31,block_out,0.8660247921943665,0.528618574142456,533.154541015625,2.9411168098449707
sample_00152,0,8,block_out,0.9942657351493835,0.11141715198755264,2.8304443359375,0.10681162029504776
sample_00152,16,16,block_out,0.8791406154632568,0.47835612297058105,496.39892578125,0.5418184399604797
sample_00152,16,1,block_out,0.9985164403915405,0.061676088720560074,21.171875,0.0037853121757507324
sample_00152,16,23,block_out,0.7645339369773865,0.6556736826896667,815.0941772460938,1.0927735567092896
sample_00152,16,27,block_out,0.8351466059684753,0.5550600290298462,982.726806640625,1.6596434116363525
sample_00152,16,31,block_out,0.8437372446060181,0.5676122903823853,610.4066162109375,3.0633087158203125
sample_00152,16,8,block_out,0.9914270639419556,0.13443374633789062,94.35107421875,0.11275868117809296
sample_00152,32,16,block_out,0.911253809928894,0.4124193787574768,233.4852294921875,0.5410720109939575
sample_00152,32,1,block_out,0.9986414313316345,0.05917937681078911,20.62060546875,0.0035304222255945206
sample_00152,32,23,block_out,0.8089635372161865,0.591581404209137,379.314697265625,1.1002986431121826
sample_00152,32,27,block_out,0.8527301549911499,0.5246313214302063,450.0556640625,1.6780292987823486
sample_00152,32,31,block_out,0.8376904129981995,0.5768712162971497,480.550048828125,3.070672035217285
sample_00152,32,8,block_out,0.9912158846855164,0.13583940267562866,102.193603515625,0.11311252415180206
sample_00152,4,16,block_out,0.900266170501709,0.43584612011909485,399.08154296875,0.5422474145889282
sample_00152,4,1,block_out,0.9981884360313416,0.06705118715763092,21.6171875,0.0042739855125546455
sample_00152,4,23,block_out,0.7888576984405518,0.6203572154045105,697.04150390625,1.0991663932800293
sample_00152,4,27,block_out,0.8429961800575256,0.5416234135627747,846.1640625,1.6869609355926514
sample_00152,4,31,block_out,0.8448866605758667,0.5692853331565857,650.390625,3.1389920711517334
sample_00152,4,8,block_out,0.9910250306129456,0.13744042813777924,85.8267822265625,0.1125742718577385
sample_00152,63,16,block_out,0.9226292371749878,0.3866838812828064,219.9713134765625,0.5172889232635498
sample_00152,63,1,block_out,0.9995650053024292,0.039730049669742584,25.02093505859375,0.0017282203771173954
sample_00152,63,23,block_out,0.833949625492096,0.5540099740028381,384.51025390625,1.0574162006378174
sample_00152,63,27,block_out,0.8725836873054504,0.4895044267177582,451.82568359375,1.580128788948059
sample_00152,63,31,block_out,0.8319957256317139,0.5791574716567993,544.1151733398438,2.865169048309326
sample_00152,63,8,block_out,0.9938514232635498,0.11476192623376846,12.46044921875,0.11111792176961899
sample_00153,0,16,block_out,0.9175088405609131,0.3982730805873871,221.96484375,0.546202540397644
sample_00153,0,1,block_out,1.0004427433013916,0.0005524085136130452,0.03515625,0.00018294309847988188
sample_00153,0,23,block_out,0.817219614982605,0.5817191004753113,379.4615478515625,1.0672074556350708
sample_00153,0,27,block_out,0.8663660287857056,0.5008630156517029,450.3941650390625,1.605019450187683
sample_00153,0,31,block_out,0.8753904104232788,0.5047472715377808,500.7935791015625,2.9220306873321533
sample_00153,0,8,block_out,0.9939257502555847,0.11436852812767029,2.921630859375,0.10979367047548294
sample_00153,16,16,block_out,0.8804009556770325,0.4762684106826782,519.4512939453125,0.5546785593032837
sample_00153,16,1,block_out,0.9985350370407104,0.06129017099738121,20.7060546875,0.003579583717510104
sample_00153,16,23,block_out,0.78050297498703,0.6345304846763611,739.8187255859375,1.0774340629577637
sample_00153,16,27,block_out,0.8430129289627075,0.5419222712516785,873.8372802734375,1.6536202430725098
sample_00153,16,31,block_out,0.8537943363189697,0.5489928126335144,468.1904296875,3.0499589443206787
sample_00153,16,8,block_out,0.9895155429840088,0.1479131430387497,116.482421875,0.11518755555152893
sample_00153,32,16,block_out,0.9152181148529053,0.4035191237926483,242.727294921875,0.5535114407539368
sample_00153,32,1,block_out,0.9986956119537354,0.05820249393582344,20.19970703125,0.0033742086961865425
sample_00153,32,23,block_out,0.8185453414916992,0.5785210132598877,377.064453125,1.085757851600647
sample_00153,32,27,block_out,0.8586727380752563,0.514650285243988,433.166748046875,1.6681914329528809
sample_00153,32,31,block_out,0.8436613082885742,0.5676128268241882,472.669189453125,3.070012092590332
sample_00153,32,8,block_out,0.9920192360877991,0.12979206442832947,74.108642578125,0.11561814695596695
sample_00153,4,16,block_out,0.886024534702301,0.46475279331207275,568.500732421875,0.55507892370224
sample_00153,4,1,block_out,0.9982317090034485,0.06643557548522949,21.1123046875,0.004054974764585495
sample_00153,4,23,block_out,0.7855941653251648,0.625609278678894,812.826416015625,1.0842443704605103
sample_00153,4,27,block_out,0.8462085723876953,0.5357884764671326,954.041259765625,1.6647776365280151
sample_00153,4,31,block_out,0.8565080165863037,0.5432469248771667,490.3670654296875,3.0956647396087646
sample_00153,4,8,block_out,0.9895576238632202,0.14765383303165436,112.2626953125,0.11543537676334381
sample_00153,63,16,block_out,0.9204869866371155,0.3915359079837799,203.708984375,0.5340682864189148
sample_00153,63,1,block_out,0.9995750784873962,0.03924082592129707,24.745758056640625,0.0016984370304271579
sample_00153,63,23,block_out,0.8346439599990845,0.5529732704162598,376.7896728515625,1.0599621534347534
sample_00153,63,27,block_out,0.8764763474464417,0.4821550250053406,457.56988525390625,1.5704493522644043
sample_00153,63,31,block_out,0.8483936786651611,0.5495662689208984,471.17138671875,2.7963132858276367
sample_00153,63,8,block_out,0.9936112761497498,0.11690785735845566,9.61328125,0.11387435346841812
sample_00154,0,16,block_out,0.9174930453300476,0.39841562509536743,220.898681640625,0.5538321733474731
sample_00154,0,1,block_out,1.0004698038101196,0.0005582631565630436,0.037109375,0.00018383572751190513
sample_00154,0,23,block_out,0.8107039928436279,0.5916459560394287,364.44061279296875,1.0928466320037842
sample_00154,0,27,block_out,0.8551340699195862,0.5205914378166199,428.192626953125,1.6743842363357544
sample_00154,0,31,block_out,0.8561357855796814,0.5441479086875916,480.389892578125,3.115995407104492
sample_00154,0,8,block_out,0.9937537312507629,0.11616307497024536,2.9176025390625,0.11111120879650116
sample_00154,16,16,block_out,0.8639733195304871,0.5067816972732544,576.002197265625,0.6037420630455017
sample_00154,16,1,block_out,0.9928040504455566,0.12336483597755432,25.5703125,0.013029397465288639
sample_00154,16,23,block_out,0.7446498870849609,0.6822465658187866,749.90478515625,1.1883870363235474
sample_00154,16,27,block_out,0.7889610528945923,0.625163197517395,817.78662109375,1.959562063217163
sample_00154,16,31,block_out,0.7461593747138977,0.7279364466667175,482.3221435546875,3.850966691970825
sample_00154,16,8,block_out,0.974555492401123,0.22836774587631226,215.307373046875,0.13246159255504608
sample_00154,32,16,block_out,0.8519179821014404,0.5296991467475891,606.358154296875,0.6335758566856384
sample_00154,32,1,block_out,0.9878319501876831,0.15824471414089203,24.1875,0.021610122174024582
sample_00154,32,23,block_out,0.7315890192985535,0.7022859454154968,832.408935546875,1.226779818534851
sample_00154,32,27,block_out,0.7703270316123962,0.6507572531700134,945.393798828125,2.0263469219207764
sample_00154,32,31,block_out,0.705420970916748,0.7686488032341003,481.3218994140625,3.935243844985962
sample_00154,32,8,block_out,0.9702030420303345,0.2476990967988968,203.134521484375,0.14545777440071106
sample_00154,4,16,block_out,0.8806770443916321,0.4755536615848541,532.6337890625,0.575741171836853
sample_00154,4,1,block_out,0.9972805976867676,0.0797257199883461,22.52099609375,0.005323337856680155
sample_00154,4,23,block_out,0.7705857157707214,0.6470205187797546,706.5179443359375,1.1436573266983032
sample_00154,4,27,block_out,0.8209860920906067,0.5770001411437988,796.7288818359375,1.8218212127685547
sample_00154,4,31,block_out,0.8015761971473694,0.6441972851753235,535.6878662109375,3.4932353496551514
sample_00154,4,8,block_out,0.9809572696685791,0.19753733277320862,201.5048828125,0.12087756395339966
sample_00154,63,16,block_out,0.8453136086463928,0.541574239730835,548.91845703125,0.6298978924751282
sample_00154,63,1,block_out,0.9749336838722229,0.224631667137146,26.3433837890625,0.03730522468686104
sample_00154,63,23,block_out,0.7335191369056702,0.69746333360672,839.0901489257812,1.2212157249450684
sample_00154,63,27,block_out,0.7748757600784302,0.644050121307373,964.825439453125,1.9544132947921753
sample_00154,63,31,block_out,0.7294652462005615,0.7261807322502136,527.48486328125,3.576714038848877
sample_00154,63,8,block_out,0.9706689119338989,0.24808859825134277,132.76611328125,0.16146542131900787
sample_00155,0,16,block_out,0.9246401190757751,0.3818877339363098,230.076416015625,0.5180363059043884
sample_00155,0,1,block_out,1.0004980564117432,0.0004947322886437178,0.0390625,0.00015675727627240121
sample_00155,0,23,block_out,0.81638503074646,0.5821837186813354,383.284423828125,1.0898061990737915
sample_00155,0,27,block_out,0.8698064684867859,0.4953840970993042,445.8638916015625,1.5826427936553955
sample_00155,0,31,block_out,0.8880314826965332,0.48332417011260986,555.640869140625,2.8311898708343506
sample_00155,0,8,block_out,0.9960620403289795,0.0943545252084732,2.388671875,0.09241887181997299
sample_00155,16,16,block_out,0.91729736328125,0.3990419805049896,259.31982421875,0.5350798964500427
sample_00155,16,1,block_out,0.998646080493927,0.06058734655380249,18.36083984375,0.005219739396125078
sample_00155,16,23,block_out,0.8165407180786133,0.5808393955230713,410.33587646484375,1.112884283065796
sample_00155,16,27,block_out,0.862788200378418,0.5076455473899841,475.30908203125,1.6387615203857422
sample_00155,16,31,block_out,0.8627657294273376,0.5287995934486389,511.44775390625,2.971622943878174
sample_00155,16,8,block_out,0.9914649724960327,0.13419309258460999,83.500244140625,0.11021045595407486
sample_00155,32,16,block_out,0.9172277450561523,0.3993689715862274,274.1875,0.527755618095398
sample_00155,32,1,block_out,0.9985240697860718,0.062229350209236145,18.28564453125,0.005055085755884647
sample_00155,32,23,block_out,0.8167838454246521,0.5800533294677734,445.0166015625,1.1154338121414185
sample_00155,32,27,block_out,0.8591331243515015,0.5137765407562256,521.154296875,1.6562635898590088
sample_00155,32,31,block_out,0.8565466403961182,0.5418500900268555,535.849609375,3.011634111404419
sample_00155,32,8,block_out,0.9918609857559204,0.1309986263513565,70.936279296875,0.10748879611492157
sample_00155,4,16,block_out,0.8894977569580078,0.4575251340866089,504.225341796875,0.5270944833755493
sample_00155,4,1,block_out,0.9996674060821533,0.040618281811475754,5.4449462890625,0.002947235247120261
sample_00155,4,23,block_out,0.7787628173828125,0.6353694796562195,782.0543212890625,1.0914493799209595
sample_00155,4,27,block_out,0.8558416962623596,0.5199005603790283,928.9244384765625,1.5757156610488892
sample_00155,4,31,block_out,0.8843401074409485,0.4878339469432831,599.516357421875,2.8341598510742188
sample_00155,4,8,block_out,0.9926473498344421,0.1251956969499588,96.3798828125,0.10182319581508636
sample_00155,63,16,block_out,0.9190254807472229,0.39520278573036194,236.00927734375,0.542428731918335
sample_00155,63,1,block_out,0.9995044469833374,0.04263899475336075,2.6119308471679688,0.0031765198800712824
sample_00155,63,23,block_out,0.7989588975906372,0.6078115701675415,381.145263671875,1.190419316291809
sample_00155,63,27,block_out,0.8340399265289307,0.5577995777130127,441.106201171875,1.7788196802139282
sample_00155,63,31,block_out,0.7940593361854553,0.6528086066246033,599.4752197265625,3.163877010345459
sample_00155,63,8,block_out,0.9948830008506775,0.1053350418806076,16.67578125,0.10022023320198059
sample_00156,0,16,block_out,0.9254313111305237,0.3798058331012726,232.171875,0.5185009241104126
sample_00156,0,1,block_out,1.0004948377609253,0.0005039855604991317,0.033203125,0.00015861114661674947
sample_00156,0,23,block_out,0.8142491579055786,0.5862987637519836,383.59521484375,1.0949174165725708
sample_00156,0,27,block_out,0.8683245182037354,0.49797940254211426,448.198486328125,1.5940663814544678
sample_00156,0,31,block_out,0.8814510107040405,0.5021069645881653,504.644775390625,2.931605339050293
sample_00156,0,8,block_out,0.995853066444397,0.0965598002076149,2.2154541015625,0.0943947285413742
sample_00156,16,16,block_out,0.8641437888145447,0.506561279296875,643.496826171875,0.5819944739341736
sample_00156,16,1,block_out,0.9917188882827759,0.13209415972232819,26.087890625,0.014551793225109577
sample_00156,16,23,block_out,0.7338002324104309,0.6997279524803162,860.5146484375,1.2150107622146606
sample_00156,16,27,block_out,0.7863871455192566,0.6318292617797852,982.4368896484375,1.926496148109436
sample_00156,16,31,block_out,0.7632454633712769,0.714110791683197,924.8465576171875,3.7900631427764893
sample_00156,16,8,block_out,0.9801756739616394,0.2016654759645462,217.5791015625,0.12345192581415176
sample_00156,32,16,block_out,0.8677845001220703,0.5000784993171692,609.2947998046875,0.5885547995567322
sample_00156,32,1,block_out,0.986821711063385,0.16470077633857727,24.841796875,0.022738374769687653
sample_00156,32,23,block_out,0.7388103008270264,0.6909776926040649,832.392822265625,1.2284832000732422
sample_00156,32,27,block_out,0.7835937738418579,0.6338043808937073,955.111083984375,1.941767692565918
sample_00156,32,31,block_out,0.7283773422241211,0.7598569989204407,1047.154296875,3.839961528778076
sample_00156,32,8,block_out,0.9810156226158142,0.19838424026966095,162.9168701171875,0.13154610991477966
sample_00156,4,16,block_out,0.8779943585395813,0.48000669479370117,603.0707397460938,0.5390812158584595
sample_00156,4,1,block_out,0.996800422668457,0.0857551097869873,21.45703125,0.0063041215762495995
sample_00156,4,23,block_out,0.7641687393188477,0.6566696763038635,797.4573364257812,1.1391313076019287
sample_00156,4,27,block_out,0.8322905898094177,0.5594121217727661,906.510009765625,1.7229044437408447
sample_00156,4,31,block_out,0.8328472375869751,0.6030980944633484,740.0014038085938,3.3237125873565674
sample_00156,4,8,block_out,0.9836041927337646,0.18333739042282104,186.712890625,0.10565068572759628
sample_00156,63,16,block_out,0.8740883469581604,0.4888440668582916,504.119140625,0.5547338128089905
sample_00156,63,1,block_out,0.9767069816589355,0.21733255684375763,26.21112060546875,0.03628571704030037
sample_00156,63,23,block_out,0.7577663064002991,0.667586088180542,849.5860595703125,1.173119306564331
sample_00156,63,27,block_out,0.8143490552902222,0.5913769006729126,1015.4757080078125,1.7587251663208008
sample_00156,63,31,block_out,0.752479612827301,0.7032520771026611,565.4483642578125,3.3601551055908203
sample_00156,63,8,block_out,0.9792375564575195,0.20769920945167542,135.09185791015625,0.14286747574806213
sample_00157,0,16,block_out,0.9254269599914551,0.37996578216552734,233.47119140625,0.518437922000885
sample_00157,0,1,block_out,1.0004944801330566,0.0004955136682838202,0.029296875,0.00015883383457548916
sample_00157,0,23,block_out,0.8163756728172302,0.5823818445205688,388.68115234375,1.0884066820144653
sample_00157,0,27,block_out,0.8717595338821411,0.4916720986366272,452.11376953125,1.5750797986984253
sample_00157,0,31,block_out,0.8861650228500366,0.4918974041938782,481.8054504394531,2.859239339828491
sample_00157,0,8,block_out,0.9960259795188904,0.0947636216878891,2.31640625,0.09319261461496353
sample_00157,16,16,block_out,0.9187357425689697,0.3957357108592987,282.99853515625,0.5338835120201111
sample_00157,16,1,block_out,0.9985295534133911,0.06252077221870422,18.4150390625,0.005343819968402386
sample_00157,16,23,block_out,0.8187165856361389,0.5779799222946167,419.744140625,1.1068410873413086
sample_00157,16,27,block_out,0.8652462959289551,0.5029744505882263,479.392578125,1.6189115047454834
sample_00157,16,31,block_out,0.8648136854171753,0.5300590991973877,506.3837890625,2.9389584064483643
sample_00157,16,8,block_out,0.9914573431015015,0.1343737095594406,76.858642578125,0.11188922077417374
sample_00157,32,16,block_out,0.9239706993103027,0.3840677738189697,226.271484375,0.5289366245269775
sample_00157,32,1,block_out,0.9983677864074707,0.06464627385139465,15.80810546875,0.005532852374017239
sample_00157,32,23,block_out,0.8215434551239014,0.5726290345191956,376.626220703125,1.106597661972046
sample_00157,32,27,block_out,0.8598873615264893,0.5123467445373535,439.646728515625,1.635818362236023
sample_00157,32,31,block_out,0.8546578288078308,0.5489999651908875,541.06494140625,2.976290702819824
sample_00157,32,8,block_out,0.9929373264312744,0.12256765365600586,27.576171875,0.108979731798172
sample_00157,4,16,block_out,0.8883095383644104,0.4598254859447479,527.231201171875,0.5273470282554626
sample_00157,4,1,block_out,0.9996503591537476,0.04092145711183548,5.5650634765625,0.002963003469631076
sample_00157,4,23,block_out,0.7767934799194336,0.6381063461303711,806.0694580078125,1.0858979225158691
sample_00157,4,27,block_out,0.8528055548667908,0.5250096917152405,954.4425048828125,1.578344702720642
sample_00157,4,31,block_out,0.8814464211463928,0.4975263774394989,605.879150390625,2.857598304748535
sample_00157,4,8,block_out,0.9927257895469666,0.12461262196302414,93.216796875,0.1024557575583458
sample_00157,63,16,block_out,0.8907730579376221,0.45517677068710327,615.1845703125,0.49577826261520386
sample_00157,63,1,block_out,0.9986494779586792,0.059519339352846146,26.79150390625,0.0037090815603733063
sample_00157,63,23,block_out,0.7965788245201111,0.6104226112365723,911.1796875,1.0769509077072144
sample_00157,63,27,block_out,0.8598490953445435,0.5119941830635071,1069.779296875,1.556457757949829
sample_00157,63,31,block_out,0.8579214215278625,0.5354291796684265,535.1951293945312,2.7051994800567627
sample_00157,63,8,block_out,0.990927517414093,0.13785527646541595,156.36717224121094,0.09967612475156784
sample_00158,0,16,block_out,0.9245052933692932,0.382406085729599,225.85137939453125,0.5212803483009338
sample_00158,0,1,block_out,1.0004775524139404,0.0005019558593630791,0.033203125,0.00015840721607673913
sample_00158,0,23,block_out,0.8098677396774292,0.5917477011680603,382.98370361328125,1.0970581769943237
sample_00158,0,27,block_out,0.8634129166603088,0.5064089894294739,445.753173828125,1.5963249206542969
sample_00158,0,31,block_out,0.8780471086502075,0.5055827498435974,588.799560546875,2.9235692024230957
sample_00158,0,8,block_out,0.9957445859909058,0.09724008291959763,2.3447265625,0.09585673362016678
sample_00158,16,16,block_out,0.876812756061554,0.48181411623954773,630.14306640625,0.5257883667945862
sample_00158,16,1,block_out,0.998602032661438,0.06057494133710861,20.78759765625,0.0035482808016240597
sample_00158,16,23,block_out,0.7711648941040039,0.6448899507522583,847.3077392578125,1.1093884706497192
sample_00158,16,27,block_out,0.8393642902374268,0.5470881462097168,978.3673095703125,1.648123025894165
sample_00158,16,31,block_out,0.8557222485542297,0.5510364174842834,512.331787109375,3.0661821365356445
sample_00158,16,8,block_out,0.9815376400947571,0.19417443871498108,185.429443359375,0.10155119001865387
sample_00158,32,16,block_out,0.8757311701774597,0.4837011396884918,658.5557861328125,0.5251116156578064
sample_00158,32,1,block_out,0.998752772808075,0.05737575143575668,20.20849609375,0.0033069669734686613
sample_00158,32,23,block_out,0.7671470046043396,0.6498757004737854,867.0560302734375,1.1193827390670776
sample_00158,32,27,block_out,0.8318129181861877,0.5582752227783203,1007.806640625,1.6807808876037598
sample_00158,32,31,block_out,0.8338696360588074,0.588539719581604,534.652099609375,3.1739752292633057
sample_00158,32,8,block_out,0.9812678098678589,0.1954013854265213,208.8721923828125,0.10176195204257965
sample_00158,4,16,block_out,0.881661593914032,0.4727519452571869,589.2281494140625,0.5275089740753174
sample_00158,4,1,block_out,0.9983512163162231,0.06504842638969421,21.19140625,0.003961413167417049
sample_00158,4,23,block_out,0.7709049582481384,0.6458927392959595,792.8331298828125,1.1195627450942993
sample_00158,4,27,block_out,0.8388932943344116,0.5474888682365417,919.6964111328125,1.6575990915298462
sample_00158,4,31,block_out,0.858991265296936,0.5457095503807068,552.9310302734375,3.089625835418701
sample_00158,4,8,block_out,0.9801796674728394,0.20098908245563507,201.2138671875,0.10234503448009491
sample_00158,63,16,block_out,0.8808805346488953,0.47399717569351196,619.61669921875,0.5031015276908875
sample_00158,63,1,block_out,0.9978381991386414,0.07099143415689468,25.4962158203125,0.004232865292578936
sample_00158,63,23,block_out,0.7766611576080322,0.638992428779602,917.55078125,1.1113735437393188
sample_00158,63,27,block_out,0.8367249369621277,0.5514620542526245,1008.3701171875,1.666621446609497
sample_00158,63,31,block_out,0.824718713760376,0.5961862802505493,563.5355834960938,2.991328477859497
sample_00158,63,8,block_out,0.9863362312316895,0.16753342747688293,176.351806640625,0.10222763568162918
sample_00159,0,16,block_out,0.9241198301315308,0.3830328583717346,225.601806640625,0.5250852108001709
sample_00159,0,1,block_out,1.0005013942718506,0.0004943294916301966,0.0341796875,0.00015948025975376368
sample_00159,0,23,block_out,0.8118010759353638,0.5897921323776245,381.090087890625,1.1041266918182373
sample_00159,0,27,block_out,0.8671737313270569,0.49982935190200806,443.795166015625,1.6094073057174683
sample_00159,0,31,block_out,0.8787845373153687,0.5016852021217346,473.9140625,2.9726226329803467
sample_00159,0,8,block_out,0.9958010911941528,0.0971691831946373,2.2763671875,0.09394966065883636
sample_00159,16,16,block_out,0.866922914981842,0.5008063316345215,642.390869140625,0.5780215263366699
sample_00159,16,1,block_out,0.991706132888794,0.13220301270484924,26.279296875,0.014380885288119316
sample_00159,16,23,block_out,0.7461644411087036,0.6817691326141357,867.0074462890625,1.1981544494628906
sample_00159,16,27,block_out,0.7996377348899841,0.6112176179885864,1012.587646484375,1.8777060508728027
sample_00159,16,31,block_out,0.7777622938156128,0.6818162202835083,932.321533203125,3.7016162872314453
sample_00159,16,8,block_out,0.9801124930381775,0.2021058201789856,211.607666015625,0.12278670817613602
sample_00159,32,16,block_out,0.8662610650062561,0.5027010440826416,607.7076416015625,0.5894890427589417
sample_00159,32,1,block_out,0.9868387579917908,0.16462260484695435,25.115234375,0.022549524903297424
sample_00159,32,23,block_out,0.7439645528793335,0.6837058067321777,818.7506103515625,1.2227435111999512
sample_00159,32,27,block_out,0.792148768901825,0.6212946772575378,938.410888671875,1.9141645431518555
sample_00159,32,31,block_out,0.7309369444847107,0.7482103109359741,966.797607421875,3.7966361045837402
sample_00159,32,8,block_out,0.9787631034851074,0.2096710503101349,182.9234619140625,0.13095860183238983
sample_00159,4,16,block_out,0.8747149705886841,0.48621252179145813,636.562744140625,0.5447481274604797
sample_00159,4,1,block_out,0.9967770576477051,0.08605021238327026,22.0712890625,0.0067202188074588776
sample_00159,4,23,block_out,0.7574692964553833,0.6656426191329956,829.2799072265625,1.1609108448028564
sample_00159,4,27,block_out,0.8210636377334595,0.5779788494110107,975.6256103515625,1.7708832025527954
sample_00159,4,31,block_out,0.8304972052574158,0.599469780921936,505.0115966796875,3.378361225128174
sample_00159,4,8,block_out,0.9810012578964233,0.19716618955135345,219.23779296875,0.10706893354654312
sample_00159,63,16,block_out,0.8720201849937439,0.4923112094402313,460.21044921875,0.5589163899421692
sample_00159,63,1,block_out,0.9766958951950073,0.2174202799797058,26.0283203125,0.03597523644566536
sample_00159,63,23,block_out,0.7588022947311401,0.6654198169708252,785.35302734375,1.180914044380188
sample_00159,63,27,block_out,0.8146822452545166,0.5896868109703064,942.13330078125,1.7642585039138794
sample_00159,63,31,block_out,0.7573836445808411,0.6924663186073303,525.2996215820312,3.37898325920105
sample_00159,63,8,block_out,0.9780772924423218,0.2136041224002838,163.0311279296875,0.14278055727481842
sample_00160,0,16,block_out,0.9266544580459595,0.37657395005226135,239.9560546875,0.5386671423912048
sample_00160,0,1,block_out,1.0004628896713257,0.0005328081315383315,0.0302734375,0.00017120329721365124
sample_00160,0,23,block_out,0.8386130332946777,0.5491546988487244,400.46533203125,1.0443224906921387
sample_00160,0,27,block_out,0.8859906792640686,0.46468621492385864,461.42431640625,1.5320104360580444
sample_00160,0,31,block_out,0.8864051699638367,0.4823920726776123,486.81298828125,2.749739408493042
sample_00160,0,8,block_out,0.9943852424621582,0.11020781844854355,2.44677734375,0.1082722470164299
sample_00160,16,16,block_out,0.9257166981697083,0.3788544237613678,237.090576171875,0.5431317090988159
sample_00160,16,1,block_out,1.0004478693008423,0.0005233509582467377,0.02880859375,0.00016965171380434185
sample_00160,16,23,block_out,0.8411028385162354,0.5436330437660217,387.994384765625,1.059851884841919
sample_00160,16,27,block_out,0.8803587555885315,0.4748933017253876,449.593994140625,1.5665993690490723
sample_00160,16,31,block_out,0.8727148175239563,0.5091456174850464,483.652587890625,2.835383653640747
sample_00160,16,8,block_out,0.9942795038223267,0.11089944839477539,2.22906494140625,0.11074752360582352
sample_00160,32,16,block_out,0.9217058420181274,0.3884177505970001,236.442626953125,0.5647822022438049
sample_00160,32,1,block_out,0.9980869293212891,0.06824509054422379,18.0859375,0.005057438276708126
sample_00160,32,23,block_out,0.8318144679069519,0.5586363077163696,388.934326171875,1.099234938621521
sample_00160,32,27,block_out,0.8569805026054382,0.5172407031059265,447.514404296875,1.6972999572753906
sample_00160,32,31,block_out,0.8389179110527039,0.5735888481140137,470.310302734375,3.09106707572937
sample_00160,32,8,block_out,0.9917040467262268,0.1319037824869156,25.74310302734375,0.12305810302495956
sample_00160,4,16,block_out,0.9225876927375793,0.3863736093044281,240.099365234375,0.5556383728981018
sample_00160,4,1,block_out,0.999356746673584,0.046867989003658295,17.5693359375,0.00369751313701272
sample_00160,4,23,block_out,0.8346176147460938,0.5542644262313843,390.76416015625,1.0688797235488892
sample_00160,4,27,block_out,0.8802231550216675,0.4754315912723541,451.98095703125,1.5692863464355469
sample_00160,4,31,block_out,0.8781419396400452,0.49972227215766907,501.97918701171875,2.8314478397369385
sample_00160,4,8,block_out,0.9934055805206299,0.11867975443601608,12.032470703125,0.1154615581035614
sample_00160,63,16,block_out,0.9205962419509888,0.39099904894828796,240.107421875,0.5596400499343872
sample_00160,63,1,block_out,0.9903067350387573,0.14192986488342285,17.2568359375,0.01630617491900921
sample_00160,63,23,block_out,0.8373121619224548,0.5501428246498108,384.28466796875,1.1145120859146118
sample_00160,63,27,block_out,0.8546621203422546,0.5238104462623596,441.33447265625,1.717149257659912
sample_00160,63,31,block_out,0.8151366114616394,0.6154868602752686,546.6570434570312,2.9822163581848145
sample_00160,63,8,block_out,0.9841791391372681,0.17983485758304596,18.990234375,0.14399664103984833
sample_00161,0,16,block_out,0.9279613494873047,0.3733428418636322,239.6007080078125,0.5342907309532166
sample_00161,0,1,block_out,1.0004560947418213,0.0005240452010184526,0.0322265625,0.00016934284940361977
sample_00161,0,23,block_out,0.8370664119720459,0.5523251295089722,401.6427001953125,1.0502198934555054
sample_00161,0,27,block_out,0.8837026357650757,0.46917828917503357,464.4266357421875,1.533064365386963
sample_00161,0,31,block_out,0.8790642023086548,0.5000370740890503,494.1307373046875,2.8146491050720215
sample_00161,0,8,block_out,0.9944170117378235,0.10987373441457748,2.34808349609375,0.1086776852607727
sample_00161,16,16,block_out,0.9232409000396729,0.38479891419410706,259.8111572265625,0.5464942455291748
sample_00161,16,1,block_out,0.997770369052887,0.07307682186365128,27.705078125,0.004242701455950737
sample_00161,16,23,block_out,0.8385648727416992,0.5483458638191223,400.719970703125,1.0642915964126587
sample_00161,16,27,block_out,0.882971465587616,0.47011178731918335,460.90625,1.5518878698349
sample_00161,16,31,block_out,0.8723113536834717,0.5059656500816345,486.92138671875,2.8033111095428467
sample_00161,16,8,block_out,0.9923177361488342,0.12732455134391785,53.325927734375,0.11857197433710098
sample_00161,32,16,block_out,0.9167181849479675,0.4001043438911438,258.9326171875,0.5743207335472107
sample_00161,32,1,block_out,0.9937114715576172,0.11583397537469864,27.3046875,0.009796530939638615
sample_00161,32,23,block_out,0.8258524537086487,0.5682094097137451,392.727294921875,1.1187876462936401
sample_00161,32,27,block_out,0.8471408486366272,0.5344441533088684,447.917724609375,1.7766379117965698
sample_00161,32,31,block_out,0.7962573766708374,0.6413165330886841,476.265869140625,3.3574860095977783
sample_00161,32,8,block_out,0.9880795478820801,0.15716145932674408,64.8125,0.13279037177562714
sample_00161,4,16,block_out,0.8897700309753418,0.45753148198127747,578.7421875,0.5467467308044434
sample_00161,4,1,block_out,0.9991407990455627,0.051124416291713715,22.9248046875,0.0027231702115386724
sample_00161,4,23,block_out,0.8012471795082092,0.6048471927642822,794.3600463867188,1.0548744201660156
sample_00161,4,27,block_out,0.8666183948516846,0.5003089904785156,872.7006225585938,1.5429407358169556
sample_00161,4,31,block_out,0.871696949005127,0.5098935961723328,658.689453125,2.79701828956604
sample_00161,4,8,block_out,0.9903922080993652,0.1416228860616684,137.479248046875,0.11416622996330261
sample_00161,63,16,block_out,0.9114510416984558,0.41187575459480286,245.2115478515625,0.5860081315040588
sample_00161,63,1,block_out,0.9846428632736206,0.17729631066322327,26.8818359375,0.02433488517999649
sample_00161,63,23,block_out,0.8225653171539307,0.5723177790641785,384.6917724609375,1.144423246383667
sample_00161,63,27,block_out,0.835052490234375,0.554469645023346,443.4454345703125,1.7980341911315918
sample_00161,63,31,block_out,0.7845999598503113,0.6644673943519592,472.5841064453125,3.1937448978424072
sample_00161,63,8,block_out,0.9798439145088196,0.20274235308170319,80.882080078125,0.15580442547798157
sample_00162,0,16,block_out,0.9266093373298645,0.3767164647579193,236.977294921875,0.536405622959137
sample_00162,0,1,block_out,1.0004677772521973,0.0005181381129659712,0.03515625,0.00016535914619453251
sample_00162,0,23,block_out,0.8348361849784851,0.5549997687339783,397.384521484375,1.0475642681121826
sample_00162,0,27,block_out,0.8755930662155151,0.4846962094306946,459.383544921875,1.5799962282180786
sample_00162,0,31,block_out,0.8706863522529602,0.5191915035247803,480.120849609375,2.913818359375
sample_00162,0,8,block_out,0.9941990375518799,0.11176614463329315,2.3406829833984375,0.11004709452390671
sample_00162,16,16,block_out,0.9203435778617859,0.391658753156662,259.2310791015625,0.5561232566833496
sample_00162,16,1,block_out,0.9974315166473389,0.0776868388056755,27.8525390625,0.004569660406559706
sample_00162,16,23,block_out,0.8371284008026123,0.5498034358024597,392.193603515625,1.0657732486724854
sample_00162,16,27,block_out,0.8805539011955261,0.4745846092700958,455.002197265625,1.5693347454071045
sample_00162,16,31,block_out,0.8700637221336365,0.5136446952819824,483.495849609375,2.844492197036743
sample_00162,16,8,block_out,0.9917887449264526,0.13133610785007477,55.638671875,0.12067025154829025
sample_00162,32,16,block_out,0.901775598526001,0.43309175968170166,390.091796875,0.5877069234848022
sample_00162,32,1,block_out,0.9918045997619629,0.1313963532447815,27.6181640625,0.013975431211292744
sample_00162,32,23,block_out,0.8074353933334351,0.5970672369003296,723.1611328125,1.1274384260177612
sample_00162,32,27,block_out,0.8341637253761292,0.5550784468650818,871.4619140625,1.8073803186416626
sample_00162,32,31,block_out,0.7890727519989014,0.6486499905586243,734.1259765625,3.4420359134674072
sample_00162,32,8,block_out,0.9847937822341919,0.1762017458677292,95.052734375,0.1442602574825287
sample_00162,4,16,block_out,0.8831737041473389,0.4709579348564148,575.4720458984375,0.559472382068634
sample_00162,4,1,block_out,0.9988797307014465,0.056205589324235916,22.8427734375,0.003939758520573378
sample_00162,4,23,block_out,0.7883161902427673,0.6254871487617493,766.81494140625,1.0602025985717773
sample_00162,4,27,block_out,0.8581306338310242,0.5160598158836365,838.21240234375,1.5845166444778442
sample_00162,4,31,block_out,0.8675187230110168,0.5218043327331543,690.421142578125,2.9078688621520996
sample_00162,4,8,block_out,0.9885765314102173,0.153693288564682,161.66552734375,0.11894447356462479
sample_00162,63,16,block_out,0.9076284170150757,0.4202049970626831,238.02471923828125,0.590805172920227
sample_00162,63,1,block_out,0.9827986359596252,0.18737182021141052,26.8720703125,0.02614959143102169
sample_00162,63,23,block_out,0.8226503729820251,0.5715519785881042,456.73651123046875,1.1376373767852783
sample_00162,63,27,block_out,0.8377537131309509,0.5500349402427673,554.4381713867188,1.7879351377487183
sample_00162,63,31,block_out,0.7837730050086975,0.668591320514679,468.677490234375,3.2040019035339355
sample_00162,63,8,block_out,0.9775059223175049,0.21326108276844025,90.89892578125,0.16058000922203064
sample_00163,0,16,block_out,0.9262896180152893,0.3774600327014923,242.47265625,0.5371931791305542
sample_00163,0,1,block_out,1.0004470348358154,0.0005182145978324115,0.02734375,0.00016791143571026623
sample_00163,0,23,block_out,0.8378686308860779,0.5503743290901184,402.28662109375,1.0470874309539795
sample_00163,0,27,block_out,0.8888250589370728,0.4589589834213257,461.69482421875,1.5184663534164429
sample_00163,0,31,block_out,0.8901560306549072,0.47360286116600037,500.6876220703125,2.7271554470062256
sample_00163,0,8,block_out,0.9944019317626953,0.10994502156972885,2.22265625,0.10795866698026657
sample_00163,16,16,block_out,0.8647593259811401,0.5055304765701294,643.18798828125,0.5914924740791321
sample_00163,16,1,block_out,0.9904752373695374,0.14082296192646027,24.7763671875,0.015312484465539455
sample_00163,16,23,block_out,0.7609173655509949,0.6625466346740723,856.5750732421875,1.1485940217971802
sample_00163,16,27,block_out,0.8215537667274475,0.5766301155090332,1032.6419677734375,1.7815724611282349
sample_00163,16,31,block_out,0.7915231585502625,0.6495981216430664,541.85888671875,3.3984639644622803
sample_00163,16,8,block_out,0.9765609502792358,0.2186453640460968,213.929443359375,0.13760747015476227
sample_00163,32,16,block_out,0.8552435636520386,0.5242199897766113,657.3065185546875,0.6097667217254639
sample_00163,32,1,block_out,0.982826292514801,0.1867178976535797,23.4140625,0.02600841037929058
sample_00163,32,23,block_out,0.7481472492218018,0.6820849776268005,866.5770263671875,1.1780956983566284
sample_00163,32,27,block_out,0.7991123199462891,0.6114805936813354,1036.4700927734375,1.879492998123169
sample_00163,32,31,block_out,0.7477126121520996,0.7207822203636169,466.842041015625,3.5993709564208984
sample_00163,32,8,block_out,0.9695003032684326,0.24977561831474304,227.33749389648438,0.151814267039299
sample_00163,4,16,block_out,0.8768786191940308,0.48344886302948,611.06689453125,0.5629621744155884
sample_00163,4,1,block_out,0.9966316223144531,0.08726446330547333,22.251953125,0.006582565139979124
sample_00163,4,23,block_out,0.7779269814491272,0.6392645239830017,817.43603515625,1.0997251272201538
sample_00163,4,27,block_out,0.8500646948814392,0.5306746959686279,872.3632202148438,1.6590933799743652
sample_00163,4,31,block_out,0.8488559722900391,0.5552554726600647,616.1181640625,3.0407330989837646
sample_00163,4,8,block_out,0.9810878038406372,0.19614842534065247,204.852783203125,0.11985643953084946
sample_00163,63,16,block_out,0.8495107293128967,0.5369765758514404,684.2329711914062,0.5853334665298462
sample_00163,63,1,block_out,0.9739481210708618,0.22879521548748016,21.8291015625,0.039531927555799484
sample_00163,63,23,block_out,0.7677889466285706,0.656806468963623,913.6021118164062,1.1466606855392456
sample_00163,63,27,block_out,0.8180868029594421,0.583656907081604,1064.94384765625,1.7740191221237183
sample_00163,63,31,block_out,0.7677304744720459,0.6884301900863647,511.3158264160156,3.2569165229797363
sample_00163,63,8,block_out,0.9702571034431458,0.24828706681728363,209.71307373046875,0.15990714728832245
sample_00164,0,16,block_out,0.9270271062850952,0.37566831707954407,241.214599609375,0.5350130796432495
sample_00164,0,1,block_out,1.000451922416687,0.0005212438409216702,0.0322265625,0.00016836734721437097
sample_00164,0,23,block_out,0.8379817605018616,0.5509734153747559,401.854248046875,1.0422145128250122
sample_00164,0,27,block_out,0.8852847814559937,0.46593713760375977,466.6221923828125,1.528662085533142
sample_00164,0,31,block_out,0.8849747776985168,0.48497843742370605,495.8702392578125,2.794355869293213
sample_00164,0,8,block_out,0.9943370223045349,0.11050476878881454,3.16748046875,0.10929377377033234
sample_00164,16,16,block_out,0.8620394468307495,0.5107975602149963,635.2518310546875,0.5942087173461914
sample_00164,16,1,block_out,0.9900248050689697,0.14396412670612335,24.61328125,0.01578562892973423
sample_00164,16,23,block_out,0.7512125372886658,0.6771131753921509,812.7716064453125,1.1464917659759521
sample_00164,16,27,block_out,0.8130980730056763,0.5912714600563049,969.4954223632812,1.7835924625396729
sample_00164,16,31,block_out,0.7806290984153748,0.6698834300041199,505.67333984375,3.4789376258850098
sample_00164,16,8,block_out,0.97858065366745,0.20922337472438812,223.6463623046875,0.1384933441877365
sample_00164,32,16,block_out,0.8538224101066589,0.5260396599769592,651.9675903320312,0.6133958101272583
sample_00164,32,1,block_out,0.9830026030540466,0.18584471940994263,23.37890625,0.02598872408270836
sample_00164,32,23,block_out,0.7457218170166016,0.6842456459999084,840.6592407226562,1.176802396774292
sample_00164,32,27,block_out,0.795417308807373,0.6166187524795532,994.8665161132812,1.875150203704834
sample_00164,32,31,block_out,0.7345777153968811,0.7339007258415222,509.97760009765625,3.6829912662506104
sample_00164,32,8,block_out,0.9742895364761353,0.2299991399049759,202.0547637939453,0.15398238599300385
sample_00164,4,16,block_out,0.8773978352546692,0.48184314370155334,615.3759155273438,0.5631923079490662
sample_00164,4,1,block_out,0.9968758821487427,0.08443493396043777,22.4150390625,0.006084372289478779
sample_00164,4,23,block_out,0.7772154808044434,0.6405893564224243,816.5963745117188,1.0920532941818237
sample_00164,4,27,block_out,0.8462347388267517,0.5367205142974854,894.010498046875,1.6597814559936523
sample_00164,4,31,block_out,0.8396727442741394,0.5735609531402588,594.4991455078125,3.1216158866882324
sample_00164,4,8,block_out,0.9832839369773865,0.1846960335969925,201.04833984375,0.12071667611598969
sample_00164,63,16,block_out,0.8549001216888428,0.5262843370437622,503.487548828125,0.5871122479438782
sample_00164,63,1,block_out,0.973543643951416,0.23047789931297302,21.603515625,0.04118354246020317
sample_00164,63,23,block_out,0.7593508958816528,0.6657211780548096,887.247802734375,1.153643250465393
sample_00164,63,27,block_out,0.8100358247756958,0.5951874256134033,1057.488037109375,1.7899075746536255
sample_00164,63,31,block_out,0.769743800163269,0.6869975328445435,552.354248046875,3.267749071121216
sample_00164,63,8,block_out,0.9738463163375854,0.23251710832118988,162.98849487304688,0.1609780341386795
sample_00165,0,16,block_out,0.9066776633262634,0.42258769273757935,240.02197265625,0.5906955599784851
sample_00165,0,1,block_out,1.0004448890686035,0.0005300336051732302,0.037109375,0.0001712319062789902
sample_00165,0,23,block_out,0.7992916107177734,0.6081597805023193,368.821533203125,1.1167279481887817
sample_00165,0,27,block_out,0.8607608079910278,0.5105136632919312,418.1871337890625,1.639390468597412
sample_00165,0,31,block_out,0.8735009431838989,0.5117163062095642,448.0113525390625,2.985081672668457
sample_00165,0,8,block_out,0.9925774335861206,0.1253800392150879,2.6142578125,0.11794714629650116
sample_00165,16,16,block_out,0.9080299139022827,0.4194274842739105,269.73095703125,0.5872799754142761
sample_00165,16,1,block_out,0.9996138215065002,0.04012230783700943,16.8193359375,0.0018889761995524168
sample_00165,16,23,block_out,0.8059478402137756,0.5979387760162354,419.498779296875,1.1256104707717896
sample_00165,16,27,block_out,0.86081862449646,0.5100483894348145,482.537353515625,1.6553940773010254
sample_00165,16,31,block_out,0.8682851195335388,0.5205268263816833,505.0231018066406,2.983275890350342
sample_00165,16,8,block_out,0.9922858476638794,0.12749098241329193,2.882965087890625,0.12219051271677017
sample_00165,32,16,block_out,0.8864589929580688,0.4644421637058258,249.130859375,0.651999831199646
sample_00165,32,1,block_out,0.993273138999939,0.11969596147537231,20.0966796875,0.013717632740736008
sample_00165,32,23,block_out,0.7654319405555725,0.6560788750648499,392.828369140625,1.2520769834518433
sample_00165,32,27,block_out,0.792099118232727,0.6180338263511658,452.393798828125,1.9896442890167236
sample_00165,32,31,block_out,0.7650209069252014,0.690634548664093,481.7607421875,3.7920339107513428
sample_00165,32,8,block_out,0.9768967628479004,0.21691781282424927,155.85256958007812,0.1476568877696991
sample_00165,4,16,block_out,0.9060506224632263,0.423883318901062,247.8251953125,0.5971134305000305
sample_00165,4,1,block_out,0.9998944997787476,0.032658182084560394,14.9544677734375,0.001993195852264762
sample_00165,4,23,block_out,0.8024992942810059,0.6030539870262146,386.4532470703125,1.1171512603759766
sample_00165,4,27,block_out,0.8622174859046936,0.5073657631874084,444.3438720703125,1.6347383260726929
sample_00165,4,31,block_out,0.8751958012580872,0.5031894445419312,474.0333251953125,2.926753282546997
sample_00165,4,8,block_out,0.9923940300941467,0.12682309746742249,5.075927734375,0.11990071833133698
sample_00165,63,16,block_out,0.8862319588661194,0.4651828408241272,275.16259765625,0.6395115256309509
sample_00165,63,1,block_out,0.9847338199615479,0.17686933279037476,21.3662109375,0.022969389334321022
sample_00165,63,23,block_out,0.7729964256286621,0.6457995176315308,420.909423828125,1.261881947517395
sample_00165,63,27,block_out,0.8056098222732544,0.5991464257240295,482.356689453125,1.9393340349197388
sample_00165,63,31,block_out,0.7751105427742004,0.6667600274085999,500.540283203125,3.3920090198516846
sample_00165,63,8,block_out,0.9637725353240967,0.27051374316215515,168.01171875,0.1615210771560669
sample_00166,0,16,block_out,0.9075984954833984,0.4207501709461212,218.997802734375,0.5909931659698486
sample_00166,0,1,block_out,1.000488042831421,0.0005196676356717944,0.0341796875,0.00017212261445820332
sample_00166,0,23,block_out,0.7949909567832947,0.615444540977478,378.517333984375,1.1387109756469727
sample_00166,0,27,block_out,0.8569236397743225,0.5173556208610535,443.16357421875,1.6431500911712646
sample_00166,0,31,block_out,0.866615355014801,0.5207497477531433,477.42236328125,3.0232813358306885
sample_00166,0,8,block_out,0.9931890964508057,0.12121544033288956,2.411865234375,0.11561323702335358
sample_00166,16,16,block_out,0.852954626083374,0.5280514359474182,590.015625,0.6512627601623535
sample_00166,16,1,block_out,0.9911229014396667,0.13641035556793213,25.9326171875,0.014643835835158825
sample_00166,16,23,block_out,0.7179329991340637,0.721850574016571,860.1180419921875,1.2683171033859253
sample_00166,16,27,block_out,0.7606464624404907,0.665290892124176,1008.5135498046875,2.043233633041382
sample_00166,16,31,block_out,0.7262235879898071,0.7392681241035461,693.644287109375,4.017337799072266
sample_00166,16,8,block_out,0.9804083704948425,0.2022254317998886,205.08657836914062,0.146815225481987
sample_00166,32,16,block_out,0.8462395071983337,0.5395898222923279,524.7232666015625,0.6726807355880737
sample_00166,32,1,block_out,0.9821344017982483,0.1905316263437271,24.5322265625,0.025211915373802185
sample_00166,32,23,block_out,0.6981611847877502,0.7439453601837158,726.2323608398438,1.321170449256897
sample_00166,32,27,block_out,0.7282198071479797,0.7037487030029297,879.6796264648438,2.1532793045043945
sample_00166,32,31,block_out,0.6815013885498047,0.795852780342102,538.5993041992188,4.2835774421691895
sample_00166,32,8,block_out,0.975189208984375,0.22760964930057526,200.2996063232422,0.16131876409053802
sample_00166,4,16,block_out,0.9011720418930054,0.43502649664878845,225.60791015625,0.6163374781608582
sample_00166,4,1,block_out,0.9968703389167786,0.08488908410072327,22.41943359375,0.00583269726485014
sample_00166,4,23,block_out,0.782964289188385,0.6327142119407654,378.69677734375,1.1884748935699463
sample_00166,4,27,block_out,0.8340188264846802,0.5559229254722595,444.48779296875,1.7853806018829346
sample_00166,4,31,block_out,0.8141031861305237,0.6162427067756653,580.4888916015625,3.385565996170044
sample_00166,4,8,block_out,0.9914869666099548,0.13437967002391815,25.84423828125,0.12482025474309921
sample_00166,63,16,block_out,0.8490819931030273,0.5338560938835144,595.511474609375,0.6403211951255798
sample_00166,63,1,block_out,0.9757834076881409,0.2208380103111267,27.608062744140625,0.035928476601839066
sample_00166,63,23,block_out,0.7338123917579651,0.701011598110199,879.1025390625,1.2514601945877075
sample_00166,63,27,block_out,0.7887293696403503,0.6328876614570618,1031.1240234375,1.8903700113296509
sample_00166,63,31,block_out,0.7300094366073608,0.7281599044799805,542.2362670898438,3.6073601245880127
sample_00166,63,8,block_out,0.96956467628479,0.2534669041633606,146.68017578125,0.16434213519096375
sample_00167,0,16,block_out,0.9031314849853516,0.43022647500038147,226.279052734375,0.6016783118247986
sample_00167,0,1,block_out,1.0004279613494873,0.0005343298544175923,0.03515625,0.00017258022853638977
sample_00167,0,23,block_out,0.7847254276275635,0.6277679800987244,453.51739501953125,1.1394100189208984
sample_00167,0,27,block_out,0.8482188582420349,0.5318421125411987,554.9275512695312,1.690412998199463
sample_00167,0,31,block_out,0.86175137758255,0.5419763922691345,425.81640625,3.1416540145874023
sample_00167,0,8,block_out,0.9923588633537292,0.12710005044937134,2.722900390625,0.1196773573756218
sample_00167,16,16,block_out,0.906877338886261,0.42187392711639404,262.646484375,0.5941587686538696
sample_00167,16,1,block_out,1.0004167556762695,0.0005331345018930733,0.03125,0.00017515501531306654
sample_00167,16,23,block_out,0.8025026321411133,0.6024509072303772,411.809326171875,1.1358442306518555
sample_00167,16,27,block_out,0.8602018356323242,0.51078200340271,497.50946044921875,1.662750005722046
sample_00167,16,31,block_out,0.8663429617881775,0.5244494676589966,503.05712890625,3.0008959770202637
sample_00167,16,8,block_out,0.9923750162124634,0.12670189142227173,2.62939453125,0.12197993695735931
sample_00167,32,16,block_out,0.8929955363273621,0.45109596848487854,247.0908203125,0.6466279029846191
sample_00167,32,1,block_out,0.9959613084793091,0.09432613104581833,21.6611328125,0.010856006294488907
sample_00167,32,23,block_out,0.7711299657821655,0.6472083330154419,416.1934814453125,1.2403833866119385
sample_00167,32,27,block_out,0.8073734045028687,0.5960089564323425,504.8155517578125,1.9243853092193604
sample_00167,32,31,block_out,0.7875258922576904,0.6584588289260864,466.7841796875,3.619948625564575
sample_00167,32,8,block_out,0.9862741231918335,0.16818755865097046,104.912353515625,0.14236794412136078
sample_00167,4,16,block_out,0.9041752219200134,0.42784684896469116,244.99462890625,0.6078070998191833
sample_00167,4,1,block_out,1.0004216432571411,0.0005244239000603557,0.0341796875,0.0001745697809383273
sample_00167,4,23,block_out,0.7979571223258972,0.6098537445068359,381.44287109375,1.1332590579986572
sample_00167,4,27,block_out,0.8613711595535278,0.5090542435646057,459.023193359375,1.6407294273376465
sample_00167,4,31,block_out,0.874111533164978,0.508536696434021,474.33349609375,2.962918519973755
sample_00167,4,8,block_out,0.9923814535140991,0.12679536640644073,2.71337890625,0.1201024055480957
sample_00167,63,16,block_out,0.8985401391983032,0.4395999610424042,255.140869140625,0.6172935962677002
sample_00167,63,1,block_out,0.9893341064453125,0.14843010902404785,21.0244140625,0.01900661736726761
sample_00167,63,23,block_out,0.7892076373100281,0.6217553615570068,390.191162109375,1.2225788831710815
sample_00167,63,27,block_out,0.8293384909629822,0.5625149607658386,448.300048828125,1.8308463096618652
sample_00167,63,31,block_out,0.8080089688301086,0.6159902811050415,462.680908203125,3.151306390762329
sample_00167,63,8,block_out,0.9785304069519043,0.20889224112033844,121.84375,0.1558564007282257
sample_00168,0,16,block_out,0.9038891196250916,0.4284956753253937,242.47412109375,0.5957223773002625
sample_00168,0,1,block_out,1.0004210472106934,0.0005223120097070932,0.0400390625,0.0001729654468363151
sample_00168,0,23,block_out,0.7904763221740723,0.6201916337013245,420.61907958984375,1.1257134675979614
sample_00168,0,27,block_out,0.8474252820014954,0.5335929989814758,505.08489990234375,1.6745502948760986
sample_00168,0,31,block_out,0.8661975860595703,0.5250716805458069,492.59173583984375,3.046006917953491
sample_00168,0,8,block_out,0.9926919937133789,0.12450404465198517,2.38330078125,0.11767618358135223
sample_00168,16,16,block_out,0.8332641124725342,0.5599989295005798,683.932373046875,0.6572867631912231
sample_00168,16,1,block_out,0.9899486899375916,0.1443033367395401,25.388671875,0.016869276762008667
sample_00168,16,23,block_out,0.703166127204895,0.7345631718635559,930.0640869140625,1.2535746097564697
sample_00168,16,27,block_out,0.759745180606842,0.6637048721313477,1108.8712158203125,2.0189690589904785
sample_00168,16,31,block_out,0.7427402138710022,0.7197981476783752,705.8642578125,3.933689594268799
sample_00168,16,8,block_out,0.9768750667572021,0.2186189889907837,210.095458984375,0.15114830434322357
sample_00168,32,16,block_out,0.8231834769248962,0.5774223804473877,534.29443359375,0.6885849833488464
sample_00168,32,1,block_out,0.9810183048248291,0.19585102796554565,24.064453125,0.02832779288291931
sample_00168,32,23,block_out,0.666431725025177,0.7779324054718018,870.71533203125,1.3202790021896362
sample_00168,32,27,block_out,0.7143049836158752,0.7193722128868103,1035.65185546875,2.168928861618042
sample_00168,32,31,block_out,0.6901423335075378,0.7900234460830688,507.06982421875,4.258902549743652
sample_00168,32,8,block_out,0.9723570346832275,0.2398558109998703,157.12841796875,0.168675035238266
sample_00168,4,16,block_out,0.8517744541168213,0.528322696685791,604.26513671875,0.6227100491523743
sample_00168,4,1,block_out,0.996332585811615,0.09028063714504242,21.1171875,0.007454802747815847
sample_00168,4,23,block_out,0.7220629453659058,0.7081447243690491,825.1287841796875,1.174337387084961
sample_00168,4,27,block_out,0.8040517568588257,0.6012707352638245,975.2196044921875,1.7937878370285034
sample_00168,4,31,block_out,0.8319087028503418,0.5872283577919006,438.4970703125,3.3118438720703125
sample_00168,4,8,block_out,0.9892953634262085,0.14923055469989777,107.45849609375,0.12752245366573334
sample_00168,63,16,block_out,0.8309786915779114,0.5650845170021057,602.4771728515625,0.6576533913612366
sample_00168,63,1,block_out,0.9720264673233032,0.23650199174880981,26.43707275390625,0.04179626330733299
sample_00168,63,23,block_out,0.7026752829551697,0.739189863204956,917.1119384765625,1.2627370357513428
sample_00168,63,27,block_out,0.760097861289978,0.6659625172615051,1078.8106689453125,1.9768908023834229
sample_00168,63,31,block_out,0.7328773736953735,0.728115439414978,566.79736328125,3.644054651260376
sample_00168,63,8,block_out,0.9669541120529175,0.2641865909099579,142.5303955078125,0.17680244147777557
sample_00169,0,16,block_out,0.9057024717330933,0.4244849979877472,247.197509765625,0.6020423769950867
sample_00169,0,1,block_out,1.0004289150238037,0.0005336734466254711,0.0400390625,0.00017277106235269457
sample_00169,0,23,block_out,0.7975454330444336,0.6114424467086792,372.9453125,1.1277341842651367
sample_00169,0,27,block_out,0.8578313589096069,0.5156157612800598,423.9853515625,1.6619584560394287
sample_00169,0,31,block_out,0.8678094744682312,0.5232163667678833,454.1943359375,3.060847520828247
sample_00169,0,8,block_out,0.9926186800003052,0.12491302192211151,2.3505859375,0.11786004155874252
sample_00169,16,16,block_out,0.9069964289665222,0.42156514525413513,258.19189453125,0.5911339521408081
sample_00169,16,1,block_out,1.000416874885559,0.0005443674745038152,0.037109375,0.00017720143659971654
sample_00169,16,23,block_out,0.8017399907112122,0.6033473014831543,433.896484375,1.134811282157898
sample_00169,16,27,block_out,0.8574417233467102,0.5155904293060303,509.58642578125,1.6635489463806152
sample_00169,16,31,block_out,0.863227903842926,0.5306693315505981,528.15673828125,3.0076706409454346
sample_00169,16,8,block_out,0.992638349533081,0.12457568198442459,2.4052734375,0.12007088214159012
sample_00169,32,16,block_out,0.8919053673744202,0.4530623257160187,242.0205078125,0.6419426798820496
sample_00169,32,1,block_out,0.994692862033844,0.10719908028841019,20.505859375,0.012381101958453655
sample_00169,32,23,block_out,0.7739295363426208,0.6435280442237854,381.572509765625,1.2377331256866455
sample_00169,32,27,block_out,0.8048121929168701,0.599701464176178,441.458251953125,1.940356969833374
sample_00169,32,31,block_out,0.7785265445709229,0.6682109832763672,465.18560791015625,3.6527960300445557
sample_00169,32,8,block_out,0.9818966388702393,0.19222314655780792,133.8978271484375,0.14457391202449799
sample_00169,4,16,block_out,0.9000974893569946,0.436409056186676,265.03955078125,0.6143819093704224
sample_00169,4,1,block_out,0.999405562877655,0.0451909564435482,18.287841796875,0.0034134038724005222
sample_00169,4,23,block_out,0.7906693816184998,0.619193971157074,460.606689453125,1.1372547149658203
sample_00169,4,27,block_out,0.8561069369316101,0.5183265209197998,545.963623046875,1.6551367044448853
sample_00169,4,31,block_out,0.8688263297080994,0.5211036205291748,570.317138671875,3.013014316558838
sample_00169,4,8,block_out,0.9915189146995544,0.13349272310733795,43.96630859375,0.1236380934715271
sample_00169,63,16,block_out,0.8976264595985413,0.4412648677825928,243.357421875,0.611331582069397
sample_00169,63,1,block_out,0.9917617440223694,0.1311299353837967,20.9541015625,0.015225282870233059
sample_00169,63,23,block_out,0.7883449792861938,0.6218854188919067,437.00640869140625,1.2236236333847046
sample_00169,63,27,block_out,0.8253234624862671,0.5690924525260925,531.2771606445312,1.842481017112732
sample_00169,63,31,block_out,0.8040957450866699,0.6252320408821106,479.379638671875,3.2205045223236084
sample_00169,63,8,block_out,0.9804055690765381,0.1997542381286621,137.8638916015625,0.14701543748378754
sample_00170,0,16,block_out,0.9123523831367493,0.4098789691925049,241.94580078125,0.57988041639328
sample_00170,0,1,block_out,1.0003693103790283,0.0005494588986039162,0.037109375,0.00018046153127215803
sample_00170,0,23,block_out,0.812859058380127,0.5864552855491638,385.3377685546875,1.1135711669921875
sample_00170,0,27,block_out,0.8635746240615845,0.50517737865448,449.2410888671875,1.6163113117218018
sample_00170,0,31,block_out,0.8813373446464539,0.4984356164932251,469.3758544921875,2.9496939182281494
sample_00170,0,8,block_out,0.9922206997871399,0.12695972621440887,2.9652099609375,0.12059662491083145
sample_00170,16,16,block_out,0.861099362373352,0.5098099708557129,638.29345703125,0.5918563604354858
sample_00170,16,1,block_out,0.998045802116394,0.06770448386669159,20.5732421875,0.0043841260485351086
sample_00170,16,23,block_out,0.7666316628456116,0.6482601165771484,850.86669921875,1.1253465414047241
sample_00170,16,27,block_out,0.8300443887710571,0.5599137544631958,981.02685546875,1.7130600214004517
sample_00170,16,31,block_out,0.8536375761032104,0.5511506795883179,478.888916015625,3.1217031478881836
sample_00170,16,8,block_out,0.9770074486732483,0.21556757390499115,188.5062255859375,0.12958091497421265
sample_00170,32,16,block_out,0.8571969270706177,0.5167018175125122,644.0360717773438,0.5936168432235718
sample_00170,32,1,block_out,0.9982330799102783,0.06434925645589828,20.00048828125,0.004128753207623959
sample_00170,32,23,block_out,0.7637406587600708,0.6519458889961243,842.7155151367188,1.1409482955932617
sample_00170,32,27,block_out,0.8242868185043335,0.568056046962738,970.803955078125,1.7522553205490112
sample_00170,32,31,block_out,0.8293991684913635,0.5918915271759033,501.72119140625,3.2512590885162354
sample_00170,32,8,block_out,0.9729022979736328,0.2337290495634079,225.93963623046875,0.1299038678407669
sample_00170,4,16,block_out,0.8635141849517822,0.5057398080825806,613.0823974609375,0.5913049578666687
sample_00170,4,1,block_out,0.9974606037139893,0.07617299258708954,21.4384765625,0.005155470222234726
sample_00170,4,23,block_out,0.7608717679977417,0.6566192507743835,808.5496826171875,1.1503100395202637
sample_00170,4,27,block_out,0.8250170350074768,0.5683456659317017,959.9647216796875,1.7523837089538574
sample_00170,4,31,block_out,0.8513543605804443,0.5673096776008606,512.21533203125,3.274230480194092
sample_00170,4,8,block_out,0.9723361134529114,0.23623238503932953,220.85791015625,0.13039632141590118
sample_00170,63,16,block_out,0.8586493134498596,0.5144497156143188,653.0203857421875,0.5515925884246826
sample_00170,63,1,block_out,0.9991509914398193,0.04700161889195442,19.23486328125,0.002766344463452697
sample_00170,63,23,block_out,0.7757104635238647,0.6376597285270691,857.9027099609375,1.1147675514221191
sample_00170,63,27,block_out,0.8426145315170288,0.53955078125,987.6214599609375,1.6472079753875732
sample_00170,63,31,block_out,0.8289697766304016,0.5800139904022217,415.568115234375,2.969050407409668
sample_00170,63,8,block_out,0.9824764728546143,0.18821771442890167,168.45181274414062,0.12390464544296265
sample_00171,0,16,block_out,0.9169884920120239,0.399408221244812,241.44482421875,0.565304696559906
sample_00171,0,1,block_out,1.0003911256790161,0.0005401497473940253,0.0361328125,0.00017699398449622095
sample_00171,0,23,block_out,0.8171421885490417,0.5798815488815308,391.24609375,1.1094005107879639
sample_00171,0,27,block_out,0.8726564645767212,0.48896723985671997,457.7978515625,1.6015241146087646
sample_00171,0,31,block_out,0.885511577129364,0.49149394035339355,487.7099609375,2.878944158554077
sample_00171,0,8,block_out,0.992891252040863,0.12171956151723862,3.69287109375,0.11548060178756714
sample_00171,16,16,block_out,0.91758131980896,0.3981274664402008,259.16162109375,0.5638605952262878
sample_00171,16,1,block_out,1.0003557205200195,0.0005354975000955164,0.0400390625,0.00017829523130785674
sample_00171,16,23,block_out,0.8216349482536316,0.5719395279884338,412.93359375,1.1128771305084229
sample_00171,16,27,block_out,0.8667420148849487,0.49959495663642883,473.9658203125,1.6478780508041382
sample_00171,16,31,block_out,0.863924503326416,0.5242966413497925,506.5556640625,2.9424352645874023
sample_00171,16,8,block_out,0.9930240511894226,0.12066467106342316,2.8367919921875,0.11567606031894684
sample_00171,32,16,block_out,0.9190104603767395,0.39484843611717224,260.0133056640625,0.5625918507575989
sample_00171,32,1,block_out,1.0003256797790527,0.0005479803076013923,0.037109375,0.00018095057748723775
sample_00171,32,23,block_out,0.8221219182014465,0.5714426040649414,414.8697509765625,1.121735692024231
sample_00171,32,27,block_out,0.8669202923774719,0.4991909861564636,477.5074462890625,1.6485363245010376
sample_00171,32,31,block_out,0.8626508712768555,0.52740079164505,508.1343994140625,2.897963762283325
sample_00171,32,8,block_out,0.9930278062820435,0.12065047770738602,2.58251953125,0.11622201651334763
sample_00171,4,16,block_out,0.9183040857315063,0.3965470790863037,259.9228515625,0.5618823766708374
sample_00171,4,1,block_out,1.000382423400879,0.000539342116098851,0.0341796875,0.00017758387548383325
sample_00171,4,23,block_out,0.82029128074646,0.5742038488388062,410.40478515625,1.1093800067901611
sample_00171,4,27,block_out,0.8712552785873413,0.4913303256034851,467.10888671875,1.6199836730957031
sample_00171,4,31,block_out,0.873106837272644,0.5100105404853821,503.35302734375,2.942146062850952
sample_00171,4,8,block_out,0.9930564165115356,0.1203911080956459,2.66015625,0.11513923853635788
sample_00171,63,16,block_out,0.9237729907035828,0.3842099905014038,237.24951171875,0.5349152684211731
sample_00171,63,1,block_out,1.000274419784546,0.0005416793283075094,0.0546875,0.00018725921108853072
sample_00171,63,23,block_out,0.8338258862495422,0.5535346865653992,382.03271484375,1.1049134731292725
sample_00171,63,27,block_out,0.872383177280426,0.48917362093925476,443.3883056640625,1.6177036762237549
sample_00171,63,31,block_out,0.8489502668380737,0.5487090945243835,471.3350830078125,2.8624916076660156
sample_00171,63,8,block_out,0.993583619594574,0.11590713262557983,3.81396484375,0.11206629872322083
sample_00172,0,16,block_out,0.9142500758171082,0.4055980443954468,240.898681640625,0.5784868597984314
sample_00172,0,1,block_out,1.0004010200500488,0.0005386774428188801,0.0341796875,0.00017634168034419417
sample_00172,0,23,block_out,0.8134503364562988,0.5859469175338745,381.33734130859375,1.115823745727539
sample_00172,0,27,block_out,0.8589366674423218,0.5133581757545471,448.8330078125,1.6716593503952026
sample_00172,0,31,block_out,0.8733446598052979,0.5184195637702942,478.7685546875,3.053676128387451
sample_00172,0,8,block_out,0.992588460445404,0.12417536228895187,2.7626953125,0.11740677803754807
sample_00172,16,16,block_out,0.8652666807174683,0.5031049847602844,632.9962158203125,0.5881749987602234
sample_00172,16,1,block_out,0.9996640086174011,0.037493955343961716,15.5230712890625,0.0022471805568784475
sample_00172,16,23,block_out,0.7716988325119019,0.6437337398529053,833.40380859375,1.1346721649169922
sample_00172,16,27,block_out,0.8419424295425415,0.5415154695510864,909.167724609375,1.6847816705703735
sample_00172,16,31,block_out,0.8580620288848877,0.5408125519752502,497.80224609375,2.9952268600463867
sample_00172,16,8,block_out,0.9733597040176392,0.23207928240299225,237.1973876953125,0.12429708242416382
sample_00172,32,16,block_out,0.8606072068214417,0.5112120509147644,662.1996459960938,0.588369607925415
sample_00172,32,1,block_out,0.9997020363807678,0.03554642200469971,14.30316162109375,0.0021365853026509285
sample_00172,32,23,block_out,0.7674136161804199,0.6492552161216736,858.1815795898438,1.1416901350021362
sample_00172,32,27,block_out,0.8368154764175415,0.549237072467804,942.88134765625,1.7134088277816772
sample_00172,32,31,block_out,0.8482663631439209,0.5546987652778625,538.5396728515625,3.03414249420166
sample_00172,32,8,block_out,0.9754508137702942,0.22293098270893097,230.42523193359375,0.12437932938337326
sample_00172,4,16,block_out,0.8646168112754822,0.5041844844818115,644.44287109375,0.5868752598762512
sample_00172,4,1,block_out,0.9994941353797913,0.04229608550667763,19.162841796875,0.0024657228495925665
sample_00172,4,23,block_out,0.7725179195404053,0.6427576541900635,852.02734375,1.1248964071273804
sample_00172,4,27,block_out,0.8459799885749817,0.5348852276802063,952.873046875,1.66001296043396
sample_00172,4,31,block_out,0.8639219403266907,0.5282779932022095,500.4908447265625,2.9999334812164307
sample_00172,4,8,block_out,0.9743643403053284,0.22752080857753754,234.332763671875,0.1235567256808281
sample_00172,63,16,block_out,0.8583346009254456,0.5150727033615112,646.6651611328125,0.5724009871482849
sample_00172,63,1,block_out,1.0000149011611938,0.023137155920267105,5.9609375,0.0012801986886188388
sample_00172,63,23,block_out,0.7526257634162903,0.6688879728317261,881.99169921875,1.1645708084106445
sample_00172,63,27,block_out,0.8196862936019897,0.5754668712615967,1029.65966796875,1.7587101459503174
sample_00172,63,31,block_out,0.8203851580619812,0.5994493365287781,482.1031494140625,3.1213886737823486
sample_00172,63,8,block_out,0.9881779551506042,0.1561870127916336,139.3145751953125,0.12069625407457352
sample_00173,0,16,block_out,0.912905752658844,0.4086148738861084,243.085205078125,0.5744343996047974
sample_00173,0,1,block_out,1.0004198551177979,0.0005445176502689719,0.0283203125,0.00018160612671636045
sample_00173,0,23,block_out,0.8096230030059814,0.5915169715881348,396.03662109375,1.1326251029968262
sample_00173,0,27,block_out,0.8618170619010925,0.5090339183807373,468.8203125,1.6516550779342651
sample_00173,0,31,block_out,0.8744403123855591,0.5090134739875793,500.703125,3.0042083263397217
sample_00173,0,8,block_out,0.9924671649932861,0.12611569464206696,2.560791015625,0.11844774335622787
sample_00173,16,16,block_out,0.8448166251182556,0.5401052832603455,663.4501953125,0.6280151009559631
sample_00173,16,1,block_out,0.9894006252288818,0.14793278276920319,24.955078125,0.016857454553246498
sample_00173,16,23,block_out,0.731383204460144,0.6981112957000732,898.31201171875,1.2386682033538818
sample_00173,16,27,block_out,0.7874895334243774,0.6265056133270264,1080.176513671875,1.949658751487732
sample_00173,16,31,block_out,0.7576106190681458,0.7119948863983154,479.92529296875,3.8658745288848877
sample_00173,16,8,block_out,0.9651047587394714,0.2671877145767212,267.168212890625,0.14808566868305206
sample_00173,32,16,block_out,0.832643449306488,0.5610556602478027,690.054931640625,0.6562631130218506
sample_00173,32,1,block_out,0.978733241558075,0.20692412555217743,23.6064453125,0.029529599472880363
sample_00173,32,23,block_out,0.7103670239448547,0.7258796095848083,907.298095703125,1.298183560371399
sample_00173,32,27,block_out,0.7550009489059448,0.6699546575546265,1088.147705078125,2.066725969314575
sample_00173,32,31,block_out,0.6931809186935425,0.7881160974502563,493.31640625,4.108165264129639
sample_00173,32,8,block_out,0.9601492285728455,0.2863732874393463,238.580078125,0.1676185131072998
sample_00173,4,16,block_out,0.8628666400909424,0.5079107880592346,607.181640625,0.6017454266548157
sample_00173,4,1,block_out,0.9968595504760742,0.08423518389463425,21.857421875,0.006013230886310339
sample_00173,4,23,block_out,0.7574644088745117,0.6635525226593018,826.376220703125,1.1748414039611816
sample_00173,4,27,block_out,0.8266274333000183,0.5674282908439636,939.389404296875,1.7696856260299683
sample_00173,4,31,block_out,0.8359441161155701,0.5848762392997742,567.6612548828125,3.2897253036499023
sample_00173,4,8,block_out,0.9741945862770081,0.22905969619750977,215.7568359375,0.13020823895931244
sample_00173,63,16,block_out,0.8339238166809082,0.5614991188049316,527.64599609375,0.6328771114349365
sample_00173,63,1,block_out,0.9729313254356384,0.23259024322032928,26.9910888671875,0.04301413148641586
sample_00173,63,23,block_out,0.7113438248634338,0.7266979217529297,899.137451171875,1.2575370073318481
sample_00173,63,27,block_out,0.7690799832344055,0.6562005281448364,1074.696044921875,1.9433090686798096
sample_00173,63,31,block_out,0.7312741279602051,0.7272326350212097,688.10400390625,3.6561667919158936
sample_00173,63,8,block_out,0.965250551700592,0.26966893672943115,146.2286376953125,0.17705270648002625
sample_00174,0,16,block_out,0.9174396991729736,0.3983234167098999,238.81494140625,0.5650117993354797
sample_00174,0,1,block_out,1.0004098415374756,0.0005515004158951342,0.0322265625,0.00018252998415846378
sample_00174,0,23,block_out,0.8162890076637268,0.5814183950424194,385.65301513671875,1.108933925628662
sample_00174,0,27,block_out,0.8743606805801392,0.485878586769104,455.983154296875,1.6001088619232178
sample_00174,0,31,block_out,0.8869838714599609,0.4893387258052826,482.600341796875,2.8871328830718994
sample_00174,0,8,block_out,0.9926809072494507,0.12365518510341644,4.535888671875,0.11676090210676193
sample_00174,16,16,block_out,0.8455188870429993,0.5384474992752075,649.552001953125,0.6317291855812073
sample_00174,16,1,block_out,0.9882670044898987,0.15512241423130035,21.5302734375,0.01851876825094223
sample_00174,16,23,block_out,0.738645613193512,0.6895818114280701,859.8143310546875,1.2186028957366943
sample_00174,16,27,block_out,0.795713484287262,0.6138690710067749,1032.07470703125,1.9200959205627441
sample_00174,16,31,block_out,0.7689307332038879,0.693899929523468,481.95849609375,3.7758357524871826
sample_00174,16,8,block_out,0.9640122652053833,0.27078521251678467,232.75146484375,0.15081706643104553
sample_00174,32,16,block_out,0.8376681208610535,0.553622841835022,627.1563720703125,0.659209132194519
sample_00174,32,1,block_out,0.9773067235946655,0.21341051161289215,21.025390625,0.031675226986408234
sample_00174,32,23,block_out,0.7199773192405701,0.715207040309906,836.1011962890625,1.271429181098938
sample_00174,32,27,block_out,0.7610191702842712,0.6616005301475525,1003.12841796875,2.0644001960754395
sample_00174,32,31,block_out,0.7048953771591187,0.7730915546417236,465.624267578125,4.0550432205200195
sample_00174,32,8,block_out,0.9578973054885864,0.2948351204395294,231.689208984375,0.1702667623758316
sample_00174,4,16,block_out,0.8604335188865662,0.5116196274757385,639.175048828125,0.5880880355834961
sample_00174,4,1,block_out,0.9967475533485413,0.08534979075193405,22.5595703125,0.006331507582217455
sample_00174,4,23,block_out,0.761887788772583,0.6561688184738159,845.512451171875,1.1355031728744507
sample_00174,4,27,block_out,0.8416740894317627,0.5424633026123047,986.333984375,1.6858335733413696
sample_00174,4,31,block_out,0.8558075428009033,0.5536648631095886,594.684814453125,3.1104254722595215
sample_00174,4,8,block_out,0.974692165851593,0.22590133547782898,220.47705078125,0.1298256665468216
sample_00174,63,16,block_out,0.8305897116661072,0.5683587193489075,647.4381713867188,0.6346708536148071
sample_00174,63,1,block_out,0.9694834351539612,0.2464459389448166,21.45703125,0.0477706603705883
sample_00174,63,23,block_out,0.7386507987976074,0.6933742165565491,836.2579956054688,1.2345513105392456
sample_00174,63,27,block_out,0.7903293371200562,0.623013436794281,963.661376953125,1.8981425762176514
sample_00174,63,31,block_out,0.7345893383026123,0.7246516346931458,511.98583984375,3.5201313495635986
sample_00174,63,8,block_out,0.9556443095207214,0.3056766092777252,180.67645263671875,0.18137456476688385
sample_00175,0,16,block_out,0.921284556388855,0.38956519961357117,248.6025390625,0.5377667546272278
sample_00175,0,1,block_out,1.0004069805145264,0.0005526570603251457,0.0400390625,0.00018206267850473523
sample_00175,0,23,block_out,0.8075664639472961,0.5943021774291992,412.8193359375,1.1237034797668457
sample_00175,0,27,block_out,0.8487899303436279,0.5297982692718506,485.3341064453125,1.7053008079528809
sample_00175,0,31,block_out,0.847845196723938,0.5608413815498352,508.60693359375,3.2407774925231934
sample_00175,0,8,block_out,0.9947343468666077,0.10692545026540756,3.1685791015625,0.10557051748037338
sample_00175,16,16,block_out,0.8692424297332764,0.49686911702156067,559.6494140625,0.588081955909729
sample_00175,16,1,block_out,0.9910919666290283,0.13608653843402863,25.31640625,0.014981617219746113
sample_00175,16,23,block_out,0.7611287832260132,0.6598902940750122,737.4971923828125,1.181583285331726
sample_00175,16,27,block_out,0.8058241605758667,0.596625566482544,891.4752197265625,1.8647693395614624
sample_00175,16,31,block_out,0.7718648314476013,0.6859850287437439,528.46484375,3.576188564300537
sample_00175,16,8,block_out,0.972084641456604,0.23929180204868317,252.9659423828125,0.13332676887512207
sample_00175,32,16,block_out,0.8622287511825562,0.5109992623329163,593.0032958984375,0.6122325658798218
sample_00175,32,1,block_out,0.9820871353149414,0.19032815098762512,24.0166015625,0.027374180033802986
sample_00175,32,23,block_out,0.7501417994499207,0.6773019433021545,747.564453125,1.2318992614746094
sample_00175,32,27,block_out,0.7821694612503052,0.6296404600143433,889.19580078125,1.9744116067886353
sample_00175,32,31,block_out,0.7234075665473938,0.7435295581817627,517.5936279296875,3.76251482963562
sample_00175,32,8,block_out,0.9665842056274414,0.2627873122692108,212.5184326171875,0.15226490795612335
sample_00175,4,16,block_out,0.888812780380249,0.4589898884296417,540.40283203125,0.5450339317321777
sample_00175,4,1,block_out,0.9979048371315002,0.0706341564655304,21.90283203125,0.004500419832766056
sample_00175,4,23,block_out,0.7687735557556152,0.647437572479248,691.25732421875,1.181900143623352
sample_00175,4,27,block_out,0.8038361072540283,0.5984908938407898,816.55419921875,1.897613286972046
sample_00175,4,31,block_out,0.8103536367416382,0.6241108179092407,514.28955078125,3.5638608932495117
sample_00175,4,8,block_out,0.9793349504470825,0.20532658696174622,207.18701171875,0.11283956468105316
sample_00175,63,16,block_out,0.8541916608810425,0.5266307592391968,579.7723388671875,0.5927203893661499
sample_00175,63,1,block_out,0.974102795124054,0.22794626653194427,22.01953125,0.04138153791427612
sample_00175,63,23,block_out,0.7588859796524048,0.6637941002845764,729.3106689453125,1.2101136445999146
sample_00175,63,27,block_out,0.7960359454154968,0.612607479095459,837.3770751953125,1.8804572820663452
sample_00175,63,31,block_out,0.7545833587646484,0.7036927938461304,532.18798828125,3.396160364151001
sample_00175,63,8,block_out,0.9660086631774902,0.2683008909225464,149.545654296875,0.15992003679275513
sample_00176,0,16,block_out,0.9269143342971802,0.37624627351760864,244.471435546875,0.5344313383102417
sample_00176,0,1,block_out,1.0005227327346802,0.0005553280934691429,0.0322265625,0.00017898698570206761
sample_00176,0,23,block_out,0.8166282773017883,0.5811756253242493,428.124755859375,1.120201587677002
sample_00176,0,27,block_out,0.8547224998474121,0.5198904871940613,499.369384765625,1.6842342615127563
sample_00176,0,31,block_out,0.8437003493309021,0.5617504715919495,547.010009765625,3.100275754928589
sample_00176,0,8,block_out,0.9948183298110962,0.10732896625995636,2.6209716796875,0.10650303959846497
sample_00176,16,16,block_out,0.8755429983139038,0.48564770817756653,527.030029296875,0.6001055836677551
sample_00176,16,1,block_out,0.9926338791847229,0.12525880336761475,25.8193359375,0.012380450963973999
sample_00176,16,23,block_out,0.7517988681793213,0.6736974716186523,750.2064208984375,1.219651699066162
sample_00176,16,27,block_out,0.7912712693214417,0.6176491379737854,920.5765380859375,1.939066767692566
sample_00176,16,31,block_out,0.7269849181175232,0.7460525035858154,565.59375,3.828089952468872
sample_00176,16,8,block_out,0.9837156534194946,0.1847083419561386,213.89541625976562,0.13165311515331268
sample_00176,32,16,block_out,0.8722167611122131,0.49157479405403137,594.821044921875,0.6063264608383179
sample_00176,32,1,block_out,0.9863675236701965,0.16749654710292816,24.525390625,0.020857706665992737
sample_00176,32,23,block_out,0.7404121160507202,0.6889401078224182,926.36962890625,1.2441002130508423
sample_00176,32,27,block_out,0.7791433930397034,0.6339625716209412,1099.316650390625,1.9694617986679077
sample_00176,32,31,block_out,0.7192133069038391,0.749485969543457,538.2138671875,3.7953593730926514
sample_00176,32,8,block_out,0.9802495837211609,0.20332112908363342,163.02880859375,0.14151215553283691
sample_00176,4,16,block_out,0.8926774859428406,0.4520789384841919,584.8701171875,0.5562683939933777
sample_00176,4,1,block_out,0.9972310662269592,0.08095434308052063,22.08447265625,0.005353068467229605
sample_00176,4,23,block_out,0.7723596096038818,0.6456726789474487,804.7392578125,1.160014033317566
sample_00176,4,27,block_out,0.8206998109817505,0.5751449465751648,940.34765625,1.8088828325271606
sample_00176,4,31,block_out,0.7914252281188965,0.6528571248054504,631.69140625,3.454977035522461
sample_00176,4,8,block_out,0.9924527406692505,0.1274140477180481,87.22998046875,0.11497372388839722
sample_00176,63,16,block_out,0.8632571697235107,0.5085331201553345,654.91455078125,0.5916501879692078
sample_00176,63,1,block_out,0.9761418700218201,0.21946747601032257,27.0587158203125,0.03382793441414833
sample_00176,63,23,block_out,0.7609964609146118,0.6609159708023071,967.470703125,1.2000750303268433
sample_00176,63,27,block_out,0.8030957579612732,0.6046094298362732,1136.1533203125,1.8393610715866089
sample_00176,63,31,block_out,0.756297767162323,0.6932101249694824,536.087890625,3.3411667346954346
sample_00176,63,8,block_out,0.9704370498657227,0.2508391737937927,168.057861328125,0.1527256965637207
sample_00177,0,16,block_out,0.922852635383606,0.3858942985534668,243.537109375,0.5373160243034363
sample_00177,0,1,block_out,1.0004111528396606,0.0005538272089324892,0.0419921875,0.0001797469158191234
sample_00177,0,23,block_out,0.8098702430725098,0.5910224914550781,433.0115966796875,1.1102324724197388
sample_00177,0,27,block_out,0.8565530776977539,0.5171753168106079,522.1673583984375,1.6495121717453003
sample_00177,0,31,block_out,0.8547614812850952,0.5489346981048584,510.583740234375,3.092827796936035
sample_00177,0,8,block_out,0.9947934746742249,0.1062827780842781,2.6258544921875,0.1052076444029808
sample_00177,16,16,block_out,0.8607192635536194,0.5127025842666626,613.197998046875,0.5934820771217346
sample_00177,16,1,block_out,0.9928517937660217,0.12272176891565323,25.533203125,0.01295184250921011
sample_00177,16,23,block_out,0.7449052929878235,0.6821677684783936,827.3577880859375,1.1923948526382446
sample_00177,16,27,block_out,0.7927079200744629,0.6152917742729187,989.6043701171875,1.8988693952560425
sample_00177,16,31,block_out,0.762721598148346,0.6914291381835938,556.6495361328125,3.730752944946289
sample_00177,16,8,block_out,0.9770727157592773,0.21759191155433655,242.47393798828125,0.13072273135185242
sample_00177,32,16,block_out,0.8465853929519653,0.539006769657135,565.32666015625,0.6165898442268372
sample_00177,32,1,block_out,0.9829736948013306,0.18580204248428345,24.1904296875,0.025934865698218346
sample_00177,32,23,block_out,0.7127143740653992,0.7271944284439087,917.1517333984375,1.2350609302520752
sample_00177,32,27,block_out,0.760608434677124,0.6616380214691162,1088.1195068359375,1.9978970289230347
sample_00177,32,31,block_out,0.717658281326294,0.7449630498886108,604.1624755859375,3.884958028793335
sample_00177,32,8,block_out,0.9737337231636047,0.2344031035900116,216.2821044921875,0.14887137711048126
sample_00177,4,16,block_out,0.9201346039772034,0.39220941066741943,249.2890625,0.5380720496177673
sample_00177,4,1,block_out,1.000412106513977,0.0005418765358626842,0.03466796875,0.0001791729882825166
sample_00177,4,23,block_out,0.8000781536102295,0.603853166103363,405.263671875,1.1122381687164307
sample_00177,4,27,block_out,0.8510718941688538,0.5263260006904602,495.08203125,1.6656321287155151
sample_00177,4,31,block_out,0.8547845482826233,0.5500922799110413,504.801513671875,3.144594192504883
sample_00177,4,8,block_out,0.9948347210884094,0.10581308603286743,2.94580078125,0.10509435087442398
sample_00177,63,16,block_out,0.8464467525482178,0.538934051990509,540.923828125,0.5937647223472595
sample_00177,63,1,block_out,0.9737387895584106,0.22942867875099182,22.23046875,0.0404977947473526
sample_00177,63,23,block_out,0.7312249541282654,0.6997247934341431,892.092529296875,1.2046022415161133
sample_00177,63,27,block_out,0.779955267906189,0.6351578831672668,1062.143310546875,1.881518006324768
sample_00177,63,31,block_out,0.7521557211875916,0.6994275450706482,630.219482421875,3.3782706260681152
sample_00177,63,8,block_out,0.9680218696594238,0.2610255777835846,146.746337890625,0.16247139871120453
sample_00178,0,16,block_out,0.9239779710769653,0.3832695484161377,260.10595703125,0.526147723197937
sample_00178,0,1,block_out,1.0004396438598633,0.0005359593778848648,0.03515625,0.0001754149270709604
sample_00178,0,23,block_out,0.8128672242164612,0.5869744420051575,432.39892578125,1.092714786529541
sample_00178,0,27,block_out,0.8602042198181152,0.5110156536102295,503.173583984375,1.6150197982788086
sample_00178,0,31,block_out,0.8669041991233826,0.5262729525566101,543.876708984375,3.0147221088409424
sample_00178,0,8,block_out,0.9949226975440979,0.1053071916103363,2.6044921875,0.10386822372674942
sample_00178,16,16,block_out,0.8827590942382812,0.4708362817764282,581.322998046875,0.5332457423210144
sample_00178,16,1,block_out,0.9985030889511108,0.06155507266521454,21.0595703125,0.0037974331062287092
sample_00178,16,23,block_out,0.7801452279090881,0.6319950819015503,763.1173706054688,1.1017224788665771
sample_00178,16,27,block_out,0.8389275074005127,0.5462010502815247,891.6622924804688,1.6595653295516968
sample_00178,16,31,block_out,0.8501114249229431,0.5547397136688232,540.41796875,3.066211223602295
sample_00178,16,8,block_out,0.9812027812004089,0.19596371054649353,204.130126953125,0.11017218232154846
sample_00178,32,16,block_out,0.8825067281723022,0.47126975655555725,618.337890625,0.529397189617157
sample_00178,32,1,block_out,0.9985755085945129,0.05987008661031723,20.4814453125,0.0036161066964268684
sample_00178,32,23,block_out,0.783536434173584,0.6266158819198608,802.144775390625,1.1033653020858765
sample_00178,32,27,block_out,0.8391193747520447,0.5454657673835754,925.421875,1.670170783996582
sample_00178,32,31,block_out,0.8482949137687683,0.55860835313797,554.253173828125,2.990086317062378
sample_00178,32,8,block_out,0.9811359643936157,0.19616973400115967,214.140625,0.11018934845924377
sample_00178,4,16,block_out,0.8849220871925354,0.4666568338871002,575.88623046875,0.5346342921257019
sample_00178,4,1,block_out,0.9980728626251221,0.06861868500709534,21.53369140625,0.004356429446488619
sample_00178,4,23,block_out,0.775924563407898,0.6376046538352966,756.0429077148438,1.122598648071289
sample_00178,4,27,block_out,0.8290005326271057,0.5618444681167603,878.1530151367188,1.7227096557617188
sample_00178,4,31,block_out,0.8454264402389526,0.5677705407142639,536.87451171875,3.2169034481048584
sample_00178,4,8,block_out,0.9809044599533081,0.1975383758544922,202.4755859375,0.11088110506534576
sample_00178,63,16,block_out,0.8723330497741699,0.49034056067466736,646.11279296875,0.5232303738594055
sample_00178,63,1,block_out,0.9983744621276855,0.062426239252090454,25.28057861328125,0.003250830341130495
sample_00178,63,23,block_out,0.7667356133460999,0.6511831283569336,974.297119140625,1.1026214361190796
sample_00178,63,27,block_out,0.826858639717102,0.5646212100982666,1145.379150390625,1.6841702461242676
sample_00178,63,31,block_out,0.8250584006309509,0.5875118374824524,573.929931640625,2.969958543777466
sample_00178,63,8,block_out,0.9871492385864258,0.16273966431617737,172.88592529296875,0.11136076599359512
sample_00179,0,16,block_out,0.922974705696106,0.38572487235069275,238.740234375,0.537298321723938
sample_00179,0,1,block_out,1.0004189014434814,0.00055729626910761,0.03125,0.00018168031238019466
sample_00179,0,23,block_out,0.8094862699508667,0.5916447043418884,418.662109375,1.1166630983352661
sample_00179,0,27,block_out,0.8495646119117737,0.529175341129303,491.1846923828125,1.69368314743042
sample_00179,0,31,block_out,0.8499119281768799,0.5581492781639099,522.4677734375,3.192288637161255
sample_00179,0,8,block_out,0.9947896003723145,0.10628272593021393,2.618408203125,0.10543014854192734
sample_00179,16,16,block_out,0.8502917885780334,0.5307479500770569,623.6790771484375,0.5938923954963684
sample_00179,16,1,block_out,0.9910709857940674,0.1362958550453186,25.353515625,0.015108144842088223
sample_00179,16,23,block_out,0.7202168107032776,0.713071346282959,863.4829711914062,1.1946680545806885
sample_00179,16,27,block_out,0.7791230082511902,0.6347641348838806,1035.27294921875,1.901593565940857
sample_00179,16,31,block_out,0.7512038350105286,0.7165071964263916,509.95367431640625,3.7377312183380127
sample_00179,16,8,block_out,0.9768080711364746,0.21869826316833496,237.7728271484375,0.1333574503660202
sample_00179,32,16,block_out,0.8451018929481506,0.5403514504432678,545.1748046875,0.6236535906791687
sample_00179,32,1,block_out,0.9810894131660461,0.19544947147369385,24.0283203125,0.028134459629654884
sample_00179,32,23,block_out,0.7098163366317749,0.7292436361312866,911.6318359375,1.2304203510284424
sample_00179,32,27,block_out,0.7604225873947144,0.6612688302993774,1085.9326171875,1.9734365940093994
sample_00179,32,31,block_out,0.7170500755310059,0.7512973546981812,624.0126953125,3.793606758117676
sample_00179,32,8,block_out,0.973601758480072,0.23437607288360596,179.4443359375,0.15260200202465057
sample_00179,4,16,block_out,0.884151816368103,0.4679986238479614,595.4844360351562,0.5577065348625183
sample_00179,4,1,block_out,0.9973226189613342,0.07852660119533539,21.04248046875,0.005809204652905464
sample_00179,4,23,block_out,0.7733874320983887,0.641265869140625,816.7470092773438,1.1340019702911377
sample_00179,4,27,block_out,0.8330916166305542,0.5559478998184204,955.247802734375,1.7288358211517334
sample_00179,4,31,block_out,0.8282857537269592,0.600178062915802,748.6900024414062,3.251288652420044
sample_00179,4,8,block_out,0.9848570227622986,0.17613926529884338,175.77734375,0.1167401596903801
sample_00179,63,16,block_out,0.837005078792572,0.5550448894500732,564.96142578125,0.5949075222015381
sample_00179,63,1,block_out,0.9728466868400574,0.23327535390853882,22.048828125,0.04236874356865883
sample_00179,63,23,block_out,0.7262625694274902,0.7059075832366943,920.03662109375,1.2021894454956055
sample_00179,63,27,block_out,0.7814480066299438,0.6336058974266052,1088.20068359375,1.8546792268753052
sample_00179,63,31,block_out,0.754882276058197,0.6961128115653992,616.83349609375,3.3257148265838623
sample_00179,63,8,block_out,0.9671163558959961,0.2645566463470459,156.26861572265625,0.16176238656044006
sample_00180,0,16,block_out,0.9195014238357544,0.39398762583732605,232.80419921875,0.5644506216049194
sample_00180,0,1,block_out,1.0005464553833008,0.0005296185845509171,0.0400390625,0.00017156933608930558
sample_00180,0,23,block_out,0.8179089426994324,0.5840287208557129,377.50537109375,1.105696201324463
sample_00180,0,27,block_out,0.8676817417144775,0.49900272488594055,443.6435546875,1.625864028930664
sample_00180,0,31,block_out,0.8710418939590454,0.5154014825820923,468.177001953125,2.9687609672546387
sample_00180,0,8,block_out,0.9938175082206726,0.11631760001182556,3.8734283447265625,0.11331655085086823
sample_00180,16,16,block_out,0.8715922236442566,0.4934723377227783,665.384765625,0.596505880355835
sample_00180,16,1,block_out,0.9921401739120483,0.12930257618427277,25.9658203125,0.012077365070581436
sample_00180,16,23,block_out,0.7579864263534546,0.666726291179657,881.06787109375,1.1857668161392212
sample_00180,16,27,block_out,0.8177616596221924,0.580326497554779,1047.1787109375,1.8158597946166992
sample_00180,16,31,block_out,0.7988258004188538,0.6426936984062195,658.1015625,3.4349844455718994
sample_00180,16,8,block_out,0.9772894382476807,0.21643121540546417,227.56494140625,0.1365584433078766
sample_00180,32,16,block_out,0.8680037260055542,0.5009458661079407,665.432861328125,0.6050627827644348
sample_00180,32,1,block_out,0.983704149723053,0.1826876699924469,24.888671875,0.021930087357759476
sample_00180,32,23,block_out,0.7597352266311646,0.6658310294151306,873.53515625,1.1875193119049072
sample_00180,32,27,block_out,0.8047041893005371,0.6010647416114807,1050.53564453125,1.8769662380218506
sample_00180,32,31,block_out,0.7898033261299133,0.6582266092300415,625.635498046875,3.522360324859619
sample_00180,32,8,block_out,0.9726204872131348,0.23807105422019958,234.281494140625,0.15038655698299408
sample_00180,4,16,block_out,0.8790695667266846,0.47923600673675537,630.715087890625,0.5782604217529297
sample_00180,4,1,block_out,0.9979963898658752,0.07133687287569046,23.044921875,0.004174050875008106
sample_00180,4,23,block_out,0.7618172764778137,0.6604230403900146,876.952392578125,1.160682201385498
sample_00180,4,27,block_out,0.8356881737709045,0.5525736808776855,909.2933349609375,1.7296866178512573
sample_00180,4,31,block_out,0.8367912173271179,0.5833275318145752,667.495361328125,3.213304281234741
sample_00180,4,8,block_out,0.9822127223014832,0.1914360076189041,214.0386962890625,0.12127399444580078
sample_00180,63,16,block_out,0.8644556999206543,0.5087781548500061,667.757080078125,0.5966202616691589
sample_00180,63,1,block_out,0.976157546043396,0.2197820395231247,23.4296875,0.03183673322200775
sample_00180,63,23,block_out,0.7741515636444092,0.6477420330047607,871.36376953125,1.186200499534607
sample_00180,63,27,block_out,0.8298433423042297,0.5657444000244141,977.1240234375,1.7582075595855713
sample_00180,63,31,block_out,0.802143931388855,0.6374182105064392,606.8328857421875,3.1035549640655518
sample_00180,63,8,block_out,0.9724695682525635,0.23973166942596436,228.57562255859375,0.15633904933929443
sample_00181,0,16,block_out,0.9154185056686401,0.4032982885837555,229.873046875,0.5739567279815674
sample_00181,0,1,block_out,1.0004948377609253,0.0005547220353037119,0.03125,0.00017744519573170692
sample_00181,0,23,block_out,0.8166062831878662,0.586529552936554,378.246337890625,1.1025457382202148
sample_00181,0,27,block_out,0.8697795271873474,0.49493661522865295,443.925537109375,1.5971875190734863
sample_00181,0,31,block_out,0.8732419610023499,0.5104216933250427,470.215576171875,2.918984889984131
sample_00181,0,8,block_out,0.9936352968215942,0.1176861897110939,4.02777099609375,0.11325591802597046
sample_00181,16,16,block_out,0.8697568774223328,0.496942400932312,626.03466796875,0.6091355681419373
sample_00181,16,1,block_out,0.9924380779266357,0.12652172148227692,25.658203125,0.011841404251754284
sample_00181,16,23,block_out,0.7579129934310913,0.6700518727302551,820.4519653320312,1.1902204751968384
sample_00181,16,27,block_out,0.8192206025123596,0.5790224075317383,907.7297973632812,1.7963045835494995
sample_00181,16,31,block_out,0.7902758121490479,0.6553966999053955,439.495361328125,3.4633302688598633
sample_00181,16,8,block_out,0.9764750003814697,0.21976207196712494,215.87158203125,0.13360649347305298
sample_00181,32,16,block_out,0.8556420207023621,0.5237234830856323,653.0174560546875,0.6362196803092957
sample_00181,32,1,block_out,0.9865074157714844,0.16645269095897675,24.52734375,0.0204911008477211
sample_00181,32,23,block_out,0.7371057271957397,0.6998693943023682,869.823486328125,1.2384157180786133
sample_00181,32,27,block_out,0.7878599762916565,0.6254059672355652,1028.1298828125,1.9185020923614502
sample_00181,32,31,block_out,0.7316501140594482,0.7327854633331299,464.555419921875,3.702989339828491
sample_00181,32,8,block_out,0.971382200717926,0.2429586946964264,208.7020263671875,0.1471579670906067
sample_00181,4,16,block_out,0.8782399296760559,0.48069101572036743,598.2446899414062,0.5822235345840454
sample_00181,4,1,block_out,0.9979234933853149,0.07153088599443436,22.236328125,0.004330436233431101
sample_00181,4,23,block_out,0.7677322626113892,0.6540627479553223,770.5386352539062,1.1393847465515137
sample_00181,4,27,block_out,0.8378926515579224,0.549012303352356,925.1909790039062,1.6907991170883179
sample_00181,4,31,block_out,0.8448464870452881,0.5688320994377136,505.9581298828125,3.1602258682250977
sample_00181,4,8,block_out,0.9808676838874817,0.1983186900615692,222.9150390625,0.11973853409290314
sample_00181,63,16,block_out,0.8451294302940369,0.5435760021209717,679.311767578125,0.6169650554656982
sample_00181,63,1,block_out,0.9780506491661072,0.21080012619495392,27.290626525878906,0.031809840351343155
sample_00181,63,23,block_out,0.7431357502937317,0.6923128366470337,1026.564453125,1.201180338859558
sample_00181,63,27,block_out,0.8050351142883301,0.6040673851966858,1205.2978515625,1.8078210353851318
sample_00181,63,31,block_out,0.7765581607818604,0.6631500124931335,625.306396484375,3.270740509033203
sample_00181,63,8,block_out,0.9717914462089539,0.24301834404468536,163.3406982421875,0.1564282327890396
sample_00182,0,16,block_out,0.9176137447357178,0.3986271321773529,212.172607421875,0.5739995241165161
sample_00182,0,1,block_out,1.000638484954834,0.0005270958063192666,0.029296875,0.0001670728815952316
sample_00182,0,23,block_out,0.8082020282745361,0.5990374684333801,385.735107421875,1.1294816732406616
sample_00182,0,27,block_out,0.8588175773620605,0.5144503712654114,454.733154296875,1.6754823923110962
sample_00182,0,31,block_out,0.8599294424057007,0.5442125797271729,485.907958984375,3.0724334716796875
sample_00182,0,8,block_out,0.9939692616462708,0.11541736871004105,4.852294921875,0.1113440990447998
sample_00182,16,16,block_out,0.876618504524231,0.48482081294059753,537.70751953125,0.6120084524154663
sample_00182,16,1,block_out,0.9937041401863098,0.11744540929794312,25.9287109375,0.010463370010256767
sample_00182,16,23,block_out,0.7593526840209961,0.6691617965698242,700.5726928710938,1.2067358493804932
sample_00182,16,27,block_out,0.8167996406555176,0.5827925801277161,793.0590209960938,1.8442902565002441
sample_00182,16,31,block_out,0.7876152992248535,0.6641318798065186,547.0684814453125,3.521259069442749
sample_00182,16,8,block_out,0.9775291085243225,0.21562179923057556,259.6391906738281,0.13119661808013916
sample_00182,32,16,block_out,0.8661498427391052,0.5044782161712646,635.4658203125,0.6277931928634644
sample_00182,32,1,block_out,0.9878860116004944,0.1590001881122589,24.751953125,0.018331758677959442
sample_00182,32,23,block_out,0.7376240491867065,0.6983630061149597,841.6422119140625,1.254480242729187
sample_00182,32,27,block_out,0.7860477566719055,0.6258005499839783,1000.5328369140625,1.9523545503616333
sample_00182,32,31,block_out,0.7453027367591858,0.7191154956817627,683.193603515625,3.727837324142456
sample_00182,32,8,block_out,0.9725874662399292,0.23817142844200134,238.2021484375,0.1417180597782135
sample_00182,4,16,block_out,0.8889984488487244,0.46042075753211975,545.5546875,0.5808935761451721
sample_00182,4,1,block_out,0.9982506036758423,0.06898971647024155,23.03564453125,0.003911954816430807
sample_00182,4,23,block_out,0.776138424873352,0.6419544219970703,690.82373046875,1.1549406051635742
sample_00182,4,27,block_out,0.8386021852493286,0.5480082631111145,812.17724609375,1.737824559211731
sample_00182,4,31,block_out,0.834847629070282,0.5910570621490479,626.64990234375,3.2338807582855225
sample_00182,4,8,block_out,0.9813528060913086,0.19637537002563477,231.107421875,0.11741051822900772
sample_00182,63,16,block_out,0.874128520488739,0.48962289094924927,473.1429443359375,0.6073974370956421
sample_00182,63,1,block_out,0.9812591075897217,0.1960044801235199,28.16253662109375,0.028821337968111038
sample_00182,63,23,block_out,0.7671964168548584,0.6574233174324036,686.373046875,1.2003028392791748
sample_00182,63,27,block_out,0.8177404999732971,0.5829697847366333,837.8828125,1.8042066097259521
sample_00182,63,31,block_out,0.7913260459899902,0.6454403400421143,567.1484375,3.2331995964050293
sample_00182,63,8,block_out,0.9765723943710327,0.22174011170864105,160.9884033203125,0.14711295068264008
sample_00183,0,16,block_out,0.915699303150177,0.4027133882045746,222.20068359375,0.5730974078178406
sample_00183,0,1,block_out,1.0005005598068237,0.0005589489592239261,0.0439453125,0.00017544988077133894
sample_00183,0,23,block_out,0.8140092492103577,0.5894173383712769,375.3116455078125,1.1116538047790527
sample_00183,0,27,block_out,0.8610009551048279,0.5108273029327393,440.9122314453125,1.6524944305419922
sample_00183,0,31,block_out,0.8605940341949463,0.542361855506897,468.6451416015625,3.0603256225585938
sample_00183,0,8,block_out,0.9934994578361511,0.11884722113609314,3.924530029296875,0.11444417387247086
sample_00183,16,16,block_out,0.8820083737373352,0.4732128381729126,621.6611328125,0.5803834199905396
sample_00183,16,1,block_out,0.9988203644752502,0.05761009454727173,21.822265625,0.0028877118602395058
sample_00183,16,23,block_out,0.7845256924629211,0.628771185874939,822.154052734375,1.1253340244293213
sample_00183,16,27,block_out,0.8497947454452515,0.529776930809021,957.6218872070312,1.6510347127914429
sample_00183,16,31,block_out,0.8572061657905579,0.5467433333396912,510.30224609375,2.992283821105957
sample_00183,16,8,block_out,0.9821662902832031,0.19146092236042023,227.0693359375,0.11930664628744125
sample_00183,32,16,block_out,0.8788454532623291,0.4791721999645233,644.754150390625,0.5789254903793335
sample_00183,32,1,block_out,0.9989408254623413,0.055253855884075165,21.3447265625,0.002710392465814948
sample_00183,32,23,block_out,0.7786366939544678,0.6364433765411377,851.4083862304688,1.1308338642120361
sample_00183,32,27,block_out,0.8447709083557129,0.5376366972923279,980.73046875,1.6726117134094238
sample_00183,32,31,block_out,0.8496919274330139,0.5570561289787292,560.3807373046875,3.009286403656006
sample_00183,32,8,block_out,0.9824005961418152,0.19024479389190674,223.757568359375,0.11895207315683365
sample_00183,4,16,block_out,0.8816260695457458,0.4740767180919647,609.2521362304688,0.5812088847160339
sample_00183,4,1,block_out,0.9985238909721375,0.06273780763149261,22.2294921875,0.003357716603204608
sample_00183,4,23,block_out,0.7714614868164062,0.6471090912818909,803.97802734375,1.1462966203689575
sample_00183,4,27,block_out,0.83753901720047,0.5492321848869324,938.419921875,1.71043860912323
sample_00183,4,31,block_out,0.8431007862091064,0.5770149230957031,522.65380859375,3.177969455718994
sample_00183,4,8,block_out,0.9812279343605042,0.1963694542646408,224.85986328125,0.11979898065328598
sample_00183,63,16,block_out,0.8796958327293396,0.4774089455604553,665.01318359375,0.5506683588027954
sample_00183,63,1,block_out,0.9996650815010071,0.04002073407173157,20.6826171875,0.0018132212571799755
sample_00183,63,23,block_out,0.7928266525268555,0.6172580122947693,888.4443359375,1.1186301708221436
sample_00183,63,27,block_out,0.8615089654922485,0.5091392397880554,1010.91015625,1.602358341217041
sample_00183,63,31,block_out,0.8567057251930237,0.5348765850067139,646.3988037109375,2.7505927085876465
sample_00183,63,8,block_out,0.9875911474227905,0.16077595949172974,161.0787353515625,0.11648114770650864
sample_00184,0,16,block_out,0.916764497756958,0.40026524662971497,239.77313232421875,0.5676758289337158
sample_00184,0,1,block_out,1.0004948377609253,0.0005480066756717861,0.03125,0.00017896042845677584
sample_00184,0,23,block_out,0.807349681854248,0.598537802696228,355.01458740234375,1.1265150308609009
sample_00184,0,27,block_out,0.8572069406509399,0.5168467164039612,429.378173828125,1.6540782451629639
sample_00184,0,31,block_out,0.8625393509864807,0.5355579853057861,455.11474609375,3.0124523639678955
sample_00184,0,8,block_out,0.9939114451408386,0.11532291769981384,3.852294921875,0.1120677962899208
sample_00184,16,16,block_out,0.8830158114433289,0.4716264009475708,608.8759765625,0.5742641687393188
sample_00184,16,1,block_out,0.9988659024238586,0.05686773359775543,21.81103515625,0.002806980162858963
sample_00184,16,23,block_out,0.7782666683197021,0.6389141082763672,846.0606689453125,1.1353949308395386
sample_00184,16,27,block_out,0.847780704498291,0.5329797267913818,989.10546875,1.6483503580093384
sample_00184,16,31,block_out,0.8559067845344543,0.545251727104187,543.896240234375,2.96443772315979
sample_00184,16,8,block_out,0.9906248450279236,0.1409633457660675,119.6910400390625,0.11628622561693192
sample_00184,32,16,block_out,0.9158589839935303,0.40231820940971375,225.86474609375,0.5705152750015259
sample_00184,32,1,block_out,0.9990025758743286,0.05422808974981308,21.408203125,0.0026230174116790295
sample_00184,32,23,block_out,0.8096458911895752,0.5926315188407898,397.88427734375,1.1419756412506104
sample_00184,32,27,block_out,0.8586070537567139,0.5142431259155273,487.5628662109375,1.6689631938934326
sample_00184,32,31,block_out,0.847387433052063,0.5586333274841309,429.11474609375,2.9630141258239746
sample_00184,32,8,block_out,0.9928920269012451,0.1237543448805809,57.165283203125,0.11585518717765808
sample_00184,4,16,block_out,0.8843360543251038,0.4689598083496094,624.4306640625,0.5723846554756165
sample_00184,4,1,block_out,0.9986498951911926,0.06069369241595268,22.19482421875,0.003325890516862273
sample_00184,4,23,block_out,0.7686634063720703,0.6521782875061035,829.763427734375,1.165779948234558
sample_00184,4,27,block_out,0.8317387104034424,0.5584049224853516,971.293212890625,1.7418571710586548
sample_00184,4,31,block_out,0.8372495770454407,0.5846879482269287,539.097412109375,3.215470314025879
sample_00184,4,8,block_out,0.9894423484802246,0.14913912117481232,137.14480590820312,0.11661093682050705
sample_00184,63,16,block_out,0.9233354330062866,0.38483670353889465,232.08349609375,0.5403734445571899
sample_00184,63,1,block_out,0.999703049659729,0.039273589849472046,20.15283203125,0.0017754853470250964
sample_00184,63,23,block_out,0.8343997001647949,0.5541117787361145,389.3646240234375,1.1085922718048096
sample_00184,63,27,block_out,0.8798490762710571,0.47583991289138794,468.6063232421875,1.585542917251587
sample_00184,63,31,block_out,0.8632739186286926,0.5219377279281616,453.9541015625,2.679957628250122
sample_00184,63,8,block_out,0.9936664700508118,0.11734888702630997,21.21240234375,0.11462020128965378
sample_00185,0,16,block_out,0.9260104894638062,0.3791959285736084,256.3773193359375,0.5279743075370789
sample_00185,0,1,block_out,1.0010995864868164,0.0005477866507135332,0.0439453125,0.0001743541070027277
sample_00185,0,23,block_out,0.8369265794754028,0.5534813404083252,390.3265380859375,1.0623292922973633
sample_00185,0,27,block_out,0.8705029487609863,0.4951442778110504,456.42138671875,1.5910475254058838
sample_00185,0,31,block_out,0.8528989553451538,0.5518050193786621,479.3363037109375,2.9421355724334717
sample_00185,0,8,block_out,0.9952415823936462,0.10866344720125198,3.3013916015625,0.10805059224367142
sample_00185,16,16,block_out,0.9008047580718994,0.43672794103622437,594.841552734375,0.5502741932868958
sample_00185,16,1,block_out,0.9964128732681274,0.09658907353878021,27.98828125,0.006429662927985191
sample_00185,16,23,block_out,0.8065842390060425,0.6012296080589294,938.04638671875,1.098402500152588
sample_00185,16,27,block_out,0.8481374382972717,0.5352596044540405,1109.7730712890625,1.6724368333816528
sample_00185,16,31,block_out,0.8129146099090576,0.616984486579895,496.1461181640625,3.1513938903808594
sample_00185,16,8,block_out,0.9899045825004578,0.1503164917230606,220.22467041015625,0.11884805560112
sample_00185,32,16,block_out,0.8997451066970825,0.4391050934791565,582.3670654296875,0.5572372674942017
sample_00185,32,1,block_out,0.9926222562789917,0.1296773999929428,26.873046875,0.011733814142644405
sample_00185,32,23,block_out,0.8049399256706238,0.6035389304161072,929.0111083984375,1.1081371307373047
sample_00185,32,27,block_out,0.8457991480827332,0.5384873747825623,1099.7825927734375,1.6852773427963257
sample_00185,32,31,block_out,0.8078538775444031,0.6222542524337769,507.1527099609375,3.1413254737854004
sample_00185,32,8,block_out,0.9881885051727295,0.16169218719005585,170.0396728515625,0.12514527142047882
sample_00185,4,16,block_out,0.9240096807479858,0.38412535190582275,226.4609375,0.5328001379966736
sample_00185,4,1,block_out,0.9997165203094482,0.05249178782105446,24.3935546875,0.0021330672316253185
sample_00185,4,23,block_out,0.8329746127128601,0.5589998364448547,388.21142578125,1.0789035558700562
sample_00185,4,27,block_out,0.8635334372520447,0.5077384114265442,467.676025390625,1.6447091102600098
sample_00185,4,31,block_out,0.8332686424255371,0.5850651264190674,536.5195922851562,3.0638325214385986
sample_00185,4,8,block_out,0.9942395091056824,0.11753559112548828,67.8330078125,0.11138907819986343
sample_00185,63,16,block_out,0.8990921378135681,0.441040962934494,571.71435546875,0.5335924029350281
sample_00185,63,1,block_out,0.9868279695510864,0.1682053506374359,25.59765625,0.01915530487895012
sample_00185,63,23,block_out,0.8245062232017517,0.5719176530838013,930.846923828125,1.0643024444580078
sample_00185,63,27,block_out,0.8709447979927063,0.4937279224395752,1101.479736328125,1.5404454469680786
sample_00185,63,31,block_out,0.8470542430877686,0.555999219417572,523.855224609375,2.6879544258117676
sample_00185,63,8,block_out,0.9845706820487976,0.1836705356836319,169.77294921875,0.12977787852287292
sample_00186,0,16,block_out,0.9279316663742065,0.37467101216316223,294.07916259765625,0.5158810019493103
sample_00186,0,1,block_out,1.0011831521987915,0.0005504583823494613,0.03662109375,0.0001748411450535059
sample_00186,0,23,block_out,0.8464998006820679,0.5386112332344055,460.82379150390625,1.0228371620178223
sample_00186,0,27,block_out,0.8910083174705505,0.4564957022666931,539.866455078125,1.481221318244934
sample_00186,0,31,block_out,0.877327561378479,0.5059289932250977,578.469970703125,2.7162294387817383
sample_00186,0,8,block_out,0.9952805638313293,0.10938120633363724,3.26611328125,0.10904684662818909
sample_00186,16,16,block_out,0.9050357341766357,0.42795056104660034,607.68017578125,0.5401730537414551
sample_00186,16,1,block_out,0.9968626499176025,0.09263793379068375,25.966796875,0.0062149930745363235
sample_00186,16,23,block_out,0.8170566558837891,0.5861108303070068,911.4599609375,1.080471158027649
sample_00186,16,27,block_out,0.8631267547607422,0.5087367296218872,1031.2470703125,1.6147979497909546
sample_00186,16,31,block_out,0.8311305642127991,0.58856600522995,500.2989501953125,3.000667095184326
sample_00186,16,8,block_out,0.9900766611099243,0.15004469454288483,217.52581787109375,0.12073017656803131
sample_00186,32,16,block_out,0.9025260210037231,0.43374502658843994,548.7974853515625,0.5533408522605896
sample_00186,32,1,block_out,0.9926745891571045,0.1298905313014984,24.97265625,0.01116231270134449
sample_00186,32,23,block_out,0.8100874423980713,0.5969429016113281,864.0494384765625,1.1143351793289185
sample_00186,32,27,block_out,0.850543200969696,0.5305861830711365,1016.6710205078125,1.677649974822998
sample_00186,32,31,block_out,0.8092098236083984,0.6200116276741028,569.5921630859375,3.1121275424957275
sample_00186,32,8,block_out,0.9881786108016968,0.16238781809806824,168.31207275390625,0.1259327530860901
sample_00186,4,16,block_out,0.914029061794281,0.4077976644039154,574.529541015625,0.5208972692489624
sample_00186,4,1,block_out,0.9998236298561096,0.051945943385362625,22.6201171875,0.0021207809913903475
sample_00186,4,23,block_out,0.8308876752853394,0.5635707378387451,786.483642578125,1.039480209350586
sample_00186,4,27,block_out,0.8794397115707397,0.4784769117832184,940.232177734375,1.5257645845413208
sample_00186,4,31,block_out,0.85866779088974,0.5441239476203918,498.890380859375,2.8455922603607178
sample_00186,4,8,block_out,0.9936363101005554,0.12354740500450134,101.13232421875,0.11165677756071091
sample_00186,63,16,block_out,0.8997452259063721,0.440155953168869,614.029296875,0.5459140539169312
sample_00186,63,1,block_out,0.9878851175308228,0.16237947344779968,26.9610595703125,0.01768183708190918
sample_00186,63,23,block_out,0.8205652236938477,0.5795883536338806,927.6005859375,1.0952508449554443
sample_00186,63,27,block_out,0.8682334423065186,0.49963563680648804,1125.4462890625,1.5757051706314087
sample_00186,63,31,block_out,0.8438342809677124,0.5621996521949768,489.013427734375,2.7736563682556152
sample_00186,63,8,block_out,0.9851704835891724,0.18103396892547607,155.1952667236328,0.12952466309070587
sample_00187,0,16,block_out,0.9283477067947388,0.3738044500350952,227.138671875,0.5257483720779419
sample_00187,0,1,block_out,1.0012545585632324,0.0005443446571007371,0.04052734375,0.0001745086192386225
sample_00187,0,23,block_out,0.8409590721130371,0.5485991835594177,396.046142578125,1.045076847076416
sample_00187,0,27,block_out,0.8773552775382996,0.482990026473999,464.300048828125,1.5698065757751465
sample_00187,0,31,block_out,0.8593854308128357,0.5371609330177307,492.966064453125,2.8883979320526123
sample_00187,0,8,block_out,0.9951826333999634,0.11088747531175613,3.2098388671875,0.11081832647323608
sample_00187,16,16,block_out,0.9045423269271851,0.42885667085647583,526.71630859375,0.5588980913162231
sample_00187,16,1,block_out,0.9980493783950806,0.07999930530786514,24.7666015625,0.0059816064313054085
sample_00187,16,23,block_out,0.8052785396575928,0.6017452478408813,911.91552734375,1.1169804334640503
sample_00187,16,27,block_out,0.839988112449646,0.5488080978393555,1101.97802734375,1.7330002784729004
sample_00187,16,31,block_out,0.8176142573356628,0.6201866269111633,502.40966796875,3.262010335922241
sample_00187,16,8,block_out,0.988254189491272,0.1616828590631485,205.23817443847656,0.12736022472381592
sample_00187,32,16,block_out,0.9045805931091309,0.42885249853134155,464.7276916503906,0.5614838600158691
sample_00187,32,1,block_out,0.9953796863555908,0.10833744704723358,24.44921875,0.009722942486405373
sample_00187,32,23,block_out,0.8206139802932739,0.5768008828163147,715.83056640625,1.0938831567764282
sample_00187,32,27,block_out,0.8614192605018616,0.5106291174888611,868.85498046875,1.6249741315841675
sample_00187,32,31,block_out,0.8396665453910828,0.5813772082328796,526.2205810546875,2.9123904705047607
sample_00187,32,8,block_out,0.9852738976478577,0.17899349331855774,212.40982055664062,0.13599500060081482
sample_00187,4,16,block_out,0.9240349531173706,0.38431283831596375,244.2796630859375,0.5437554121017456
sample_00187,4,1,block_out,1.0002408027648926,0.044937677681446075,24.5078125,0.0024813106283545494
sample_00187,4,23,block_out,0.8248300552368164,0.5724417567253113,416.65087890625,1.1062462329864502
sample_00187,4,27,block_out,0.8542675375938416,0.5242345333099365,490.722412109375,1.690699577331543
sample_00187,4,31,block_out,0.817768394947052,0.6137829422950745,521.554443359375,3.203662633895874
sample_00187,4,8,block_out,0.994157075881958,0.11966854333877563,25.6439208984375,0.11619428545236588
sample_00187,63,16,block_out,0.9068772196769714,0.42400938272476196,597.3563232421875,0.5340394377708435
sample_00187,63,1,block_out,0.992948055267334,0.12877614796161652,31.6575927734375,0.011272854171693325
sample_00187,63,23,block_out,0.840999186038971,0.5463583469390869,954.5418701171875,1.0335073471069336
sample_00187,63,27,block_out,0.8917076587677002,0.45523548126220703,1126.0614013671875,1.4578895568847656
sample_00187,63,31,block_out,0.8790559768676758,0.49692919850349426,600.6204833984375,2.458272933959961
sample_00187,63,8,block_out,0.9847721457481384,0.18194565176963806,230.2332763671875,0.13519088923931122
sample_00188,0,16,block_out,0.9276773929595947,0.37507545948028564,251.060546875,0.5215408802032471
sample_00188,0,1,block_out,1.0011088848114014,0.000555110105779022,0.046875,0.0001754549884935841
sample_00188,0,23,block_out,0.8404069542884827,0.54667729139328,481.720947265625,1.0512038469314575
sample_00188,0,27,block_out,0.8807101845741272,0.47532573342323303,592.405517578125,1.5449670553207397
sample_00188,0,31,block_out,0.8634352684020996,0.5258329510688782,485.6551513671875,2.8606488704681396
sample_00188,0,8,block_out,0.9952347278594971,0.108708456158638,3.1820068359375,0.10825709253549576
sample_00188,16,16,block_out,0.9221240282058716,0.3886811435222626,223.279541015625,0.5430668592453003
sample_00188,16,1,block_out,0.995566189289093,0.10502014309167862,27.294921875,0.0074800774455070496
sample_00188,16,23,block_out,0.8319429159164429,0.5605337023735046,410.83203125,1.0912410020828247
sample_00188,16,27,block_out,0.8676721453666687,0.500346839427948,500.2119140625,1.6283611059188843
sample_00188,16,31,block_out,0.829979658126831,0.5899008512496948,470.54296875,3.026157855987549
sample_00188,16,8,block_out,0.9927740693092346,0.12974727153778076,31.58154296875,0.12070397287607193
sample_00188,32,16,block_out,0.9127930998802185,0.41050201654434204,489.57958984375,0.5472984313964844
sample_00188,32,1,block_out,0.98976731300354,0.1499803364276886,26.169921875,0.013650727458298206
sample_00188,32,23,block_out,0.8232628703117371,0.5743467807769775,871.4425048828125,1.0781738758087158
sample_00188,32,27,block_out,0.8678033351898193,0.5011246204376221,1046.7110595703125,1.5784025192260742
sample_00188,32,31,block_out,0.8465971350669861,0.5595780611038208,624.3712158203125,2.830620288848877
sample_00188,32,8,block_out,0.9907286167144775,0.14505615830421448,41.09423828125,0.12715885043144226
sample_00188,4,16,block_out,0.9146915674209595,0.40601882338523865,525.0455322265625,0.5256063342094421
sample_00188,4,1,block_out,0.9995148181915283,0.056311074644327164,23.58203125,0.0023508912418037653
sample_00188,4,23,block_out,0.8180055022239685,0.5816643834114075,851.8167724609375,1.0850975513458252
sample_00188,4,27,block_out,0.8597800731658936,0.5133808851242065,978.6707763671875,1.6364697217941284
sample_00188,4,31,block_out,0.8344039916992188,0.5832290649414062,491.0498046875,3.083131790161133
sample_00188,4,8,block_out,0.9941405057907104,0.11846176534891129,85.63621520996094,0.11095017194747925
sample_00188,63,16,block_out,0.9007549285888672,0.4371010959148407,649.552978515625,0.5321415066719055
sample_00188,63,1,block_out,0.9863669872283936,0.17085695266723633,26.7496337890625,0.01932218112051487
sample_00188,63,23,block_out,0.8277822136878967,0.567608118057251,931.354248046875,1.0623846054077148
sample_00188,63,27,block_out,0.8803184032440186,0.4786246716976166,1037.122802734375,1.506516456604004
sample_00188,63,31,block_out,0.8569427728652954,0.5360062122344971,594.60302734375,2.6108546257019043
sample_00188,63,8,block_out,0.984537661075592,0.1839625984430313,154.4676513671875,0.13058634102344513
sample_00189,0,16,block_out,0.929941713809967,0.37008726596832275,218.819091796875,0.518333911895752
sample_00189,0,1,block_out,1.0013105869293213,0.0005499400431290269,0.041015625,0.00017358886543661356
sample_00189,0,23,block_out,0.8486161828041077,0.5350779294967651,388.859375,1.0224860906600952
sample_00189,0,27,block_out,0.8869761228561401,0.46454674005508423,472.44287109375,1.522487759590149
sample_00189,0,31,block_out,0.8747440576553345,0.5082482695579529,485.6943359375,2.799436092376709
sample_00189,0,8,block_out,0.9951597452163696,0.11159481853246689,3.138916015625,0.11119065433740616
sample_00189,16,16,block_out,0.9051762819290161,0.4282771944999695,602.48046875,0.5507031083106995
sample_00189,16,1,block_out,0.9969130754470825,0.09373942017555237,23.7763671875,0.006544672418385744
sample_00189,16,23,block_out,0.8114919066429138,0.5956504940986633,948.48876953125,1.0978244543075562
sample_00189,16,27,block_out,0.8547936677932739,0.5238763689994812,1137.18603515625,1.665189266204834
sample_00189,16,31,block_out,0.8201121091842651,0.6038118600845337,516.6328125,3.1433467864990234
sample_00189,16,8,block_out,0.9900297522544861,0.15110476315021515,228.91258239746094,0.12259936332702637
sample_00189,32,16,block_out,0.8954249024391174,0.4494791328907013,592.16064453125,0.5822302103042603
sample_00189,32,1,block_out,0.9927186369895935,0.13087207078933716,23.34375,0.01113588735461235
sample_00189,32,23,block_out,0.7958638072013855,0.6181382536888123,951.76953125,1.1363942623138428
sample_00189,32,27,block_out,0.8388674259185791,0.5500401854515076,1133.203125,1.7262852191925049
sample_00189,32,31,block_out,0.806866466999054,0.622122585773468,532.22998046875,3.196730613708496
sample_00189,32,8,block_out,0.9888880848884583,0.15888658165931702,212.888671875,0.12831278145313263
sample_00189,4,16,block_out,0.9128084182739258,0.4111318290233612,622.3818359375,0.5244945883750916
sample_00189,4,1,block_out,1.0001111030578613,0.04903065040707588,24.0703125,0.0023904957342892885
sample_00189,4,23,block_out,0.8226442337036133,0.5771641731262207,956.2425537109375,1.0525530576705933
sample_00189,4,27,block_out,0.8697655200958252,0.49709370732307434,1147.0560302734375,1.5787783861160278
sample_00189,4,31,block_out,0.8568995594978333,0.5450525283813477,502.7576904296875,2.928842067718506
sample_00189,4,8,block_out,0.9914332628250122,0.14115211367607117,229.9288330078125,0.11416848748922348
sample_00189,63,16,block_out,0.9012348055839539,0.4372287392616272,595.8258056640625,0.5440385937690735
sample_00189,63,1,block_out,0.9891034364700317,0.1558884233236313,28.1514892578125,0.016266340389847755
sample_00189,63,23,block_out,0.8184484243392944,0.58283931016922,945.7916259765625,1.0933555364608765
sample_00189,63,27,block_out,0.8618190884590149,0.5108826756477356,1124.1959228515625,1.6106483936309814
sample_00189,63,31,block_out,0.833095908164978,0.5750860571861267,548.5211181640625,2.8670434951782227
sample_00189,63,8,block_out,0.9853283166885376,0.18065547943115234,176.7899169921875,0.12953604757785797
sample_00190,0,16,block_out,0.9165789484977722,0.4005633592605591,232.528564453125,0.572311282157898
sample_00190,0,1,block_out,1.0004786252975464,0.0005486214067786932,0.04296875,0.00018048632773570716
sample_00190,0,23,block_out,0.8091606497764587,0.5936349630355835,448.092041015625,1.1130764484405518
sample_00190,0,27,block_out,0.851601243019104,0.5263551473617554,540.59130859375,1.7030752897262573
sample_00190,0,31,block_out,0.8488457202911377,0.5560659170150757,545.54248046875,3.1070785522460938
sample_00190,0,8,block_out,0.9935246706008911,0.11830347031354904,2.26220703125,0.11560166627168655
sample_00190,16,16,block_out,0.8727442026138306,0.4923851191997528,529.135009765625,0.6141576766967773
sample_00190,16,1,block_out,0.9918512105941772,0.13094621896743774,26.1240234375,0.013223578222095966
sample_00190,16,23,block_out,0.7561671137809753,0.6708866953849792,763.4686279296875,1.204941749572754
sample_00190,16,27,block_out,0.7960328459739685,0.6139377355575562,930.0023193359375,1.93986976146698
sample_00190,16,31,block_out,0.7395257353782654,0.7268806099891663,658.9932250976562,3.7489829063415527
sample_00190,16,8,block_out,0.981275737285614,0.19713345170021057,216.3446807861328,0.13972942531108856
sample_00190,32,16,block_out,0.8547656536102295,0.5256661176681519,581.9556884765625,0.6544047594070435
sample_00190,32,1,block_out,0.9845526218414307,0.1776057928800583,24.7587890625,0.022586969658732414
sample_00190,32,23,block_out,0.7229403257369995,0.71348637342453,898.03857421875,1.2720038890838623
sample_00190,32,27,block_out,0.7479291558265686,0.6783916354179382,1064.376953125,2.106580972671509
sample_00190,32,31,block_out,0.6850131154060364,0.8032413125038147,465.75762939453125,4.048759937286377
sample_00190,32,8,block_out,0.976183295249939,0.22384363412857056,214.65380859375,0.1563556045293808
sample_00190,4,16,block_out,0.9067822694778442,0.42258110642433167,347.068115234375,0.5920695066452026
sample_00190,4,1,block_out,0.9975335001945496,0.07662483304738998,22.912109375,0.005487510468810797
sample_00190,4,23,block_out,0.7957531213760376,0.6136252284049988,603.492919921875,1.1576520204544067
sample_00190,4,27,block_out,0.8327875733375549,0.5585031509399414,729.615966796875,1.811773657798767
sample_00190,4,31,block_out,0.8012843728065491,0.6353851556777954,688.209716796875,3.4101016521453857
sample_00190,4,8,block_out,0.9909385442733765,0.13855983316898346,83.810546875,0.12634465098381042
sample_00190,63,16,block_out,0.8542232513427734,0.5275957584381104,610.8519287109375,0.6093690395355225
sample_00190,63,1,block_out,0.9761070609092712,0.2194591611623764,22.96875,0.034779518842697144
sample_00190,63,23,block_out,0.7452525496482849,0.6843746900558472,909.5252685546875,1.2053017616271973
sample_00190,63,27,block_out,0.7947660684585571,0.6155474781990051,1068.7781982421875,1.8595502376556396
sample_00190,63,31,block_out,0.7628607749938965,0.6890178322792053,607.262939453125,3.2691681385040283
sample_00190,63,8,block_out,0.9705535769462585,0.25087887048721313,152.00128173828125,0.16088619828224182
sample_00191,0,16,block_out,0.9209003448486328,0.39051392674446106,231.40087890625,0.551156222820282
sample_00191,0,1,block_out,1.0004996061325073,0.0005602054297924042,0.041015625,0.00017985751037485898
sample_00191,0,23,block_out,0.8164355158805847,0.5823851823806763,395.7275390625,1.0887517929077148
sample_00191,0,27,block_out,0.8563880920410156,0.5183077454566956,465.20947265625,1.6783941984176636
sample_00191,0,31,block_out,0.8564680814743042,0.5410890579223633,521.47509765625,3.038586378097534
sample_00191,0,8,block_out,0.9937500357627869,0.11640681326389313,2.607513427734375,0.1139243096113205
sample_00191,16,16,block_out,0.873899519443512,0.49025577306747437,551.2841796875,0.6029462814331055
sample_00191,16,1,block_out,0.9915326833724976,0.13345417380332947,25.8994140625,0.0137478057295084
sample_00191,16,23,block_out,0.7546884417533875,0.6713797450065613,754.720703125,1.1969456672668457
sample_00191,16,27,block_out,0.7930017113685608,0.6185474991798401,911.658447265625,1.9390441179275513
sample_00191,16,31,block_out,0.7292578220367432,0.7426366806030273,481.52545166015625,3.7960433959960938
sample_00191,16,8,block_out,0.9822469353675842,0.19256305694580078,210.10650634765625,0.13874241709709167
sample_00191,32,16,block_out,0.8658556342124939,0.5067130327224731,561.85546875,0.6333277225494385
sample_00191,32,1,block_out,0.9860109090805054,0.16936050355434418,24.5634765625,0.022208593785762787
sample_00191,32,23,block_out,0.7372525930404663,0.6966967582702637,761.0318603515625,1.2552344799041748
sample_00191,32,27,block_out,0.7742916345596313,0.6430895924568176,911.75634765625,2.0088906288146973
sample_00191,32,31,block_out,0.6988113522529602,0.7741323113441467,472.89849853515625,3.880478620529175
sample_00191,32,8,block_out,0.9782977104187012,0.2128000110387802,156.723876953125,0.15162162482738495
sample_00191,4,16,block_out,0.8915444612503052,0.4546850323677063,555.4248046875,0.5819951891899109
sample_00191,4,1,block_out,0.996978759765625,0.08374490588903427,22.85595703125,0.0063245221972465515
sample_00191,4,23,block_out,0.7749021649360657,0.6428133845329285,765.099853515625,1.1579183340072632
sample_00191,4,27,block_out,0.8138097524642944,0.5880962610244751,924.244873046875,1.866154432296753
sample_00191,4,31,block_out,0.7691236734390259,0.6900611519813538,478.07568359375,3.6278157234191895
sample_00191,4,8,block_out,0.990807294845581,0.13963478803634644,93.7568359375,0.12549865245819092
sample_00191,63,16,block_out,0.8677442669868469,0.5018753409385681,583.74951171875,0.597500741481781
sample_00191,63,1,block_out,0.9755866527557373,0.22173431515693665,26.866653442382812,0.035233836621046066
sample_00191,63,23,block_out,0.7740596532821655,0.645865261554718,893.385986328125,1.1460751295089722
sample_00191,63,27,block_out,0.8193213939666748,0.5835583209991455,1048.465087890625,1.764174461364746
sample_00191,63,31,block_out,0.7721039652824402,0.6692664623260498,564.4192504882812,3.1667590141296387
sample_00191,63,8,block_out,0.972002387046814,0.24449053406715393,138.1409912109375,0.1611018031835556
sample_00192,0,16,block_out,0.9183503985404968,0.39646100997924805,241.91455078125,0.5582510232925415
sample_00192,0,1,block_out,1.0004568099975586,0.0005210830131545663,0.029296875,0.0001714242243906483
sample_00192,0,23,block_out,0.8046208024024963,0.5995119214057922,425.01361083984375,1.1144009828567505
sample_00192,0,27,block_out,0.8480710387229919,0.5330199003219604,502.35931396484375,1.6911242008209229
sample_00192,0,31,block_out,0.8478637933731079,0.5638285875320435,534.333984375,3.1135785579681396
sample_00192,0,8,block_out,0.9938991069793701,0.11478178948163986,2.28216552734375,0.11204327642917633
sample_00192,16,16,block_out,0.8811023235321045,0.4749419391155243,589.260498046875,0.5657523274421692
sample_00192,16,1,block_out,0.9987931847572327,0.05709338188171387,21.5634765625,0.0032584858126938343
sample_00192,16,23,block_out,0.7686604857444763,0.6475176811218262,814.2861328125,1.1305711269378662
sample_00192,16,27,block_out,0.8277564644813538,0.5656367540359497,922.9140625,1.7424668073654175
sample_00192,16,31,block_out,0.824468195438385,0.6008442640304565,605.46240234375,3.2400851249694824
sample_00192,16,8,block_out,0.9837348461151123,0.18277506530284882,175.275390625,0.11786074191331863
sample_00192,32,16,block_out,0.8770000338554382,0.4824727475643158,618.805908203125,0.5633726716041565
sample_00192,32,1,block_out,0.9989029169082642,0.054655540734529495,21.0498046875,0.0030714962631464005
sample_00192,32,23,block_out,0.7641813158988953,0.6521396636962891,844.023193359375,1.135548710823059
sample_00192,32,27,block_out,0.8255000114440918,0.5681906938552856,945.058837890625,1.751568078994751
sample_00192,32,31,block_out,0.8216069936752319,0.6051958799362183,685.002685546875,3.186894416809082
sample_00192,32,8,block_out,0.9838728904724121,0.18196097016334534,188.41015625,0.11774010211229324
sample_00192,4,16,block_out,0.8860136866569519,0.46556955575942993,544.927978515625,0.5654709339141846
sample_00192,4,1,block_out,0.9986321330070496,0.06030241772532463,22.03515625,0.0034929881803691387
sample_00192,4,23,block_out,0.7686123847961426,0.6475921869277954,746.685791015625,1.1369386911392212
sample_00192,4,27,block_out,0.8275173902511597,0.5660787224769592,836.042236328125,1.7452634572982788
sample_00192,4,31,block_out,0.8292067050933838,0.5963557958602905,642.1416015625,3.2415144443511963
sample_00192,4,8,block_out,0.9845971465110779,0.1780695915222168,163.86181640625,0.11819975078105927
sample_00192,63,16,block_out,0.8761351704597473,0.48456478118896484,659.078369140625,0.5405034422874451
sample_00192,63,1,block_out,0.9985926747322083,0.059228453785181046,22.828125,0.003121986985206604
sample_00192,63,23,block_out,0.7795255780220032,0.6330037117004395,889.903564453125,1.1211168766021729
sample_00192,63,27,block_out,0.8440994024276733,0.5377114415168762,990.791259765625,1.6652666330337524
sample_00192,63,31,block_out,0.8321444392204285,0.5773552060127258,570.58984375,2.8463356494903564
sample_00192,63,8,block_out,0.9882088899612427,0.15640294551849365,139.458740234375,0.11577445268630981
sample_00193,0,16,block_out,0.9158934950828552,0.40210655331611633,214.716796875,0.570167601108551
sample_00193,0,1,block_out,1.0004544258117676,0.0005302004865370691,0.0322265625,0.00017686151841189712
sample_00193,0,23,block_out,0.8106508255004883,0.5921772718429565,398.87109375,1.103598952293396
sample_00193,0,27,block_out,0.857909619808197,0.5158708095550537,476.186279296875,1.65460205078125
sample_00193,0,31,block_out,0.8642630577087402,0.5259913206100464,507.906982421875,2.95876145362854
sample_00193,0,8,block_out,0.9934273958206177,0.11880085617303848,2.289794921875,0.11485110968351364
sample_00193,16,16,block_out,0.8758255243301392,0.4848290681838989,627.4921875,0.5734993815422058
sample_00193,16,1,block_out,0.9984775185585022,0.062364041805267334,21.9150390625,0.0034816924016922712
sample_00193,16,23,block_out,0.7705032229423523,0.6461251974105835,843.0806884765625,1.1315356492996216
sample_00193,16,27,block_out,0.83155357837677,0.5586255192756653,968.712158203125,1.7269636392593384
sample_00193,16,31,block_out,0.838287889957428,0.5745003819465637,556.4942626953125,3.1269710063934326
sample_00193,16,8,block_out,0.9825373888015747,0.18925131857395172,196.904296875,0.11990814656019211
sample_00193,32,16,block_out,0.8751513361930847,0.48578178882598877,634.2093505859375,0.5709633827209473
sample_00193,32,1,block_out,0.9986599087715149,0.058870356529951096,21.26025390625,0.003218149533495307
sample_00193,32,23,block_out,0.7657745480537415,0.6513344645500183,853.5335693359375,1.1423039436340332
sample_00193,32,27,block_out,0.8263112902641296,0.5663264989852905,980.903564453125,1.7509527206420898
sample_00193,32,31,block_out,0.8237365484237671,0.599642813205719,624.6533203125,3.1796841621398926
sample_00193,32,8,block_out,0.9840821623802185,0.1808396279811859,191.5802001953125,0.11982517689466476
sample_00193,4,16,block_out,0.8820708394050598,0.4730650782585144,593.650146484375,0.5747276544570923
sample_00193,4,1,block_out,0.9982470273971558,0.0663881003856659,22.41943359375,0.0038716280832886696
sample_00193,4,23,block_out,0.7740848064422607,0.6417714953422546,812.4267578125,1.1327605247497559
sample_00193,4,27,block_out,0.8295574188232422,0.5622471570968628,957.504638671875,1.7497893571853638
sample_00193,4,31,block_out,0.8419823050498962,0.5715498328208923,496.6422119140625,3.1984941959381104
sample_00193,4,8,block_out,0.9833781123161316,0.18489891290664673,183.2373046875,0.12035617977380753
sample_00193,63,16,block_out,0.8805103302001953,0.475536048412323,486.92156982421875,0.5446093082427979
sample_00193,63,1,block_out,0.999550461769104,0.03981361538171768,25.46044921875,0.001656623207964003
sample_00193,63,23,block_out,0.7704915404319763,0.64720618724823,859.607666015625,1.1116836071014404
sample_00193,63,27,block_out,0.837196409702301,0.5499526858329773,1028.868408203125,1.6597355604171753
sample_00193,63,31,block_out,0.8245348334312439,0.5888600945472717,609.577392578125,2.934586524963379
sample_00193,63,8,block_out,0.9901477694511414,0.1434003859758377,120.74043273925781,0.11866395175457001
sample_00194,0,16,block_out,0.918894350528717,0.39522647857666016,266.02294921875,0.5602291822433472
sample_00194,0,1,block_out,1.0004656314849854,0.0005333909066393971,0.0322265625,0.00017586791364010423
sample_00194,0,23,block_out,0.8150542974472046,0.5850778818130493,404.5960693359375,1.0901275873184204
sample_00194,0,27,block_out,0.8621066212654114,0.5084875226020813,465.5950927734375,1.6401327848434448
sample_00194,0,31,block_out,0.86617511510849,0.5225763320922852,501.9271240234375,2.922285795211792
sample_00194,0,8,block_out,0.993514895439148,0.11810903996229172,2.2960205078125,0.11454553157091141
sample_00194,16,16,block_out,0.8623907566070557,0.5102822780609131,610.3125,0.6134095191955566
sample_00194,16,1,block_out,0.9915754795074463,0.13283976912498474,25.224609375,0.013702922500669956
sample_00194,16,23,block_out,0.7357231378555298,0.6954039335250854,814.14453125,1.1965599060058594
sample_00194,16,27,block_out,0.7916797399520874,0.6205393671989441,989.7603759765625,1.902707815170288
sample_00194,16,31,block_out,0.7621676921844482,0.6954932808876038,583.837646484375,3.596031904220581
sample_00194,16,8,block_out,0.9798838496208191,0.20348526537418365,195.63525390625,0.14070440828800201
sample_00194,32,16,block_out,0.8513196706771851,0.531462550163269,655.1036987304688,0.6322402358055115
sample_00194,32,1,block_out,0.9841850996017456,0.17943474650382996,23.923828125,0.023638751357793808
sample_00194,32,23,block_out,0.7213120460510254,0.7149637341499329,863.1798706054688,1.2382014989852905
sample_00194,32,27,block_out,0.770694375038147,0.6491641402244568,1027.915771484375,1.9963618516921997
sample_00194,32,31,block_out,0.7129513025283813,0.75779128074646,670.260986328125,3.7956368923187256
sample_00194,32,8,block_out,0.9742875099182129,0.23029637336730957,203.707275390625,0.15507712960243225
sample_00194,4,16,block_out,0.8832212686538696,0.47090044617652893,574.980712890625,0.5803273320198059
sample_00194,4,1,block_out,0.9976084232330322,0.07540015131235123,23.09521484375,0.004991066176444292
sample_00194,4,23,block_out,0.7724065184593201,0.64496248960495,781.966064453125,1.143136739730835
sample_00194,4,27,block_out,0.8276585340499878,0.5658104419708252,909.071533203125,1.780410885810852
sample_00194,4,31,block_out,0.8187618851661682,0.6071534752845764,719.6396484375,3.273080348968506
sample_00194,4,8,block_out,0.983157217502594,0.1859959363937378,174.0361328125,0.12478815019130707
sample_00194,63,16,block_out,0.8563928604125977,0.526665210723877,495.72930908203125,0.6118513345718384
sample_00194,63,1,block_out,0.9749661087989807,0.22443023324012756,22.265625,0.03752300143241882
sample_00194,63,23,block_out,0.7608656883239746,0.6662867069244385,625.3291625976562,1.1927746534347534
sample_00194,63,27,block_out,0.8032559156417847,0.6047738790512085,717.8208618164062,1.8581629991531372
sample_00194,63,31,block_out,0.7544279098510742,0.6925366520881653,653.96630859375,3.323150396347046
sample_00194,63,8,block_out,0.9731374979019165,0.23759935796260834,143.47772216796875,0.1665373593568802
sample_00195,0,16,block_out,0.9194340109825134,0.39390847086906433,233.9013671875,0.5419647693634033
sample_00195,0,1,block_out,1.0003992319107056,0.00056548131396994,0.04248046875,0.00018707520212046802
sample_00195,0,23,block_out,0.8110355138778687,0.5882235765457153,382.08056640625,1.1028281450271606
sample_00195,0,27,block_out,0.8683355450630188,0.4964538812637329,443.26611328125,1.5984989404678345
sample_00195,0,31,block_out,0.8776406049728394,0.49923259019851685,486.681640625,2.9012956619262695
sample_00195,0,8,block_out,0.994278073310852,0.11082767695188522,3.2583160400390625,0.10736040771007538
sample_00195,16,16,block_out,0.8668457865715027,0.500054121017456,676.569580078125,0.5484087467193604
sample_00195,16,1,block_out,0.9983997941017151,0.0628371462225914,20.2353515625,0.0039030974730849266
sample_00195,16,23,block_out,0.7595396637916565,0.657062828540802,930.296630859375,1.1309211254119873
sample_00195,16,27,block_out,0.831598162651062,0.5577430725097656,1089.364501953125,1.7083990573883057
sample_00195,16,31,block_out,0.8473886847496033,0.5574566125869751,470.289794921875,3.136477470397949
sample_00195,16,8,block_out,0.9905612468719482,0.1402868777513504,107.542236328125,0.11329494416713715
sample_00195,32,16,block_out,0.9169533848762512,0.39961451292037964,234.230712890625,0.5458164811134338
sample_00195,32,1,block_out,0.998572051525116,0.05952341482043266,19.806640625,0.003654853207990527
sample_00195,32,23,block_out,0.8050346374511719,0.5953866839408875,380.270751953125,1.1442679166793823
sample_00195,32,27,block_out,0.8439951539039612,0.5375000238418579,447.1181640625,1.7558848857879639
sample_00195,32,31,block_out,0.8241239786148071,0.5997446775436401,483.311767578125,3.23935866355896
sample_00195,32,8,block_out,0.9923413395881653,0.12685538828372955,69.738037109375,0.11387792974710464
sample_00195,4,16,block_out,0.8748350143432617,0.485690712928772,620.849365234375,0.5492305159568787
sample_00195,4,1,block_out,0.9980113506317139,0.06894791126251221,21.13818359375,0.004514047410339117
sample_00195,4,23,block_out,0.7580618262290955,0.6594439148902893,845.5794067382812,1.151265025138855
sample_00195,4,27,block_out,0.8315611481666565,0.5571644902229309,995.176025390625,1.7371023893356323
sample_00195,4,31,block_out,0.8498574495315552,0.5544630885124207,473.9404296875,3.2073607444763184
sample_00195,4,8,block_out,0.99006187915802,0.1438014805316925,97.54986572265625,0.1136203184723854
sample_00195,63,16,block_out,0.9249280095100403,0.3813031017780304,233.63623046875,0.5114225745201111
sample_00195,63,1,block_out,0.9993720054626465,0.0433400496840477,19.013671875,0.0025081986095756292
sample_00195,63,23,block_out,0.8378142714500427,0.5467296242713928,445.3974609375,1.064325213432312
sample_00195,63,27,block_out,0.8786103129386902,0.47782355546951294,536.35986328125,1.5636652708053589
sample_00195,63,31,block_out,0.8553041815757751,0.5345075726509094,500.05712890625,2.6938154697418213
sample_00195,63,8,block_out,0.9937859773635864,0.1149531677365303,19.531097412109375,0.11202411353588104
sample_00196,0,16,block_out,0.9162703156471252,0.401185005903244,246.0716552734375,0.5475529432296753
sample_00196,0,1,block_out,1.0003994703292847,0.0005478564416989684,0.03125,0.0001882770302472636
sample_00196,0,23,block_out,0.8009803295135498,0.6025691032409668,490.8074951171875,1.1163523197174072
sample_00196,0,27,block_out,0.8593595623970032,0.5124572515487671,599.9940185546875,1.6348745822906494
sample_00196,0,31,block_out,0.8716813921928406,0.5167844295501709,488.8572998046875,2.9491560459136963
sample_00196,0,8,block_out,0.9941461086273193,0.1119723692536354,3.320648193359375,0.10843764245510101
sample_00196,16,16,block_out,0.8519127368927002,0.5272601246833801,635.77197265625,0.6051647663116455
sample_00196,16,1,block_out,0.9907979965209961,0.13810591399669647,25.166015625,0.015863917768001556
sample_00196,16,23,block_out,0.7398197650909424,0.6863358020782471,871.588623046875,1.1980445384979248
sample_00196,16,27,block_out,0.7997976541519165,0.6060197353363037,1045.2734375,1.880391240119934
sample_00196,16,31,block_out,0.7755901217460632,0.6723510026931763,677.4523315429688,3.6171135902404785
sample_00196,16,8,block_out,0.9786590337753296,0.20988792181015015,209.62725830078125,0.13962511718273163
sample_00196,32,16,block_out,0.8456757068634033,0.5399066209793091,525.28955078125,0.6293177008628845
sample_00196,32,1,block_out,0.980283260345459,0.1993453949689865,23.671875,0.029192812740802765
sample_00196,32,23,block_out,0.7194840908050537,0.7128106355667114,832.063720703125,1.2515130043029785
sample_00196,32,27,block_out,0.7702019810676575,0.6475284099578857,991.045654296875,1.9974874258041382
sample_00196,32,31,block_out,0.7138949632644653,0.7574875354766846,547.3369140625,3.874413251876831
sample_00196,32,8,block_out,0.9740679264068604,0.23225508630275726,200.4876708984375,0.15803252160549164
sample_00196,4,16,block_out,0.8761441707611084,0.48337316513061523,609.9063110351562,0.5536026954650879
sample_00196,4,1,block_out,0.9979977607727051,0.06915996223688126,21.009765625,0.00450411019846797
sample_00196,4,23,block_out,0.758482813835144,0.6598794460296631,834.716064453125,1.1617674827575684
sample_00196,4,27,block_out,0.825091540813446,0.5675758123397827,981.185302734375,1.7739027738571167
sample_00196,4,31,block_out,0.8415205478668213,0.5703038573265076,469.55517578125,3.2720212936401367
sample_00196,4,8,block_out,0.9888027906417847,0.15232151746749878,121.432861328125,0.11480163782835007
sample_00196,63,16,block_out,0.8434684872627258,0.5466832518577576,480.4912109375,0.6125621795654297
sample_00196,63,1,block_out,0.9727585315704346,0.23338454961776733,21.81640625,0.04401727765798569
sample_00196,63,23,block_out,0.7367430925369263,0.692272961139679,755.6353759765625,1.234468698501587
sample_00196,63,27,block_out,0.781276285648346,0.6331554055213928,899.0201416015625,1.9346626996994019
sample_00196,63,31,block_out,0.7367837429046631,0.7169930338859558,522.821533203125,3.4770290851593018
sample_00196,63,8,block_out,0.9660541415214539,0.2691340148448944,170.47886657714844,0.168251633644104
sample_00197,0,16,block_out,0.9177163243293762,0.3978594243526459,226.56884765625,0.5454609990119934
sample_00197,0,1,block_out,1.0003999471664429,0.0005526359309442341,0.033203125,0.00018761309911496937
sample_00197,0,23,block_out,0.812366783618927,0.5868746042251587,383.94482421875,1.0915625095367432
sample_00197,0,27,block_out,0.8697716593742371,0.4944378733634949,451.052001953125,1.5892579555511475
sample_00197,0,31,block_out,0.8776055574417114,0.5062062740325928,492.895751953125,2.885601282119751
sample_00197,0,8,block_out,0.9939851760864258,0.11330891400575638,3.35784912109375,0.10842747986316681
sample_00197,16,16,block_out,0.9128910899162292,0.4086436927318573,231.91943359375,0.5510647892951965
sample_00197,16,1,block_out,0.9984034895896912,0.06271427124738693,20.0458984375,0.003938133362680674
sample_00197,16,23,block_out,0.8088666796684265,0.5914196968078613,406.89794921875,1.1203866004943848
sample_00197,16,27,block_out,0.8603700995445251,0.5106390118598938,476.869873046875,1.6668980121612549
sample_00197,16,31,block_out,0.8574650883674622,0.540075957775116,507.49462890625,3.0114972591400146
sample_00197,16,8,block_out,0.9910597801208496,0.13662700355052948,90.57620239257812,0.11449869722127914
sample_00197,32,16,block_out,0.9154492616653442,0.40300485491752625,244.919921875,0.546505868434906
sample_00197,32,1,block_out,0.9985463619232178,0.059881746768951416,19.681640625,0.003708732081577182
sample_00197,32,23,block_out,0.8095741868019104,0.589581310749054,397.209228515625,1.1253567934036255
sample_00197,32,27,block_out,0.8512916564941406,0.5261638164520264,468.700927734375,1.7226327657699585
sample_00197,32,31,block_out,0.8322668075561523,0.589124858379364,502.1414794921875,3.199213981628418
sample_00197,32,8,block_out,0.9909846186637878,0.1370304673910141,92.727783203125,0.11547227203845978
sample_00197,4,16,block_out,0.8831941485404968,0.46997296810150146,472.478515625,0.5530814528465271
sample_00197,4,1,block_out,0.9979665875434875,0.06964177638292313,20.9443359375,0.004646685905754566
sample_00197,4,23,block_out,0.7718790769577026,0.642285943031311,667.905517578125,1.1374059915542603
sample_00197,4,27,block_out,0.8412573337554932,0.5422656536102295,791.618408203125,1.702378511428833
sample_00197,4,31,block_out,0.851442277431488,0.5557501912117004,525.5372314453125,3.1370418071746826
sample_00197,4,8,block_out,0.988070011138916,0.15704739093780518,133.86669921875,0.11458933353424072
sample_00197,63,16,block_out,0.9237235188484192,0.38407102227211,228.3515625,0.5187534689903259
sample_00197,63,1,block_out,0.9993503093719482,0.043477367609739304,18.91748046875,0.0024701200891286135
sample_00197,63,23,block_out,0.830642580986023,0.5583577156066895,384.7841796875,1.094393253326416
sample_00197,63,27,block_out,0.8697659373283386,0.49398213624954224,445.5927734375,1.61750066280365
sample_00197,63,31,block_out,0.8410741686820984,0.5599787831306458,475.328125,2.7985997200012207
sample_00197,63,8,block_out,0.9936653971672058,0.11591736972332001,18.165569305419922,0.11234388500452042
sample_00198,0,16,block_out,0.9192981719970703,0.3940839171409607,246.5517578125,0.5477105975151062
sample_00198,0,1,block_out,1.0004117488861084,0.0005479707033373415,0.0302734375,0.00018240787903778255
sample_00198,0,23,block_out,0.8149806261062622,0.58319491147995,387.81494140625,1.0997024774551392
sample_00198,0,27,block_out,0.8720488548278809,0.4906357526779175,449.9859619140625,1.5832871198654175
sample_00198,0,31,block_out,0.8793103694915771,0.5055547952651978,490.0577392578125,2.8838932514190674
sample_00198,0,8,block_out,0.9938408732414246,0.11461257934570312,3.40777587890625,0.10993948578834534
sample_00198,16,16,block_out,0.8763715624809265,0.4831186830997467,582.3802490234375,0.5569579601287842
sample_00198,16,1,block_out,0.9983503818511963,0.06370597332715988,21.10791015625,0.0039845602586865425
sample_00198,16,23,block_out,0.7738741040229797,0.640037477016449,771.9559326171875,1.127344012260437
sample_00198,16,27,block_out,0.8435890078544617,0.5394579768180847,897.7083740234375,1.6746476888656616
sample_00198,16,31,block_out,0.8521612882614136,0.557377278804779,472.88916015625,3.089449882507324
sample_00198,16,8,block_out,0.9805687665939331,0.19884850084781647,202.592041015625,0.11606382578611374
sample_00198,32,16,block_out,0.8735432028770447,0.4886007308959961,608.9166259765625,0.5570400357246399
sample_00198,32,1,block_out,0.99851393699646,0.060546983033418655,20.5263671875,0.003633198793977499
sample_00198,32,23,block_out,0.7679477334022522,0.6480513215065002,822.6573486328125,1.139479637145996
sample_00198,32,27,block_out,0.835056722164154,0.5531052947044373,965.2703857421875,1.717586874961853
sample_00198,32,31,block_out,0.8341602087020874,0.5875664353370667,487.159912109375,3.1574559211730957
sample_00198,32,8,block_out,0.9810680747032166,0.19618189334869385,207.438720703125,0.11694687604904175
sample_00198,4,16,block_out,0.8782342076301575,0.4795404374599457,531.764404296875,0.5565881729125977
sample_00198,4,1,block_out,0.9980020523071289,0.06915531307458878,21.5224609375,0.004399463068693876
sample_00198,4,23,block_out,0.7647799849510193,0.6516153812408447,685.943359375,1.1310536861419678
sample_00198,4,27,block_out,0.8422032594680786,0.5414826273918152,797.19921875,1.6596676111221313
sample_00198,4,31,block_out,0.861835241317749,0.5417057275772095,469.30908203125,3.0901436805725098
sample_00198,4,8,block_out,0.9810715913772583,0.19645079970359802,188.79638671875,0.11678637564182281
sample_00198,63,16,block_out,0.8642283082008362,0.5046285390853882,479.3720703125,0.554516613483429
sample_00198,63,1,block_out,0.9976252913475037,0.07321447134017944,24.3863525390625,0.004866768606007099
sample_00198,63,23,block_out,0.7573954463005066,0.6629945039749146,809.8854370117188,1.144710659980774
sample_00198,63,27,block_out,0.8229160904884338,0.5727457404136658,966.370849609375,1.732934594154358
sample_00198,63,31,block_out,0.8157740831375122,0.6055117249488831,541.194091796875,3.042799472808838
sample_00198,63,8,block_out,0.9865548014640808,0.16590863466262817,154.2407989501953,0.12066489458084106
sample_00199,0,16,block_out,0.920215368270874,0.3919544219970703,238.743408203125,0.5440028309822083
sample_00199,0,1,block_out,1.0004395246505737,0.0005338290939107537,0.03515625,0.00017706734070088714
sample_00199,0,23,block_out,0.8179469108581543,0.5784919261932373,389.5234375,1.0880541801452637
sample_00199,0,27,block_out,0.8774991631507874,0.48003318905830383,452.7861328125,1.5644155740737915
sample_00199,0,31,block_out,0.8863054513931274,0.4856306314468384,496.1328125,2.8075406551361084
sample_00199,0,8,block_out,0.994084894657135,0.11272910982370377,3.34661865234375,0.10933886468410492
sample_00199,16,16,block_out,0.862993061542511,0.5081405639648438,520.2205810546875,0.6022325754165649
sample_00199,16,1,block_out,0.9894847869873047,0.1474906951189041,25.341796875,0.017158476635813713
sample_00199,16,23,block_out,0.7508381009101868,0.6722546815872192,623.46728515625,1.195177674293518
sample_00199,16,27,block_out,0.8073170185089111,0.5955125689506531,754.62255859375,1.866389274597168
sample_00199,16,31,block_out,0.7663337588310242,0.6974901556968689,692.470458984375,3.665194272994995
sample_00199,16,8,block_out,0.9701653122901917,0.24736349284648895,241.856689453125,0.14036038517951965
sample_00199,32,16,block_out,0.8560103178024292,0.521772027015686,546.6402587890625,0.6269978880882263
sample_00199,32,1,block_out,0.979322075843811,0.20419016480445862,23.9033203125,0.029046207666397095
sample_00199,32,23,block_out,0.742782473564148,0.6862942576408386,680.272705078125,1.2318931818008423
sample_00199,32,27,block_out,0.7826963663101196,0.6318262815475464,806.729736328125,1.9850976467132568
sample_00199,32,31,block_out,0.7233082056045532,0.7519649267196655,485.9794921875,3.88537859916687
sample_00199,32,8,block_out,0.9633368253707886,0.2751109004020691,226.4722900390625,0.15938034653663635
sample_00199,4,16,block_out,0.8723939061164856,0.4904814064502716,494.60601806640625,0.5690180063247681
sample_00199,4,1,block_out,0.9963663220405579,0.09009145200252533,22.95166015625,0.006946018431335688
sample_00199,4,23,block_out,0.7495638132095337,0.6716371178627014,693.268798828125,1.151353359222412
sample_00199,4,27,block_out,0.8263055682182312,0.566210150718689,845.0411376953125,1.74049973487854
sample_00199,4,31,block_out,0.8284953236579895,0.6072101593017578,646.6134643554688,3.3066353797912598
sample_00199,4,8,block_out,0.9822931289672852,0.19015352427959442,186.79150390625,0.12000539153814316
sample_00199,63,16,block_out,0.8511266708374023,0.5305098295211792,446.8287353515625,0.6195129156112671
sample_00199,63,1,block_out,0.9727027416229248,0.2336788773536682,26.3223876953125,0.04285566881299019
sample_00199,63,23,block_out,0.7445202469825745,0.6813302040100098,555.6103515625,1.228214979171753
sample_00199,63,27,block_out,0.794185221195221,0.616021990776062,653.0771484375,1.888083577156067
sample_00199,63,31,block_out,0.7439708113670349,0.715081512928009,505.426025390625,3.468196392059326
sample_00199,63,8,block_out,0.9660415053367615,0.2669532001018524,162.821044921875,0.16631175577640533
sample_00200,0,16,block_out,0.9126104116439819,0.4092765748500824,210.75390625,0.5849804878234863
sample_00200,0,1,block_out,1.0004005432128906,0.0005547989276237786,0.0380859375,0.00018435175297781825
sample_00200,0,23,block_out,0.8027023673057556,0.6018896698951721,354.153564453125,1.1262273788452148
sample_00200,0,27,block_out,0.8532177209854126,0.5219650864601135,420.0975341796875,1.692624807357788
sample_00200,0,31,block_out,0.8653425574302673,0.5224961042404175,456.2049560546875,3.086534023284912
sample_00200,0,8,block_out,0.9936013221740723,0.11683471500873566,3.255859375,0.11402225494384766
sample_00200,16,16,block_out,0.8548485040664673,0.5231688022613525,532.68701171875,0.6454468965530396
sample_00200,16,1,block_out,0.9891095161437988,0.14979058504104614,25.2490234375,0.017849041149020195
sample_00200,16,23,block_out,0.7306140661239624,0.7011598944664001,865.98095703125,1.22231125831604
sample_00200,16,27,block_out,0.786853551864624,0.62479567527771,1036.291015625,1.9350483417510986
sample_00200,16,31,block_out,0.7617180347442627,0.6938965320587158,539.827392578125,3.743166208267212
sample_00200,16,8,block_out,0.9792853593826294,0.20720788836479187,205.3536376953125,0.14576762914657593
sample_00200,32,16,block_out,0.8512634038925171,0.5301252007484436,525.5400390625,0.6617739796638489
sample_00200,32,1,block_out,0.9817712903022766,0.1919565200805664,23.802734375,0.02847820334136486
sample_00200,32,23,block_out,0.7248893976211548,0.709175705909729,880.5205078125,1.2567719221115112
sample_00200,32,27,block_out,0.771119236946106,0.6460334062576294,1053.142822265625,2.001277208328247
sample_00200,32,31,block_out,0.718906819820404,0.748771071434021,555.066650390625,3.885115623474121
sample_00200,32,8,block_out,0.9747958183288574,0.2285875678062439,141.86083984375,0.16138342022895813
sample_00200,4,16,block_out,0.8676117062568665,0.4998456537723541,612.91064453125,0.6143011450767517
sample_00200,4,1,block_out,0.9961749315261841,0.09176967293024063,21.74462890625,0.007064587902277708
sample_00200,4,23,block_out,0.752012312412262,0.6714690327644348,847.6513671875,1.1614458560943604
sample_00200,4,27,block_out,0.8218820095062256,0.5726596713066101,985.89599609375,1.7714624404907227
sample_00200,4,31,block_out,0.8265910744667053,0.5942040681838989,595.65625,3.304866075515747
sample_00200,4,8,block_out,0.9899387359619141,0.14467549324035645,103.26318359375,0.1251641809940338
sample_00200,63,16,block_out,0.8474744558334351,0.5370537638664246,506.6800537109375,0.6584593057632446
sample_00200,63,1,block_out,0.9704980850219727,0.24258650839328766,26.08563232421875,0.044500093907117844
sample_00200,63,23,block_out,0.7324603199958801,0.7018612623214722,828.1990966796875,1.2632875442504883
sample_00200,63,27,block_out,0.7754684090614319,0.6453520059585571,991.3846435546875,1.956450343132019
sample_00200,63,31,block_out,0.7331193089485168,0.7206488251686096,548.0760498046875,3.5708985328674316
sample_00200,63,8,block_out,0.9667161703109741,0.2672465145587921,137.1072998046875,0.17699985206127167
sample_00201,0,16,block_out,0.9151737689971924,0.40377840399742126,220.736083984375,0.5729317665100098
sample_00201,0,1,block_out,1.0004452466964722,0.0005389772122725844,0.0390625,0.00018033006926998496
sample_00201,0,23,block_out,0.8027297258377075,0.6023710370063782,361.1572265625,1.1359745264053345
sample_00201,0,27,block_out,0.8651354908943176,0.502004086971283,431.80859375,1.6466941833496094
sample_00201,0,31,block_out,0.8776519894599915,0.5007844567298889,465.784423828125,2.9669480323791504
sample_00201,0,8,block_out,0.9940385222434998,0.11349551379680634,3.41943359375,0.10961100459098816
sample_00201,16,16,block_out,0.8654077649116516,0.5028883814811707,634.28076171875,0.5782102942466736
sample_00201,16,1,block_out,0.9984573125839233,0.06250954419374466,21.6396484375,0.0036053715739399195
sample_00201,16,23,block_out,0.7507911324501038,0.6717692613601685,843.7380981445312,1.1623579263687134
sample_00201,16,27,block_out,0.8298698663711548,0.5607444047927856,984.462646484375,1.7458497285842896
sample_00201,16,31,block_out,0.8500822186470032,0.5510228276252747,693.7403564453125,3.118379592895508
sample_00201,16,8,block_out,0.9767189025878906,0.2175765335559845,229.90576171875,0.11641693115234375
sample_00201,32,16,block_out,0.866197943687439,0.5013881921768188,661.6287841796875,0.5751837491989136
sample_00201,32,1,block_out,0.9986222386360168,0.059356797486543655,21.04345703125,0.0033759931102395058
sample_00201,32,23,block_out,0.7489421367645264,0.6737043261528015,887.398681640625,1.1779707670211792
sample_00201,32,27,block_out,0.8264084458351135,0.5659195780754089,1020.587890625,1.7701581716537476
sample_00201,32,31,block_out,0.8354057669639587,0.5748111009597778,597.4158935546875,3.2043347358703613
sample_00201,32,8,block_out,0.9778244495391846,0.21245719492435455,229.9295654296875,0.11655877530574799
sample_00201,4,16,block_out,0.860811710357666,0.5111765265464783,637.222412109375,0.5796589851379395
sample_00201,4,1,block_out,0.998131275177002,0.06783027946949005,22.146484375,0.00404878705739975
sample_00201,4,23,block_out,0.7374891042709351,0.6889392733573914,864.285400390625,1.169168472290039
sample_00201,4,27,block_out,0.8255770802497864,0.5667368769645691,1009.304443359375,1.7458951473236084
sample_00201,4,31,block_out,0.8547730445861816,0.5459617972373962,667.96923828125,3.1626362800598145
sample_00201,4,8,block_out,0.9768415093421936,0.21706418693065643,215.41552734375,0.11638729274272919
sample_00201,63,16,block_out,0.8668392896652222,0.500260055065155,694.403076171875,0.5612589716911316
sample_00201,63,1,block_out,0.9995472431182861,0.039932992309331894,25.174072265625,0.0017213438404724002
sample_00201,63,23,block_out,0.7577832341194153,0.6650959253311157,1031.7918701171875,1.170630931854248
sample_00201,63,27,block_out,0.836440920829773,0.5500436425209045,1158.8787841796875,1.6884821653366089
sample_00201,63,31,block_out,0.8409287929534912,0.5535919070243835,536.5887451171875,2.948608160018921
sample_00201,63,8,block_out,0.9835460186004639,0.18347610533237457,203.198486328125,0.11992175877094269
sample_00202,0,16,block_out,0.9118378162384033,0.411068320274353,272.3662109375,0.5823657512664795
sample_00202,0,1,block_out,1.0004099607467651,0.0005484768189489841,0.0322265625,0.00018425167945679277
sample_00202,0,23,block_out,0.7966734766960144,0.6104821562767029,417.8072509765625,1.1436184644699097
sample_00202,0,27,block_out,0.8526976108551025,0.523080050945282,483.688720703125,1.679199457168579
sample_00202,0,31,block_out,0.8717952966690063,0.5122633576393127,508.956298828125,3.055614471435547
sample_00202,0,8,block_out,0.9937795400619507,0.11538342386484146,3.278564453125,0.11240833252668381
sample_00202,16,16,block_out,0.8491053581237793,0.5320150256156921,633.734130859375,0.64132159948349
sample_00202,16,1,block_out,0.9908432960510254,0.1378679871559143,25.1123046875,0.0157192200422287
sample_00202,16,23,block_out,0.7263878583908081,0.7069903612136841,872.4658203125,1.2307466268539429
sample_00202,16,27,block_out,0.7838044166564941,0.6307023763656616,1069.79296875,1.9446063041687012
sample_00202,16,31,block_out,0.7654072642326355,0.6884891390800476,455.38330078125,3.7713170051574707
sample_00202,16,8,block_out,0.9800470471382141,0.20326121151447296,200.870849609375,0.14313359558582306
sample_00202,32,16,block_out,0.845801591873169,0.5384358167648315,626.5123901367188,0.6531546115875244
sample_00202,32,1,block_out,0.9830485582351685,0.18528872728347778,23.7119140625,0.02693965658545494
sample_00202,32,23,block_out,0.717870831489563,0.7199850082397461,869.7362670898438,1.2692184448242188
sample_00202,32,27,block_out,0.7637830972671509,0.6566624045372009,1048.3369140625,2.022460699081421
sample_00202,32,31,block_out,0.7322813272476196,0.7304014563560486,460.60528564453125,3.875087261199951
sample_00202,32,8,block_out,0.9750210642814636,0.22786112129688263,136.82684326171875,0.15945592522621155
sample_00202,4,16,block_out,0.8669716715812683,0.500810444355011,599.2194213867188,0.6022137999534607
sample_00202,4,1,block_out,0.9970772862434387,0.08146752417087555,21.30078125,0.005936747882515192
sample_00202,4,23,block_out,0.748523473739624,0.6766892075538635,843.974853515625,1.174458384513855
sample_00202,4,27,block_out,0.8186807632446289,0.5781087279319763,971.605224609375,1.7913429737091064
sample_00202,4,31,block_out,0.8276090621948242,0.5914327502250671,484.4103088378906,3.339986562728882
sample_00202,4,8,block_out,0.988829493522644,0.15239658951759338,113.311279296875,0.12243455648422241
sample_00202,63,16,block_out,0.8430129289627075,0.5430632829666138,635.2920532226562,0.6453266739845276
sample_00202,63,1,block_out,0.9747174978256226,0.22514216601848602,26.0189208984375,0.04162817820906639
sample_00202,63,23,block_out,0.7314043045043945,0.7038525938987732,936.678955078125,1.2521953582763672
sample_00202,63,27,block_out,0.7770794630050659,0.6434993743896484,1113.724365234375,1.9390506744384766
sample_00202,63,31,block_out,0.7377486228942871,0.7112082242965698,503.036865234375,3.560786724090576
sample_00202,63,8,block_out,0.9708215594291687,0.2486884891986847,135.6629638671875,0.16641832888126373
sample_00203,0,16,block_out,0.9131911993026733,0.40811556577682495,233.0263671875,0.5727026462554932
sample_00203,0,1,block_out,1.0003912448883057,0.0005464989226311445,0.0361328125,0.0001848453830461949
sample_00203,0,23,block_out,0.8026233911514282,0.6004907488822937,408.580322265625,1.1132144927978516
sample_00203,0,27,block_out,0.8567315936088562,0.5164324045181274,488.368408203125,1.6591616868972778
sample_00203,0,31,block_out,0.8691621422767639,0.5176463723182678,504.473876953125,3.074160575866699
sample_00203,0,8,block_out,0.9939463138580322,0.11372390389442444,3.3760986328125,0.11031650006771088
sample_00203,16,16,block_out,0.8425475358963013,0.5426679849624634,669.318115234375,0.6320249438285828
sample_00203,16,1,block_out,0.9902688264846802,0.14182984828948975,24.89453125,0.017252348363399506
sample_00203,16,23,block_out,0.7249758243560791,0.7079027891159058,903.91650390625,1.2211987972259521
sample_00203,16,27,block_out,0.7918817400932312,0.6183030605316162,1043.0257568359375,1.913574457168579
sample_00203,16,31,block_out,0.7783739566802979,0.6678792834281921,463.11376953125,3.661226511001587
sample_00203,16,8,block_out,0.9776286482810974,0.21534092724323273,212.047607421875,0.1451415866613388
sample_00203,32,16,block_out,0.8429649472236633,0.5428138375282288,657.1016845703125,0.6450726985931396
sample_00203,32,1,block_out,0.9814540147781372,0.19347529113292694,23.4736328125,0.02930380217730999
sample_00203,32,23,block_out,0.7186911106109619,0.7167943716049194,886.8409423828125,1.2570911645889282
sample_00203,32,27,block_out,0.7704068422317505,0.646480143070221,1059.4344482421875,2.002723455429077
sample_00203,32,31,block_out,0.723681628704071,0.7394618988037109,442.9930419921875,3.900834083557129
sample_00203,32,8,block_out,0.9734551906585693,0.23458231985569,149.50778198242188,0.1607036143541336
sample_00203,4,16,block_out,0.8693561553955078,0.49593445658683777,614.97265625,0.6025724411010742
sample_00203,4,1,block_out,0.9961159825325012,0.09227713197469711,21.28564453125,0.00732195982709527
sample_00203,4,23,block_out,0.7586708068847656,0.6627518534660339,842.397705078125,1.1516085863113403
sample_00203,4,27,block_out,0.8262685537338257,0.566032886505127,974.819091796875,1.762654185295105
sample_00203,4,31,block_out,0.8323796987533569,0.5835826396942139,559.6098022460938,3.2890212535858154
sample_00203,4,8,block_out,0.990864634513855,0.1380324512720108,76.96728515625,0.12219962477684021
sample_00203,63,16,block_out,0.8470941781997681,0.5357943773269653,582.1438598632812,0.6280568838119507
sample_00203,63,1,block_out,0.9714758396148682,0.23870323598384857,26.286590576171875,0.044817786663770676
sample_00203,63,23,block_out,0.7395333051681519,0.6924428939819336,864.8215942382812,1.228094220161438
sample_00203,63,27,block_out,0.7969177961349487,0.6167222261428833,961.179443359375,1.8639583587646484
sample_00203,63,31,block_out,0.7471357583999634,0.7027941346168518,528.9556884765625,3.467904806137085
sample_00203,63,8,block_out,0.9685530066490173,0.25895634293556213,140.0128173828125,0.1715717911720276
sample_00204,0,16,block_out,0.9127004742622375,0.40907177329063416,222.406982421875,0.579850971698761
sample_00204,0,1,block_out,1.0003769397735596,0.0005542237195186317,0.029296875,0.0001888958504423499
sample_00204,0,23,block_out,0.8033650517463684,0.5997895002365112,361.666748046875,1.1247618198394775
sample_00204,0,27,block_out,0.853291928768158,0.522135317325592,422.946044921875,1.6874773502349854
sample_00204,0,31,block_out,0.8648643493652344,0.5226821899414062,464.2286376953125,3.1176135540008545
sample_00204,0,8,block_out,0.9936468601226807,0.11626043170690536,3.429107666015625,0.1129404678940773
sample_00204,16,16,block_out,0.8545582890510559,0.5234326124191284,487.5966796875,0.639731764793396
sample_00204,16,1,block_out,0.989646315574646,0.14604374766349792,24.787109375,0.016999052837491035
sample_00204,16,23,block_out,0.7334510684013367,0.6962872743606567,805.906494140625,1.2191742658615112
sample_00204,16,27,block_out,0.7940211892127991,0.6139359474182129,971.70166015625,1.9126009941101074
sample_00204,16,31,block_out,0.7731634378433228,0.6720736622810364,446.07275390625,3.7007298469543457
sample_00204,16,8,block_out,0.9794462323188782,0.206588476896286,200.420166015625,0.14484450221061707
sample_00204,32,16,block_out,0.8490561246871948,0.5333890318870544,503.064453125,0.6550753116607666
sample_00204,32,1,block_out,0.9818004369735718,0.1916583776473999,23.35546875,0.028865531086921692
sample_00204,32,23,block_out,0.7240097522735596,0.7092120051383972,813.578125,1.2583261728286743
sample_00204,32,27,block_out,0.7713403105735779,0.645591139793396,973.9765625,2.008305311203003
sample_00204,32,31,block_out,0.7209842205047607,0.7426974177360535,473.89306640625,3.897101879119873
sample_00204,32,8,block_out,0.9745771288871765,0.2303503453731537,154.97561645507812,0.16201351583003998
sample_00204,4,16,block_out,0.8610464930534363,0.5114083886146545,620.576171875,0.6023812294006348
sample_00204,4,1,block_out,0.9967917203903198,0.08455997705459595,21.5498046875,0.006315088365226984
sample_00204,4,23,block_out,0.7508671283721924,0.6721221804618835,864.356201171875,1.1498990058898926
sample_00204,4,27,block_out,0.827594518661499,0.5637333393096924,990.8524169921875,1.7364580631256104
sample_00204,4,31,block_out,0.8467428088188171,0.5562929511070251,467.32366943359375,3.1991734504699707
sample_00204,4,8,block_out,0.9888081550598145,0.15231862664222717,101.2373046875,0.12358222156763077
sample_00204,63,16,block_out,0.8456716537475586,0.5396890640258789,458.5341796875,0.6522042155265808
sample_00204,63,1,block_out,0.9686351418495178,0.2498263418674469,25.7025146484375,0.047366127371788025
sample_00204,63,23,block_out,0.7286502718925476,0.7051773071289062,735.02978515625,1.2753310203552246
sample_00204,63,27,block_out,0.7756558656692505,0.6425158977508545,884.16650390625,1.9763188362121582
sample_00204,63,31,block_out,0.7208307981491089,0.7354843616485596,474.617431640625,3.682375431060791
sample_00204,63,8,block_out,0.9657871723175049,0.2701912522315979,148.301513671875,0.174637109041214
sample_00205,0,16,block_out,0.9136592149734497,0.4070556163787842,229.800537109375,0.5889943838119507
sample_00205,0,1,block_out,1.000482201576233,0.0005474091740325093,0.0380859375,0.000177105437614955
sample_00205,0,23,block_out,0.8175301551818848,0.582773745059967,399.493408203125,1.0928025245666504
sample_00205,0,27,block_out,0.871989905834198,0.4911016523838043,472.568359375,1.5892868041992188
sample_00205,0,31,block_out,0.8700597882270813,0.5143536329269409,502.091796875,2.9362170696258545
sample_00205,0,8,block_out,0.992404043674469,0.12725962698459625,3.0986328125,0.12218550592660904
sample_00205,16,16,block_out,0.9145538806915283,0.40505605936050415,240.296630859375,0.585909903049469
sample_00205,16,1,block_out,1.000441074371338,0.000532711623236537,0.0419921875,0.00017862800450529903
sample_00205,16,23,block_out,0.8209401369094849,0.5757215619087219,401.8876953125,1.0987416505813599
sample_00205,16,27,block_out,0.8655028343200684,0.5032863616943359,470.076171875,1.6453418731689453
sample_00205,16,31,block_out,0.849681556224823,0.5509942770004272,507.751953125,3.0691590309143066
sample_00205,16,8,block_out,0.99252849817276,0.126140758395195,3.188232421875,0.12189071625471115
sample_00205,32,16,block_out,0.9152510762214661,0.40346723794937134,241.7454833984375,0.5828831791877747
sample_00205,32,1,block_out,1.0004172325134277,0.00053786690114066,0.0390625,0.0001799258025130257
sample_00205,32,23,block_out,0.8225165009498596,0.5730266571044922,400.616455078125,1.1009507179260254
sample_00205,32,27,block_out,0.8672025799751282,0.4998849034309387,470.676513671875,1.6401386260986328
sample_00205,32,31,block_out,0.8516611456871033,0.5450993180274963,500.280029296875,2.9970901012420654
sample_00205,32,8,block_out,0.9925357699394226,0.12608444690704346,3.5472412109375,0.12227503210306168
sample_00205,4,16,block_out,0.9141688942909241,0.4059254825115204,243.726318359375,0.5868076086044312
sample_00205,4,1,block_out,1.0004664659500122,0.0005369003629311919,0.03125,0.00017714820569381118
sample_00205,4,23,block_out,0.8169730305671692,0.5825576186180115,415.4228515625,1.1013033390045166
sample_00205,4,27,block_out,0.8649817109107971,0.5037548542022705,489.3447265625,1.6358634233474731
sample_00205,4,31,block_out,0.8552956581115723,0.541610598564148,510.701904296875,3.0621631145477295
sample_00205,4,8,block_out,0.9925122261047363,0.12625735998153687,2.88671875,0.1219402477145195
sample_00205,63,16,block_out,0.9187354445457458,0.3956594467163086,287.093505859375,0.5609794855117798
sample_00205,63,1,block_out,0.9999948740005493,0.027338232845067978,3.0136032104492188,0.0014596101827919483
sample_00205,63,23,block_out,0.8318601846694946,0.5582067966461182,437.615234375,1.1017155647277832
sample_00205,63,27,block_out,0.8721580505371094,0.4906371235847473,501.552734375,1.6202892065048218
sample_00205,63,31,block_out,0.8472393155097961,0.5517647862434387,521.94140625,2.829551935195923
sample_00205,63,8,block_out,0.9923762083053589,0.1273842751979828,11.298698425292969,0.12340304255485535
sample_00206,0,16,block_out,0.9155719876289368,0.402749627828598,244.55859375,0.572214663028717
sample_00206,0,1,block_out,1.0004574060440063,0.0005400593508966267,0.0390625,0.00017932470655068755
sample_00206,0,23,block_out,0.8185694813728333,0.5793889760971069,407.071533203125,1.0898184776306152
sample_00206,0,27,block_out,0.870198130607605,0.49397677183151245,483.403076171875,1.590988039970398
sample_00206,0,31,block_out,0.8713210821151733,0.5139867663383484,516.580810546875,2.948284387588501
sample_00206,0,8,block_out,0.9925183057785034,0.12615685164928436,5.838623046875,0.1212412491440773
sample_00206,16,16,block_out,0.8845747113227844,0.46766144037246704,519.046875,0.5797027349472046
sample_00206,16,1,block_out,0.998889148235321,0.05550704151391983,20.64453125,0.0031026313081383705
sample_00206,16,23,block_out,0.7825502753257751,0.6305923461914062,858.25048828125,1.1081565618515015
sample_00206,16,27,block_out,0.8451513051986694,0.5373767018318176,1029.66162109375,1.6571991443634033
sample_00206,16,31,block_out,0.8469491600990295,0.558279275894165,530.689208984375,3.0968081951141357
sample_00206,16,8,block_out,0.9902339577674866,0.142978236079216,91.8946533203125,0.12608522176742554
sample_00206,32,16,block_out,0.9150590300559998,0.4038834571838379,227.3427734375,0.5764585733413696
sample_00206,32,1,block_out,0.9989789128303528,0.053270965814590454,20.25927734375,0.0029474571347236633
sample_00206,32,23,block_out,0.8198975920677185,0.5758856534957886,407.0673828125,1.1122736930847168
sample_00206,32,27,block_out,0.8608040809631348,0.5103121995925903,483.529296875,1.665054440498352
sample_00206,32,31,block_out,0.8460675477981567,0.5618972778320312,501.1416015625,3.041105031967163
sample_00206,32,8,block_out,0.9913568496704102,0.1348593533039093,43.149658203125,0.126583069562912
sample_00206,4,16,block_out,0.8756856918334961,0.484558641910553,630.44921875,0.5805603861808777
sample_00206,4,1,block_out,0.9987311959266663,0.058674369007349014,20.96728515625,0.003360541071742773
sample_00206,4,23,block_out,0.774967610836029,0.6410485506057739,876.92333984375,1.1203820705413818
sample_00206,4,27,block_out,0.8395457863807678,0.5462550520896912,978.5164794921875,1.6869994401931763
sample_00206,4,31,block_out,0.8492667078971863,0.5540249347686768,512.178466796875,3.1382017135620117
sample_00206,4,8,block_out,0.9880287647247314,0.1576167494058609,127.02777099609375,0.12697875499725342
sample_00206,63,16,block_out,0.9209508895874023,0.3903760313987732,237.7489013671875,0.550715982913971
sample_00206,63,1,block_out,0.9994722008705139,0.04175315052270889,19.91015625,0.0020849709399044514
sample_00206,63,23,block_out,0.8401495218276978,0.5444900989532471,412.9715576171875,1.0761103630065918
sample_00206,63,27,block_out,0.8826907873153687,0.4708172082901001,482.1854248046875,1.558789849281311
sample_00206,63,31,block_out,0.8564078211784363,0.5375074744224548,495.7762451171875,2.7380125522613525
sample_00206,63,8,block_out,0.9923334717750549,0.12758119404315948,16.775665283203125,0.12442877888679504
sample_00207,0,16,block_out,0.915518581867218,0.4028690755367279,223.9559326171875,0.577343761920929
sample_00207,0,1,block_out,1.0004713535308838,0.000548909476492554,0.0361328125,0.0001781432656571269
sample_00207,0,23,block_out,0.814215362071991,0.5875235199928284,405.9979248046875,1.1071515083312988
sample_00207,0,27,block_out,0.863961935043335,0.5051624774932861,482.0426025390625,1.6455844640731812
sample_00207,0,31,block_out,0.8625397086143494,0.5295782685279846,510.0728759765625,3.059508800506592
sample_00207,0,8,block_out,0.9926676154136658,0.125052809715271,2.58544921875,0.12115815281867981
sample_00207,16,16,block_out,0.860482394695282,0.5129218101501465,703.21484375,0.6121760010719299
sample_00207,16,1,block_out,0.9967674016952515,0.08582081645727158,20.326171875,0.007631959393620491
sample_00207,16,23,block_out,0.7619861364364624,0.6613736152648926,978.9857177734375,1.155012607574463
sample_00207,16,27,block_out,0.820815920829773,0.5767019987106323,1145.7122802734375,1.7876920700073242
sample_00207,16,31,block_out,0.8029878735542297,0.6346958875656128,539.855712890625,3.4636173248291016
sample_00207,16,8,block_out,0.9768127202987671,0.21815115213394165,251.153564453125,0.14430344104766846
sample_00207,32,16,block_out,0.8530689477920532,0.5252040028572083,757.85400390625,0.6287060976028442
sample_00207,32,1,block_out,0.9902744293212891,0.14276905357837677,21.01171875,0.014556173235177994
sample_00207,32,23,block_out,0.7520663738250732,0.6724123954772949,1037.605712890625,1.1877760887145996
sample_00207,32,27,block_out,0.8044080138206482,0.600030779838562,1191.486572265625,1.8628288507461548
sample_00207,32,31,block_out,0.7425670623779297,0.7170193195343018,549.136962890625,3.6783509254455566
sample_00207,32,8,block_out,0.9719566702842712,0.23902098834514618,181.76318359375,0.15725407004356384
sample_00207,4,16,block_out,0.9158560633659363,0.40213918685913086,236.05078125,0.576770007610321
sample_00207,4,1,block_out,1.0004632472991943,0.0005416529020294547,0.0322265625,0.00017943282728083432
sample_00207,4,23,block_out,0.8156459331512451,0.5850149989128113,405.887451171875,1.1034787893295288
sample_00207,4,27,block_out,0.8654081225395203,0.5025414228439331,485.8111572265625,1.6316897869110107
sample_00207,4,31,block_out,0.8657239675521851,0.5221503376960754,513.7457275390625,3.0110960006713867
sample_00207,4,8,block_out,0.9927760362625122,0.12409759312868118,2.4000244140625,0.12105108797550201
sample_00207,63,16,block_out,0.8435317277908325,0.5403909683227539,785.00048828125,0.6411542892456055
sample_00207,63,1,block_out,0.9824613332748413,0.18961714208126068,19.625,0.026526713743805885
sample_00207,63,23,block_out,0.7564597129821777,0.6646222472190857,1094.553955078125,1.1883031129837036
sample_00207,63,27,block_out,0.8058151006698608,0.5992021560668945,1253.814697265625,1.8377207517623901
sample_00207,63,31,block_out,0.7826250195503235,0.6599565148353577,587.697509765625,3.241596221923828
sample_00207,63,8,block_out,0.9618240594863892,0.27795639634132385,178.857421875,0.17797362804412842
sample_00208,0,16,block_out,0.9154826998710632,0.4029829800128937,231.2838134765625,0.579906702041626
sample_00208,0,1,block_out,1.0004795789718628,0.0005343733355402946,0.0361328125,0.0001767356734490022
sample_00208,0,23,block_out,0.8170593976974487,0.5829293131828308,404.216796875,1.0996922254562378
sample_00208,0,27,block_out,0.8674701452255249,0.4989629089832306,475.26318359375,1.6257483959197998
sample_00208,0,31,block_out,0.8647143840789795,0.5281841158866882,509.29443359375,2.997450351715088
sample_00208,0,8,block_out,0.9922934770584106,0.1280958503484726,3.0296630859375,0.12333375215530396
sample_00208,16,16,block_out,0.8600442409515381,0.5140700936317444,674.473876953125,0.6296393871307373
sample_00208,16,1,block_out,0.9918729066848755,0.1308320164680481,25.7783203125,0.012881157919764519
sample_00208,16,23,block_out,0.7538055777549744,0.674321174621582,893.775634765625,1.187570571899414
sample_00208,16,27,block_out,0.8060860633850098,0.5999428629875183,1071.12158203125,1.8506133556365967
sample_00208,16,31,block_out,0.7735958099365234,0.6834881901741028,502.749267578125,3.5767271518707275
sample_00208,16,8,block_out,0.9770589470863342,0.21695080399513245,221.467529296875,0.14843249320983887
sample_00208,32,16,block_out,0.8444199562072754,0.5422032475471497,680.6259765625,0.6659604907035828
sample_00208,32,1,block_out,0.9817934632301331,0.19224940240383148,24.51171875,0.024624953046441078
sample_00208,32,23,block_out,0.7393086552619934,0.6926491260528564,897.60986328125,1.2224581241607666
sample_00208,32,27,block_out,0.776051938533783,0.6416991353034973,1079.265869140625,1.9736279249191284
sample_00208,32,31,block_out,0.7088096141815186,0.7718843221664429,502.0020751953125,3.8586182594299316
sample_00208,32,8,block_out,0.9694041013717651,0.25092393159866333,212.197265625,0.1688317060470581
sample_00208,4,16,block_out,0.8790313005447388,0.4789857566356659,638.9552612304688,0.5879097580909729
sample_00208,4,1,block_out,0.9982495307922363,0.06662329286336899,22.3291015625,0.0038101456593722105
sample_00208,4,23,block_out,0.7763981223106384,0.6406337022781372,846.6671752929688,1.1350904703140259
sample_00208,4,27,block_out,0.8347710371017456,0.5548280477523804,997.063720703125,1.7400810718536377
sample_00208,4,31,block_out,0.8350015878677368,0.5871745347976685,524.22412109375,3.2249464988708496
sample_00208,4,8,block_out,0.9795119762420654,0.20474295318126678,217.78515625,0.130192831158638
sample_00208,63,16,block_out,0.8488257527351379,0.5365017652511597,670.29052734375,0.6277541518211365
sample_00208,63,1,block_out,0.9749319553375244,0.2244265079498291,22.90234375,0.036375731229782104
sample_00208,63,23,block_out,0.7660257816314697,0.6559470295906067,871.3162841796875,1.1780322790145874
sample_00208,63,27,block_out,0.811141312122345,0.593027651309967,1003.1903076171875,1.8206411600112915
sample_00208,63,31,block_out,0.7724944949150085,0.673154890537262,555.24267578125,3.256179094314575
sample_00208,63,8,block_out,0.9643539190292358,0.273637592792511,157.066650390625,0.1729203760623932
sample_00209,0,16,block_out,0.915833055973053,0.40228238701820374,229.7569580078125,0.580080509185791
sample_00209,0,1,block_out,1.0004920959472656,0.0005427327123470604,0.0341796875,0.00017549702897667885
sample_00209,0,23,block_out,0.8163886666297913,0.5840625762939453,407.6485595703125,1.0982112884521484
sample_00209,0,27,block_out,0.8691514730453491,0.4962770640850067,478.4925537109375,1.6219372749328613
sample_00209,0,31,block_out,0.8626444935798645,0.534946620464325,506.3070068359375,2.9856784343719482
sample_00209,0,8,block_out,0.9926217794418335,0.12561263144016266,2.3387451171875,0.12149345874786377
sample_00209,16,16,block_out,0.8616908192634583,0.5116212964057922,676.903076171875,0.6194148659706116
sample_00209,16,1,block_out,0.9929690957069397,0.1222752034664154,25.3671875,0.01224143709987402
sample_00209,16,23,block_out,0.7554173469543457,0.6724807620048523,895.8232421875,1.1760728359222412
sample_00209,16,27,block_out,0.8124531507492065,0.5900312066078186,1033.434814453125,1.8479381799697876
sample_00209,16,31,block_out,0.7805866599082947,0.6724437475204468,519.00341796875,3.5170037746429443
sample_00209,16,8,block_out,0.973618745803833,0.2329702079296112,262.0419921875,0.14447088539600372
sample_00209,32,16,block_out,0.8523944616317749,0.5280900597572327,706.957275390625,0.6445236802101135
sample_00209,32,1,block_out,0.9857325553894043,0.17086905241012573,24.1298828125,0.021787958219647408
sample_00209,32,23,block_out,0.740064799785614,0.6919519901275635,937.8564453125,1.2187103033065796
sample_00209,32,27,block_out,0.7862903475761414,0.6279164552688599,1112.1689453125,1.950931429862976
sample_00209,32,31,block_out,0.7283994555473328,0.7430350184440613,542.782470703125,3.756422281265259
sample_00209,32,8,block_out,0.9686587452888489,0.25442323088645935,226.5611572265625,0.15836991369724274
sample_00209,4,16,block_out,0.8778944611549377,0.4813461899757385,621.6220703125,0.5930685997009277
sample_00209,4,1,block_out,0.997836709022522,0.07270988076925278,22.03857421875,0.004457715433090925
sample_00209,4,23,block_out,0.7712019681930542,0.6484625935554504,844.24755859375,1.140479326248169
sample_00209,4,27,block_out,0.835111141204834,0.55448979139328,897.70556640625,1.7524877786636353
sample_00209,4,31,block_out,0.8237599730491638,0.6080576181411743,520.037841796875,3.2822837829589844
sample_00209,4,8,block_out,0.9809895753860474,0.19756439328193665,203.296630859375,0.12975335121154785
sample_00209,63,16,block_out,0.8632667660713196,0.5107033848762512,465.4495849609375,0.6286541819572449
sample_00209,63,1,block_out,0.9769867658615112,0.21547318994998932,26.493995666503906,0.03450474888086319
sample_00209,63,23,block_out,0.7687464952468872,0.6550037860870361,725.571044921875,1.1774652004241943
sample_00209,63,27,block_out,0.8093839287757874,0.5991086363792419,876.999755859375,1.8276337385177612
sample_00209,63,31,block_out,0.7626678347587585,0.6878194212913513,709.015380859375,3.327571153640747
sample_00209,63,8,block_out,0.9725775718688965,0.24003975093364716,155.3807373046875,0.16723129153251648
sample_00210,0,16,block_out,0.9120967388153076,0.4110111892223358,222.0380859375,0.5946753025054932
sample_00210,0,1,block_out,1.0007838010787964,0.0005285486113280058,0.046875,0.00016628448793198913
sample_00210,0,23,block_out,0.8011006116867065,0.6090449094772339,420.022705078125,1.1508818864822388
sample_00210,0,27,block_out,0.8553330898284912,0.5220362544059753,501.678466796875,1.6760753393173218
sample_00210,0,31,block_out,0.8618414402008057,0.5312119126319885,519.23095703125,3.0292305946350098
sample_00210,0,8,block_out,0.993029773235321,0.1235312819480896,3.671875,0.1163332462310791
sample_00210,16,16,block_out,0.8701267242431641,0.49659463763237,633.382080078125,0.6363667845726013
sample_00210,16,1,block_out,0.9944510459899902,0.11225686967372894,26.84375,0.010034042410552502
sample_00210,16,23,block_out,0.7449340224266052,0.6877761483192444,830.34130859375,1.2368474006652832
sample_00210,16,27,block_out,0.7930938005447388,0.6179134845733643,1003.32470703125,1.9250696897506714
sample_00210,16,31,block_out,0.7686972618103027,0.6845312714576721,471.96075439453125,3.7213521003723145
sample_00210,16,8,block_out,0.978263795375824,0.21191366016864777,229.560302734375,0.137969508767128
sample_00210,32,16,block_out,0.8638688921928406,0.5080323815345764,663.2718505859375,0.6395778656005859
sample_00210,32,1,block_out,0.9904358386993408,0.1433248072862625,25.6953125,0.01668647676706314
sample_00210,32,23,block_out,0.731859564781189,0.7039070129394531,889.8543701171875,1.2649431228637695
sample_00210,32,27,block_out,0.7766718864440918,0.6404955387115479,1042.5999755859375,1.9876669645309448
sample_00210,32,31,block_out,0.7554201483726501,0.7048298120498657,800.8775634765625,3.722663164138794
sample_00210,32,8,block_out,0.9755294322967529,0.22456759214401245,232.71044921875,0.14358386397361755
sample_00210,4,16,block_out,0.880968451499939,0.47656890749931335,566.69580078125,0.6183297038078308
sample_00210,4,1,block_out,0.9981353282928467,0.07265584915876389,23.099609375,0.004381644539535046
sample_00210,4,23,block_out,0.7652578353881836,0.6612809300422668,761.699462890625,1.1849883794784546
sample_00210,4,27,block_out,0.8249395489692688,0.5714816451072693,861.660400390625,1.7963414192199707
sample_00210,4,31,block_out,0.8175207376480103,0.610923171043396,555.489013671875,3.3399922847747803
sample_00210,4,8,block_out,0.981643795967102,0.19456113874912262,221.486328125,0.12490151077508926
sample_00210,63,16,block_out,0.8645740747451782,0.5082917809486389,667.6611328125,0.6172442436218262
sample_00210,63,1,block_out,0.9836457371711731,0.1845635026693344,24.37890625,0.02671726979315281
sample_00210,63,23,block_out,0.7636438608169556,0.6622270941734314,870.086669921875,1.2074735164642334
sample_00210,63,27,block_out,0.8200002908706665,0.5783480405807495,999.633544921875,1.7925673723220825
sample_00210,63,31,block_out,0.7875747084617615,0.6468639969825745,635.4594116210938,3.1982104778289795
sample_00210,63,8,block_out,0.9745584726333618,0.2303231805562973,216.9222412109375,0.15035808086395264
sample_00211,0,16,block_out,0.9130369424819946,0.4089571237564087,197.6904296875,0.5936636924743652
sample_00211,0,1,block_out,1.0007526874542236,0.0005359197384677827,0.03515625,0.00017242399917449802
sample_00211,0,23,block_out,0.8107045292854309,0.5947070717811584,348.35205078125,1.1211833953857422
sample_00211,0,27,block_out,0.8628146648406982,0.5084509253501892,404.5006103515625,1.6408028602600098
sample_00211,0,31,block_out,0.8617573976516724,0.5300537943840027,491.3283386230469,2.9983716011047363
sample_00211,0,8,block_out,0.99213707447052,0.13032685220241547,2.904541015625,0.12295527011156082
sample_00211,16,16,block_out,0.9050966501235962,0.4263190031051636,200.70513916015625,0.6246590614318848
sample_00211,16,1,block_out,0.9988471865653992,0.061488159000873566,19.173828125,0.004691870417445898
sample_00211,16,23,block_out,0.7953829169273376,0.6165364980697632,346.193359375,1.1888353824615479
sample_00211,16,27,block_out,0.8281898498535156,0.5649835467338562,404.6064453125,1.8397363424301147
sample_00211,16,31,block_out,0.789803147315979,0.6473971009254456,565.4550170898438,3.552678346633911
sample_00211,16,8,block_out,0.989269495010376,0.1504393368959427,24.94580078125,0.13753637671470642
sample_00211,32,16,block_out,0.8873263597488403,0.4634982943534851,195.229248046875,0.6749364137649536
sample_00211,32,1,block_out,0.9932117462158203,0.12267603725194931,17.1796875,0.013992019928991795
sample_00211,32,23,block_out,0.7694993019104004,0.6542395949363708,344.6767578125,1.2562819719314575
sample_00211,32,27,block_out,0.7804452180862427,0.6388288140296936,403.97900390625,2.025456666946411
sample_00211,32,31,block_out,0.7217369675636292,0.7498779296875,567.6484375,3.9317212104797363
sample_00211,32,8,block_out,0.9827864170074463,0.188245952129364,32.64501953125,0.15610429644584656
sample_00211,4,16,block_out,0.9130086302757263,0.40905848145484924,199.82867431640625,0.597327470779419
sample_00211,4,1,block_out,1.0007394552230835,0.0005338281043805182,0.048828125,0.00017162189760711044
sample_00211,4,23,block_out,0.8142319917678833,0.5886975526809692,341.022216796875,1.1238367557525635
sample_00211,4,27,block_out,0.866714596748352,0.5005427002906799,395.932373046875,1.624680757522583
sample_00211,4,31,block_out,0.8607867360115051,0.5291411280632019,525.518798828125,2.9900238513946533
sample_00211,4,8,block_out,0.9921610951423645,0.1301402896642685,2.9271240234375,0.12292272597551346
sample_00211,63,16,block_out,0.8931620121002197,0.4513058066368103,208.042724609375,0.6459278464317322
sample_00211,63,1,block_out,0.9862905740737915,0.1694258153438568,19.708984375,0.021730292588472366
sample_00211,63,23,block_out,0.7983506321907043,0.6122839450836182,336.1826171875,1.2024840116500854
sample_00211,63,27,block_out,0.823818564414978,0.5737158060073853,388.267578125,1.8346925973892212
sample_00211,63,31,block_out,0.7885749936103821,0.6485636234283447,481.4582214355469,3.302490472793579
sample_00211,63,8,block_out,0.9761777520179749,0.22066040337085724,24.071533203125,0.16916148364543915
sample_00212,0,16,block_out,0.914175808429718,0.4064227342605591,217.3271484375,0.5860603451728821
sample_00212,0,1,block_out,1.0007083415985107,0.000531042693182826,0.0390625,0.0001699729764368385
sample_00212,0,23,block_out,0.8059225082397461,0.6011943221092224,417.9677734375,1.1325602531433105
sample_00212,0,27,block_out,0.857456624507904,0.5176569223403931,495.2685546875,1.6622222661972046
sample_00212,0,31,block_out,0.8536433577537537,0.549110472202301,605.0028076171875,3.071439504623413
sample_00212,0,8,block_out,0.9927724599838257,0.12548141181468964,2.8348388671875,0.11744547635316849
sample_00212,16,16,block_out,0.9086518287658691,0.418655127286911,211.232421875,0.609198272228241
sample_00212,16,1,block_out,0.9991283416748047,0.05610973387956619,20.173828125,0.004086933098733425
sample_00212,16,23,block_out,0.7998688817024231,0.6101953387260437,375.1728515625,1.1777981519699097
sample_00212,16,27,block_out,0.8346781730651855,0.5538755059242249,436.998046875,1.8038902282714844
sample_00212,16,31,block_out,0.8217271566390991,0.5978630781173706,504.9684143066406,3.3479795455932617
sample_00212,16,8,block_out,0.9891360998153687,0.1514568030834198,91.478515625,0.13116714358329773
sample_00212,32,16,block_out,0.8914403319358826,0.4552822709083557,423.4853515625,0.6261880397796631
sample_00212,32,1,block_out,0.9947915077209473,0.10870504379272461,19.814453125,0.01015954464673996
sample_00212,32,23,block_out,0.7702862024307251,0.6529342532157898,823.029541015625,1.1962865591049194
sample_00212,32,27,block_out,0.8099693059921265,0.5940392017364502,1002.992431640625,1.8569343090057373
sample_00212,32,31,block_out,0.7893561124801636,0.652531623840332,508.01806640625,3.5110621452331543
sample_00212,32,8,block_out,0.9838008284568787,0.18323391675949097,109.85009765625,0.14430394768714905
sample_00212,4,16,block_out,0.914484977722168,0.40565454959869385,202.55755615234375,0.5912154912948608
sample_00212,4,1,block_out,1.0006983280181885,0.0005204366170801222,0.0400390625,0.00016962432709988207
sample_00212,4,23,block_out,0.8125251531600952,0.59099942445755,342.534423828125,1.127453088760376
sample_00212,4,27,block_out,0.8586797714233398,0.5150541067123413,395.869384765625,1.6575616598129272
sample_00212,4,31,block_out,0.8543114066123962,0.542179524898529,488.3785705566406,3.0683066844940186
sample_00212,4,8,block_out,0.9928342700004578,0.12497032433748245,2.759033203125,0.1174955740571022
sample_00212,63,16,block_out,0.899081826210022,0.4391658902168274,210.52392578125,0.6301261186599731
sample_00212,63,1,block_out,0.9880450963973999,0.1589280366897583,17.2568359375,0.020085547119379044
sample_00212,63,23,block_out,0.8019322156906128,0.6064368486404419,342.5362548828125,1.1941670179367065
sample_00212,63,27,block_out,0.8311383724212646,0.5607694983482361,398.1534423828125,1.8161386251449585
sample_00212,63,31,block_out,0.8055948615074158,0.6208288669586182,491.2059326171875,3.209275007247925
sample_00212,63,8,block_out,0.9790022373199463,0.2072618007659912,25.48291015625,0.1604965329170227
sample_00213,0,16,block_out,0.9117367267608643,0.41192471981048584,232.0048828125,0.5926871299743652
sample_00213,0,1,block_out,1.0007425546646118,0.0005407691351138055,0.041015625,0.00017012262833304703
sample_00213,0,23,block_out,0.80449378490448,0.6043899655342102,416.001708984375,1.1413908004760742
sample_00213,0,27,block_out,0.8520220518112183,0.5271452069282532,495.45703125,1.6875487565994263
sample_00213,0,31,block_out,0.8554311990737915,0.5403844118118286,510.215087890625,3.044405460357666
sample_00213,0,8,block_out,0.9924433827400208,0.12800946831703186,2.9553985595703125,0.12017303705215454
sample_00213,16,16,block_out,0.8747285008430481,0.4884868562221527,615.137939453125,0.6261383891105652
sample_00213,16,1,block_out,0.992853045463562,0.1252681314945221,26.59765625,0.01200481690466404
sample_00213,16,23,block_out,0.7591772675514221,0.6682063937187195,828.947998046875,1.2010027170181274
sample_00213,16,27,block_out,0.8079501390457153,0.5961928963661194,988.162841796875,1.8658628463745117
sample_00213,16,31,block_out,0.7854775786399841,0.6539936065673828,487.0767822265625,3.5549302101135254
sample_00213,16,8,block_out,0.9765505790710449,0.21995970606803894,226.5146484375,0.1417907476425171
sample_00213,32,16,block_out,0.867812991142273,0.5016149878501892,658.384033203125,0.6317676901817322
sample_00213,32,1,block_out,0.9853357076644897,0.17467565834522247,25.435546875,0.021533533930778503
sample_00213,32,23,block_out,0.7568635940551758,0.6712377071380615,870.143798828125,1.203485131263733
sample_00213,32,27,block_out,0.8024166822433472,0.6037411689758301,1038.37841796875,1.8699110746383667
sample_00213,32,31,block_out,0.7796191573143005,0.6583165526390076,515.9724731445312,3.530324935913086
sample_00213,32,8,block_out,0.9719642996788025,0.24090106785297394,235.0352783203125,0.15406619012355804
sample_00213,4,16,block_out,0.8824100494384766,0.47378233075141907,576.5936279296875,0.6132476925849915
sample_00213,4,1,block_out,0.99785977602005,0.07574215531349182,22.7646484375,0.00458841398358345
sample_00213,4,23,block_out,0.7713636159896851,0.6519362926483154,779.059326171875,1.1760772466659546
sample_00213,4,27,block_out,0.8283433318138123,0.5646424293518066,888.947021484375,1.7912623882293701
sample_00213,4,31,block_out,0.8185690641403198,0.6059306263923645,683.2307739257812,3.3544161319732666
sample_00213,4,8,block_out,0.9821884632110596,0.19185994565486908,206.944580078125,0.12719030678272247
sample_00213,63,16,block_out,0.8616706132888794,0.5138531923294067,604.45166015625,0.6210830807685852
sample_00213,63,1,block_out,0.9806234836578369,0.19933781027793884,28.3780517578125,0.030830010771751404
sample_00213,63,23,block_out,0.7510944604873657,0.679972767829895,900.723388671875,1.1929130554199219
sample_00213,63,27,block_out,0.8123464584350586,0.5936829447746277,1046.804443359375,1.7775472402572632
sample_00213,63,31,block_out,0.7961223721504211,0.6358574628829956,685.7615966796875,3.1526498794555664
sample_00213,63,8,block_out,0.9749794006347656,0.22864221036434174,225.12451171875,0.15754848718643188
sample_00214,0,16,block_out,0.9158692359924316,0.40231412649154663,208.6748046875,0.5800570845603943
sample_00214,0,1,block_out,1.0006998777389526,0.0005317959003150463,0.03515625,0.00016980429063551128
sample_00214,0,23,block_out,0.8097823858261108,0.5958958268165588,342.51220703125,1.1226413249969482
sample_00214,0,27,block_out,0.8558728694915771,0.5202134847640991,395.224365234375,1.655321717262268
sample_00214,0,31,block_out,0.8569137454032898,0.5384937524795532,496.8041076660156,3.0398435592651367
sample_00214,0,8,block_out,0.9927906394004822,0.1252552568912506,2.7989501953125,0.11779660731554031
sample_00214,16,16,block_out,0.9057185053825378,0.4250302314758301,233.19580078125,0.611271321773529
sample_00214,16,1,block_out,0.9925121068954468,0.12762999534606934,26.197265625,0.01289714127779007
sample_00214,16,23,block_out,0.7894753813743591,0.6257312297821045,376.00830078125,1.1931122541427612
sample_00214,16,27,block_out,0.8186299204826355,0.5794812440872192,438.65185546875,1.871986746788025
sample_00214,16,31,block_out,0.7959562540054321,0.637856125831604,827.9915771484375,3.48714280128479
sample_00214,16,8,block_out,0.9871683716773987,0.1646578162908554,40.308349609375,0.13951855897903442
sample_00214,32,16,block_out,0.9023316502571106,0.4323588013648987,216.486328125,0.621320366859436
sample_00214,32,1,block_out,0.9854953289031982,0.1736377775669098,25.064453125,0.021288560703396797
sample_00214,32,23,block_out,0.7915226221084595,0.623337984085083,358.379150390625,1.1927953958511353
sample_00214,32,27,block_out,0.8150265216827393,0.5859190225601196,418.679931640625,1.885300636291504
sample_00214,32,31,block_out,0.7907892465591431,0.6472507119178772,900.293701171875,3.5070245265960693
sample_00214,32,8,block_out,0.9828359484672546,0.18980057537555695,88.699951171875,0.1519382745027542
sample_00214,4,16,block_out,0.9098223447799683,0.415966272354126,245.4847412109375,0.6003029942512512
sample_00214,4,1,block_out,0.9977917671203613,0.07613129168748856,22.2666015625,0.004763094242662191
sample_00214,4,23,block_out,0.8021717071533203,0.6067521572113037,391.475341796875,1.1563994884490967
sample_00214,4,27,block_out,0.8455389142036438,0.536983072757721,449.682861328125,1.7431048154830933
sample_00214,4,31,block_out,0.823827862739563,0.5969616174697876,638.7936401367188,3.275413990020752
sample_00214,4,8,block_out,0.9906409382820129,0.14129504561424255,74.81396484375,0.1249714121222496
sample_00214,63,16,block_out,0.902931272983551,0.43152540922164917,199.67333984375,0.6171783804893494
sample_00214,63,1,block_out,0.9792846441268921,0.20587916672229767,28.1435546875,0.030674729496240616
sample_00214,63,23,block_out,0.8032485246658325,0.6044682264328003,365.51953125,1.185695767402649
sample_00214,63,27,block_out,0.8370624780654907,0.5522730350494385,439.94287109375,1.7802414894104004
sample_00214,63,31,block_out,0.7966434359550476,0.6309168934822083,603.1591186523438,3.196138858795166
sample_00214,63,8,block_out,0.9804708957672119,0.2031136304140091,46.54737854003906,0.15849453210830688
sample_00215,0,16,block_out,0.9191344976425171,0.39468657970428467,229.33447265625,0.5529580116271973
sample_00215,0,1,block_out,1.0004688501358032,0.0005333817680366337,0.0419921875,0.00017332240531686693
sample_00215,0,23,block_out,0.812596321105957,0.5879059433937073,364.822998046875,1.101332664489746
sample_00215,0,27,block_out,0.8677642941474915,0.4984232783317566,424.8292236328125,1.6034725904464722
sample_00215,0,31,block_out,0.8708345890045166,0.5207077860832214,464.4317626953125,2.9486966133117676
sample_00215,0,8,block_out,0.9940924644470215,0.11327752470970154,2.1876220703125,0.10969547927379608
sample_00215,16,16,block_out,0.8630720973014832,0.5072662830352783,625.1005859375,0.6021885871887207
sample_00215,16,1,block_out,0.9899545907974243,0.14449040591716766,27.1611328125,0.015449261292815208
sample_00215,16,23,block_out,0.7488494515419006,0.6760028600692749,802.8377685546875,1.2027232646942139
sample_00215,16,27,block_out,0.7971255779266357,0.611351490020752,945.4539794921875,1.8941537141799927
sample_00215,16,31,block_out,0.7468487620353699,0.7218967080116272,500.540771484375,3.7423548698425293
sample_00215,16,8,block_out,0.9750291109085083,0.2269323468208313,235.8904266357422,0.137410506606102
sample_00215,32,16,block_out,0.8618062138557434,0.5099911689758301,640.193359375,0.603364884853363
sample_00215,32,1,block_out,0.9817419052124023,0.19235031306743622,25.802734375,0.026338066905736923
sample_00215,32,23,block_out,0.7461849451065063,0.6813111901283264,837.82421875,1.2138627767562866
sample_00215,32,27,block_out,0.7854177951812744,0.6299985647201538,974.94140625,1.9352067708969116
sample_00215,32,31,block_out,0.7335844039916992,0.7272825837135315,633.1790771484375,3.68023681640625
sample_00215,32,8,block_out,0.9688416719436646,0.25383907556533813,206.51416015625,0.14991608262062073
sample_00215,4,16,block_out,0.8781238794326782,0.4794836938381195,611.10400390625,0.5686056613922119
sample_00215,4,1,block_out,0.996168851852417,0.09251854568719864,24.84375,0.007079085800796747
sample_00215,4,23,block_out,0.7649897336959839,0.6530728936195374,775.80029296875,1.1564037799835205
sample_00215,4,27,block_out,0.8252924084663391,0.570836067199707,915.91943359375,1.770448088645935
sample_00215,4,31,block_out,0.8118470311164856,0.6289494037628174,459.1932373046875,3.4192633628845215
sample_00215,4,8,block_out,0.9821867346763611,0.19131362438201904,200.666015625,0.12143074721097946
sample_00215,63,16,block_out,0.8553085923194885,0.5227152109146118,525.05859375,0.5932270288467407
sample_00215,63,1,block_out,0.9729275107383728,0.23322026431560516,26.3927001953125,0.03964048624038696
sample_00215,63,23,block_out,0.7437702417373657,0.6865458488464355,917.33837890625,1.1793595552444458
sample_00215,63,27,block_out,0.8000380992889404,0.6118204593658447,1102.77685546875,1.7933158874511719
sample_00215,63,31,block_out,0.7469225525856018,0.7080643177032471,642.59814453125,3.305407762527466
sample_00215,63,8,block_out,0.9719938039779663,0.2427840381860733,168.5279541015625,0.15763182938098907
sample_00216,0,16,block_out,0.9211572408676147,0.39001351594924927,228.7298583984375,0.5499779582023621
sample_00216,0,1,block_out,1.0004290342330933,0.0005459608510136604,0.03125,0.0001803355844458565
sample_00216,0,23,block_out,0.8193472027778625,0.5773798823356628,357.347900390625,1.0790989398956299
sample_00216,0,27,block_out,0.8729194402694702,0.48881542682647705,413.03662109375,1.5731433629989624
sample_00216,0,31,block_out,0.8796119689941406,0.5050733685493469,447.72412109375,2.889373302459717
sample_00216,0,8,block_out,0.993858814239502,0.1150825023651123,2.099609375,0.11232910305261612
sample_00216,16,16,block_out,0.8751110434532166,0.48525550961494446,547.985595703125,0.5988724231719971
sample_00216,16,1,block_out,0.9976708292961121,0.07401689887046814,21.513671875,0.006003845948725939
sample_00216,16,23,block_out,0.7621130347251892,0.6575677990913391,805.664306640625,1.1832222938537598
sample_00216,16,27,block_out,0.8026636838912964,0.604350745677948,951.0765380859375,1.8635175228118896
sample_00216,16,31,block_out,0.776544988155365,0.6753484010696411,471.595703125,3.666424036026001
sample_00216,16,8,block_out,0.9810636043548584,0.1977347731590271,239.161865234375,0.13035520911216736
sample_00216,32,16,block_out,0.8707296848297119,0.49345579743385315,538.9716796875,0.6105744242668152
sample_00216,32,1,block_out,0.9928849935531616,0.12264279276132584,21.2392578125,0.011642859317362309
sample_00216,32,23,block_out,0.7651920318603516,0.6527316570281982,812.522216796875,1.17885422706604
sample_00216,32,27,block_out,0.7941009402275085,0.617576003074646,961.57080078125,1.8966020345687866
sample_00216,32,31,block_out,0.7495908737182617,0.7141587734222412,471.5584716796875,3.7176034450531006
sample_00216,32,8,block_out,0.9769566655158997,0.2174348086118698,236.34228515625,0.1437055915594101
sample_00216,4,16,block_out,0.9215123653411865,0.3891999423503876,219.703125,0.556808590888977
sample_00216,4,1,block_out,0.999674379825592,0.03872910514473915,20.9775390625,0.0022227091249078512
sample_00216,4,23,block_out,0.8243230581283569,0.5694901347160339,373.498046875,1.0856698751449585
sample_00216,4,27,block_out,0.8735469579696655,0.4876471757888794,440.28076171875,1.5801154375076294
sample_00216,4,31,block_out,0.8783413171768188,0.5019378066062927,478.55615234375,2.8590521812438965
sample_00216,4,8,block_out,0.9933110475540161,0.119568832218647,28.683212280273438,0.1159660741686821
sample_00216,63,16,block_out,0.8647152781486511,0.5051615238189697,593.0556030273438,0.5956498980522156
sample_00216,63,1,block_out,0.987669825553894,0.15971390902996063,19.8662109375,0.019647954031825066
sample_00216,63,23,block_out,0.7664623856544495,0.6538058519363403,900.5812377929688,1.1861698627471924
sample_00216,63,27,block_out,0.7973666191101074,0.61360764503479,1058.618408203125,1.8718842267990112
sample_00216,63,31,block_out,0.765296459197998,0.6861281394958496,484.651611328125,3.3570234775543213
sample_00216,63,8,block_out,0.9721860885620117,0.2385377585887909,228.330322265625,0.15768149495124817
sample_00217,0,16,block_out,0.9210421442985535,0.39015015959739685,233.78082275390625,0.5429344773292542
sample_00217,0,1,block_out,1.0004119873046875,0.0005417055217549205,0.037109375,0.00017651486268732697
sample_00217,0,23,block_out,0.8163489699363708,0.5825474858283997,365.36468505859375,1.085410714149475
sample_00217,0,27,block_out,0.8683152198791504,0.4971250891685486,423.52001953125,1.5825812816619873
sample_00217,0,31,block_out,0.8777700066566467,0.4990707337856293,447.59619140625,2.9087390899658203
sample_00217,0,8,block_out,0.9940317869186401,0.11338344216346741,1.97674560546875,0.11021699011325836
sample_00217,16,16,block_out,0.8637657165527344,0.5057572722434998,598.4720458984375,0.5942933559417725
sample_00217,16,1,block_out,0.9907608032226562,0.13853095471858978,24.7099609375,0.01454174891114235
sample_00217,16,23,block_out,0.7525801062583923,0.6698727607727051,813.5645751953125,1.185202717781067
sample_00217,16,27,block_out,0.8045636415481567,0.6005041003227234,993.7945556640625,1.8389461040496826
sample_00217,16,31,block_out,0.7668695449829102,0.6913552284240723,472.7117919921875,3.625568389892578
sample_00217,16,8,block_out,0.9731633067131042,0.23478557169437408,252.194091796875,0.13686677813529968
sample_00217,32,16,block_out,0.8598544597625732,0.5134766101837158,597.3262939453125,0.6127105951309204
sample_00217,32,1,block_out,0.9870599508285522,0.1626921445131302,23.3447265625,0.02386649139225483
sample_00217,32,23,block_out,0.7445412874221802,0.680351972579956,785.9215087890625,1.2153584957122803
sample_00217,32,27,block_out,0.7791076302528381,0.6371136903762817,890.2066650390625,1.9508107900619507
sample_00217,32,31,block_out,0.7148910164833069,0.7628517746925354,488.546875,3.8111119270324707
sample_00217,32,8,block_out,0.9673154354095459,0.2598485052585602,195.16595458984375,0.1492283046245575
sample_00217,4,16,block_out,0.8863508701324463,0.4638032019138336,567.6995849609375,0.5485864877700806
sample_00217,4,1,block_out,0.9979434609413147,0.07024235278367996,22.16259765625,0.004384805914014578
sample_00217,4,23,block_out,0.779312014579773,0.6330372095108032,745.5126342773438,1.1315383911132812
sample_00217,4,27,block_out,0.840547502040863,0.5441514849662781,882.7250366210938,1.6964085102081299
sample_00217,4,31,block_out,0.8482173085212708,0.5589633584022522,466.653076171875,3.1734423637390137
sample_00217,4,8,block_out,0.9787082672119141,0.20831744372844696,199.068359375,0.11708499491214752
sample_00217,63,16,block_out,0.8488033413887024,0.5374022126197815,583.9822387695312,0.6016191840171814
sample_00217,63,1,block_out,0.9737441539764404,0.2296617329120636,21.4677734375,0.04029238596558571
sample_00217,63,23,block_out,0.762925922870636,0.6594921946525574,733.0379028320312,1.1798477172851562
sample_00217,63,27,block_out,0.8010831475257874,0.6078218817710876,860.4187622070312,1.8235269784927368
sample_00217,63,31,block_out,0.7409523725509644,0.720519483089447,545.9876708984375,3.362579107284546
sample_00217,63,8,block_out,0.9625565409660339,0.28225767612457275,159.5504150390625,0.16566602885723114
sample_00218,0,16,block_out,0.9219520688056946,0.3879252076148987,214.6171875,0.5400960445404053
sample_00218,0,1,block_out,1.00041663646698,0.0005403774557635188,0.037109375,0.00018167377857025713
sample_00218,0,23,block_out,0.8187174797058105,0.5784545540809631,357.510009765625,1.0712249279022217
sample_00218,0,27,block_out,0.8737408518791199,0.4879772961139679,413.488525390625,1.5553315877914429
sample_00218,0,31,block_out,0.8800267577171326,0.49903368949890137,445.214111328125,2.869781732559204
sample_00218,0,8,block_out,0.99405837059021,0.11312607675790787,2.38232421875,0.110155388712883
sample_00218,16,16,block_out,0.8659296035766602,0.5025153756141663,586.3494262695312,0.59430330991745
sample_00218,16,1,block_out,0.9909346103668213,0.1372389942407608,24.8134765625,0.014743191190063953
sample_00218,16,23,block_out,0.7560176253318787,0.666012167930603,774.4758911132812,1.1730345487594604
sample_00218,16,27,block_out,0.8090530633926392,0.5950710773468018,935.2185668945312,1.8171874284744263
sample_00218,16,31,block_out,0.7680552005767822,0.6879633069038391,472.454345703125,3.5914058685302734
sample_00218,16,8,block_out,0.9741142988204956,0.2309223711490631,249.2442626953125,0.1382797211408615
sample_00218,32,16,block_out,0.8571608066558838,0.5189677476882935,591.1707763671875,0.615411639213562
sample_00218,32,1,block_out,0.9809248447418213,0.19624486565589905,23.5361328125,0.026871798560023308
sample_00218,32,23,block_out,0.736369788646698,0.6916930675506592,768.2955322265625,1.2246835231781006
sample_00218,32,27,block_out,0.7749733328819275,0.641549289226532,924.5176391601562,1.9489401578903198
sample_00218,32,31,block_out,0.7044076919555664,0.7673713564872742,478.46954345703125,3.890657901763916
sample_00218,32,8,block_out,0.9665015339851379,0.26306208968162537,233.5008544921875,0.1555279642343521
sample_00218,4,16,block_out,0.8908450603485107,0.4550684988498688,543.3492431640625,0.5445644855499268
sample_00218,4,1,block_out,0.9980216026306152,0.06908369064331055,21.9775390625,0.004344620741903782
sample_00218,4,23,block_out,0.7831135988235474,0.6275680661201477,708.744384765625,1.1181517839431763
sample_00218,4,27,block_out,0.8400309085845947,0.5460906028747559,835.575439453125,1.6949554681777954
sample_00218,4,31,block_out,0.8440825343132019,0.5732142329216003,460.738525390625,3.187490701675415
sample_00218,4,8,block_out,0.980180025100708,0.20117899775505066,208.37109375,0.11674334853887558
sample_00218,63,16,block_out,0.8702684640884399,0.49819013476371765,452.0812683105469,0.5850790739059448
sample_00218,63,1,block_out,0.9740382432937622,0.22806882858276367,21.5068359375,0.04121058061718941
sample_00218,63,23,block_out,0.7834779620170593,0.6310294270515442,572.005126953125,1.1483873128890991
sample_00218,63,27,block_out,0.8151542544364929,0.585929274559021,639.265869140625,1.7705705165863037
sample_00218,63,31,block_out,0.7526980042457581,0.6989459991455078,532.822021484375,3.2741494178771973
sample_00218,63,8,block_out,0.964486300945282,0.2746947109699249,177.6427001953125,0.16344110667705536
sample_00219,0,16,block_out,0.9212660193443298,0.38986822962760925,234.99462890625,0.5476104021072388
sample_00219,0,1,block_out,1.0004280805587769,0.000542828522156924,0.0361328125,0.00018026461475528777
sample_00219,0,23,block_out,0.8223545551300049,0.571728527545929,375.440185546875,1.069868803024292
sample_00219,0,27,block_out,0.878144383430481,0.4789627194404602,438.918701171875,1.5464015007019043
sample_00219,0,31,block_out,0.883348822593689,0.49367189407348633,479.401123046875,2.8028290271759033
sample_00219,0,8,block_out,0.9938089847564697,0.11533717811107635,1.96240234375,0.11281977593898773
sample_00219,16,16,block_out,0.8616491556167603,0.5098929405212402,635.230224609375,0.6029695868492126
sample_00219,16,1,block_out,0.9891376495361328,0.14980289340019226,26.318359375,0.016517285257577896
sample_00219,16,23,block_out,0.7498801350593567,0.6734562516212463,863.113525390625,1.1772078275680542
sample_00219,16,27,block_out,0.7976014614105225,0.6096169948577881,1036.62353515625,1.87680184841156
sample_00219,16,31,block_out,0.7615901827812195,0.698019802570343,460.563720703125,3.6895575523376465
sample_00219,16,8,block_out,0.9806766510009766,0.20022843778133392,205.29205322265625,0.1434653103351593
sample_00219,32,16,block_out,0.8654587268829346,0.5033324956893921,506.10791015625,0.6159823536872864
sample_00219,32,1,block_out,0.9791468381881714,0.2050451636314392,24.93359375,0.02825634926557541
sample_00219,32,23,block_out,0.742050051689148,0.6832258105278015,832.829833984375,1.2079648971557617
sample_00219,32,27,block_out,0.7700769901275635,0.6463818550109863,987.9761962890625,1.980737566947937
sample_00219,32,31,block_out,0.7027105093002319,0.7697920203208923,447.66796875,3.9552114009857178
sample_00219,32,8,block_out,0.9758471846580505,0.22448286414146423,175.705078125,0.15727338194847107
sample_00219,4,16,block_out,0.8854682445526123,0.4654613733291626,597.7772216796875,0.5687024593353271
sample_00219,4,1,block_out,0.9962711334228516,0.09107697010040283,24.453125,0.006803503260016441
sample_00219,4,23,block_out,0.7769914865493774,0.6366236209869385,808.099853515625,1.1203938722610474
sample_00219,4,27,block_out,0.8400025367736816,0.5459436178207397,949.162353515625,1.7013605833053589
sample_00219,4,31,block_out,0.836466372013092,0.5855087041854858,503.5594482421875,3.2289671897888184
sample_00219,4,8,block_out,0.9909073114395142,0.1381678283214569,90.48974609375,0.12275198101997375
sample_00219,63,16,block_out,0.8618350028991699,0.5105053186416626,539.13525390625,0.6012210249900818
sample_00219,63,1,block_out,0.9729070663452148,0.23310589790344238,26.2447509765625,0.0401894673705101
sample_00219,63,23,block_out,0.7640726566314697,0.6559082269668579,837.39208984375,1.1658412218093872
sample_00219,63,27,block_out,0.7980940937995911,0.6118649840354919,990.5498046875,1.8397489786148071
sample_00219,63,31,block_out,0.7369589805603027,0.7176218032836914,489.100830078125,3.470339775085449
sample_00219,63,8,block_out,0.9684721231460571,0.2592085301876068,140.771240234375,0.1650320142507553
sample_00220,0,16,block_out,0.9157353639602661,0.4031966030597687,209.7392578125,0.5631549954414368
sample_00220,0,1,block_out,1.0006978511810303,0.0005186054040677845,0.041015625,0.00016568602586630732
sample_00220,0,23,block_out,0.7937301993370056,0.6215724349021912,460.587890625,1.1532087326049805
sample_00220,0,27,block_out,0.8408012390136719,0.5465092062950134,573.8837890625,1.7622584104537964
sample_00220,0,31,block_out,0.8374541401863098,0.5898488163948059,526.7333984375,3.3603971004486084
sample_00220,0,8,block_out,0.9954968094825745,0.10166166722774506,2.3560791015625,0.10011494904756546
sample_00220,16,16,block_out,0.8896729350090027,0.4591381251811981,611.807861328125,0.5629477500915527
sample_00220,16,1,block_out,0.9993026852607727,0.052158959209918976,21.32080078125,0.0025278811808675528
sample_00220,16,23,block_out,0.7604889869689941,0.6653438806533813,851.859619140625,1.1709030866622925
sample_00220,16,27,block_out,0.824744462966919,0.5713175535202026,982.244873046875,1.7769092321395874
sample_00220,16,31,block_out,0.8405699729919434,0.5886306166648865,533.987548828125,3.3093018531799316
sample_00220,16,8,block_out,0.9898350834846497,0.14714738726615906,174.052978515625,0.10334210097789764
sample_00220,32,16,block_out,0.9155191779136658,0.40356385707855225,238.927978515625,0.5578529834747314
sample_00220,32,1,block_out,0.9994053840637207,0.0494464673101902,20.8037109375,0.0023214127868413925
sample_00220,32,23,block_out,0.7844207882881165,0.6322896480560303,458.83642578125,1.1904847621917725
sample_00220,32,27,block_out,0.8272613883018494,0.5676456689834595,574.1787109375,1.8139593601226807
sample_00220,32,31,block_out,0.8281635046005249,0.6044330596923828,526.83056640625,3.331576347351074
sample_00220,32,8,block_out,0.9934003353118896,0.12054158747196198,101.72198486328125,0.1027325913310051
sample_00220,4,16,block_out,0.8855171203613281,0.4676283001899719,628.69580078125,0.5659005641937256
sample_00220,4,1,block_out,0.999086856842041,0.05661442503333092,21.7119140625,0.0028323198202997446
sample_00220,4,23,block_out,0.7548404335975647,0.6742509007453918,851.91796875,1.1731295585632324
sample_00220,4,27,block_out,0.8201282620429993,0.5781756639480591,1003.1328125,1.8035014867782593
sample_00220,4,31,block_out,0.8368368744850159,0.5934357643127441,535.714599609375,3.3742473125457764
sample_00220,4,8,block_out,0.9888558387756348,0.15362505614757538,181.89306640625,0.10403081029653549
sample_00220,63,16,block_out,0.9224797487258911,0.38709041476249695,215.880859375,0.5267325639724731
sample_00220,63,1,block_out,0.9999681115150452,0.03566071763634682,26.3856201171875,0.0012699405197054148
sample_00220,63,23,block_out,0.805322527885437,0.6055426001548767,453.21636962890625,1.1607799530029297
sample_00220,63,27,block_out,0.8507186770439148,0.5289953947067261,562.2388305664062,1.685935616493225
sample_00220,63,31,block_out,0.8388341069221497,0.57224041223526,531.1343994140625,3.032137632369995
sample_00220,63,8,block_out,0.9954559803009033,0.10203034430742264,12.0185546875,0.09986066818237305
sample_00221,0,16,block_out,0.9157988429069519,0.40297630429267883,205.77978515625,0.5638726353645325
sample_00221,0,1,block_out,1.0006850957870483,0.0005247305962257087,0.0390625,0.00016605269047431648
sample_00221,0,23,block_out,0.7921154499053955,0.6231892704963684,462.42138671875,1.1577465534210205
sample_00221,0,27,block_out,0.8412008285522461,0.5449470281600952,575.33349609375,1.7652677297592163
sample_00221,0,31,block_out,0.8289580345153809,0.6042125225067139,537.9072265625,3.408536911010742
sample_00221,0,8,block_out,0.9956046342849731,0.10058551281690598,2.3251953125,0.09952902048826218
sample_00221,16,16,block_out,0.8740724325180054,0.49082890152931213,668.923828125,0.5982704758644104
sample_00221,16,1,block_out,0.991837203502655,0.13259504735469818,21.85400390625,0.013491548597812653
sample_00221,16,23,block_out,0.7313752770423889,0.7102070450782776,925.900146484375,1.238032579421997
sample_00221,16,27,block_out,0.7842214703559875,0.6346533894538879,1121.048583984375,1.9583724737167358
sample_00221,16,31,block_out,0.792957067489624,0.6710196733474731,528.58203125,3.687209367752075
sample_00221,16,8,block_out,0.9879303574562073,0.1598808616399765,159.103515625,0.12441343069076538
sample_00221,32,16,block_out,0.9005073308944702,0.43730413913726807,248.474609375,0.6056137084960938
sample_00221,32,1,block_out,0.9854346513748169,0.17382106184959412,20.7978515625,0.021375326439738274
sample_00221,32,23,block_out,0.7643095254898071,0.6654233932495117,425.34130859375,1.2585090398788452
sample_00221,32,27,block_out,0.7933712601661682,0.623681366443634,534.52099609375,1.9877885580062866
sample_00221,32,31,block_out,0.7730671167373657,0.7053502202033997,498.00830078125,3.780648708343506
sample_00221,32,8,block_out,0.9866207838058472,0.16849416494369507,77.11669921875,0.13567934930324554
sample_00221,4,16,block_out,0.8783295154571533,0.4821940064430237,641.22412109375,0.5872781872749329
sample_00221,4,1,block_out,0.9974567294120789,0.08016787469387054,21.8681640625,0.005986242555081844
sample_00221,4,23,block_out,0.735404372215271,0.7056041359901428,872.5556640625,1.2210252285003662
sample_00221,4,27,block_out,0.7929189801216125,0.623711884021759,1051.62451171875,1.9402323961257935
sample_00221,4,31,block_out,0.8052150011062622,0.6509877443313599,540.662109375,3.6502504348754883
sample_00221,4,8,block_out,0.9894921779632568,0.14934886991977692,183.08154296875,0.11466018110513687
sample_00221,63,16,block_out,0.8625602126121521,0.513481855392456,571.144287109375,0.6066601276397705
sample_00221,63,1,block_out,0.9784137010574341,0.20984698832035065,27.4564208984375,0.029797453433275223
sample_00221,63,23,block_out,0.7289078831672668,0.7127759456634521,983.111572265625,1.2534832954406738
sample_00221,63,27,block_out,0.7874577045440674,0.6294276714324951,1173.773193359375,1.8728785514831543
sample_00221,63,31,block_out,0.7524300217628479,0.7051858901977539,657.103271484375,3.545633316040039
sample_00221,63,8,block_out,0.9784712791442871,0.21390874683856964,244.0877685546875,0.13881252706050873
sample_00222,0,16,block_out,0.9161012768745422,0.4022725522518158,209.70849609375,0.5619840621948242
sample_00222,0,1,block_out,1.0006914138793945,0.0005201278254389763,0.033203125,0.0001652530045248568
sample_00222,0,23,block_out,0.7926008701324463,0.6232302784919739,459.7752685546875,1.1573131084442139
sample_00222,0,27,block_out,0.8397915959358215,0.5473895072937012,572.1258544921875,1.7678755521774292
sample_00222,0,31,block_out,0.835365355014801,0.5936718583106995,540.171630859375,3.381478786468506
sample_00222,0,8,block_out,0.9955858588218689,0.10084154456853867,2.265838623046875,0.09953365474939346
sample_00222,16,16,block_out,0.873807430267334,0.4908006191253662,649.21142578125,0.595085620880127
sample_00222,16,1,block_out,0.9922561645507812,0.12954816222190857,20.86083984375,0.013018641620874405
sample_00222,16,23,block_out,0.7319589257240295,0.7102881669998169,886.50390625,1.2338800430297852
sample_00222,16,27,block_out,0.7891452312469482,0.628648579120636,1058.197265625,1.9341709613800049
sample_00222,16,31,block_out,0.7955975532531738,0.665374219417572,516.951416015625,3.662975788116455
sample_00222,16,8,block_out,0.9877021908760071,0.1614200621843338,169.33837890625,0.12375146895647049
sample_00222,32,16,block_out,0.9009644389152527,0.4362642765045166,245.880615234375,0.604078471660614
sample_00222,32,1,block_out,0.9854508638381958,0.17378383874893188,20.77734375,0.021199939772486687
sample_00222,32,23,block_out,0.7644312381744385,0.6651197671890259,429.452392578125,1.2575724124908447
sample_00222,32,27,block_out,0.7910112142562866,0.6268276572227478,539.724365234375,1.9952255487442017
sample_00222,32,31,block_out,0.766616940498352,0.7122664451599121,504.552734375,3.8314452171325684
sample_00222,32,8,block_out,0.9865255951881409,0.16903716325759888,89.55029296875,0.13523012399673462
sample_00222,4,16,block_out,0.882750391960144,0.47277122735977173,625.8720703125,0.5733109712600708
sample_00222,4,1,block_out,0.9980000853538513,0.0732869878411293,21.173828125,0.004852407146245241
sample_00222,4,23,block_out,0.7385768294334412,0.699138879776001,855.87841796875,1.2081581354141235
sample_00222,4,27,block_out,0.7932660579681396,0.6211079359054565,1023.46728515625,1.9340416193008423
sample_00222,4,31,block_out,0.8077921867370605,0.6466253995895386,562.8055419921875,3.637701988220215
sample_00222,4,8,block_out,0.990597128868103,0.14174026250839233,185.2626953125,0.10855717957019806
sample_00222,63,16,block_out,0.8943338394165039,0.4516282379627228,201.3037109375,0.6113384962081909
sample_00222,63,1,block_out,0.978253960609436,0.21076583862304688,27.5447998046875,0.029475471004843712
sample_00222,63,23,block_out,0.7694298028945923,0.6595969200134277,442.35894775390625,1.2555211782455444
sample_00222,63,27,block_out,0.8001309633255005,0.6108524799346924,551.7564086914062,1.9039212465286255
sample_00222,63,31,block_out,0.7384744882583618,0.731316089630127,551.796142578125,3.6519999504089355
sample_00222,63,8,block_out,0.9845895767211914,0.18149907886981964,45.40472412109375,0.13749876618385315
sample_00223,0,16,block_out,0.9156131148338318,0.4033403694629669,221.032958984375,0.5618187785148621
sample_00223,0,1,block_out,1.0006927251815796,0.000517279258929193,0.02874755859375,0.00016689603216946125
sample_00223,0,23,block_out,0.79404217004776,0.6209647059440613,458.65576171875,1.153000831604004
sample_00223,0,27,block_out,0.843721330165863,0.541323184967041,571.53955078125,1.7416120767593384
sample_00223,0,31,block_out,0.8333743810653687,0.594158411026001,529.3639526367188,3.3533694744110107
sample_00223,0,8,block_out,0.9955694675445557,0.10096670687198639,2.255401611328125,0.09968050569295883
sample_00223,16,16,block_out,0.8847703337669373,0.4688144624233246,643.31884765625,0.5622969269752502
sample_00223,16,1,block_out,0.9992961287498474,0.052284326404333115,21.4267578125,0.0025378307327628136
sample_00223,16,23,block_out,0.7573679685592651,0.6692120432853699,879.1607666015625,1.1767030954360962
sample_00223,16,27,block_out,0.8260688781738281,0.5686497688293457,1015.0576171875,1.7667779922485352
sample_00223,16,31,block_out,0.8450276255607605,0.5758728384971619,540.701416015625,3.2292184829711914
sample_00223,16,8,block_out,0.9893997311592102,0.15002809464931488,173.0263671875,0.10307881236076355
sample_00223,32,16,block_out,0.8982188105583191,0.4413164258003235,478.879638671875,0.556672215461731
sample_00223,32,1,block_out,0.9993709921836853,0.04997459799051285,20.91015625,0.002371261129155755
sample_00223,32,23,block_out,0.7563236355781555,0.6695668697357178,902.3463134765625,1.1903780698776245
sample_00223,32,27,block_out,0.8191192746162415,0.5801303386688232,1097.3360595703125,1.7964035272598267
sample_00223,32,31,block_out,0.8308339715003967,0.6020733714103699,539.2064208984375,3.3042545318603516
sample_00223,32,8,block_out,0.9920753240585327,0.13103778660297394,120.680419921875,0.10249295830726624
sample_00223,4,16,block_out,0.8862599730491638,0.4659808576107025,618.734375,0.5641961693763733
sample_00223,4,1,block_out,0.9990837574005127,0.056622251868247986,21.8232421875,0.0028507106471806765
sample_00223,4,23,block_out,0.7573367357254028,0.6705631017684937,818.720458984375,1.1776483058929443
sample_00223,4,27,block_out,0.8231855630874634,0.5727179050445557,952.789794921875,1.7943304777145386
sample_00223,4,31,block_out,0.8415271043777466,0.5810813307762146,533.23046875,3.2985098361968994
sample_00223,4,8,block_out,0.9882922172546387,0.15723896026611328,191.7412109375,0.10375183075666428
sample_00223,63,16,block_out,0.9229435324668884,0.38589751720428467,231.55572509765625,0.5261725783348083
sample_00223,63,1,block_out,0.9999597072601318,0.035695068538188934,26.4293212890625,0.0012782219564542174
sample_00223,63,23,block_out,0.8071263432502747,0.6023851037025452,460.06298828125,1.1543049812316895
sample_00223,63,27,block_out,0.8518949747085571,0.5273117423057556,568.48583984375,1.6761071681976318
sample_00223,63,31,block_out,0.8352665901184082,0.5787623524665833,538.1573486328125,3.042501211166382
sample_00223,63,8,block_out,0.9954296946525574,0.10225673019886017,26.4136962890625,0.0993974357843399
sample_00224,0,16,block_out,0.9161158800125122,0.4022480845451355,197.82275390625,0.56349116563797
sample_00224,0,1,block_out,1.0006805658340454,0.0005145128234289587,0.0439453125,0.00016484463412780315
sample_00224,0,23,block_out,0.7920563220977783,0.6242488622665405,462.831298828125,1.1603610515594482
sample_00224,0,27,block_out,0.839653491973877,0.5480318665504456,573.136962890625,1.7710731029510498
sample_00224,0,31,block_out,0.8301243782043457,0.6013873815536499,535.7613525390625,3.3962860107421875
sample_00224,0,8,block_out,0.9955839514732361,0.10080061852931976,2.24615478515625,0.0996173843741417
sample_00224,16,16,block_out,0.8782796263694763,0.4832746088504791,631.21337890625,0.5977818369865417
sample_00224,16,1,block_out,0.9918330907821655,0.1326015144586563,21.84423828125,0.013455825857818127
sample_00224,16,23,block_out,0.7343096733093262,0.7081719636917114,906.42431640625,1.2378963232040405
sample_00224,16,27,block_out,0.7870165109634399,0.6306154727935791,1093.113037109375,1.9509541988372803
sample_00224,16,31,block_out,0.7917725443840027,0.670187771320343,526.10791015625,3.672227621078491
sample_00224,16,8,block_out,0.988052487373352,0.15914690494537354,155.71435546875,0.12466605752706528
sample_00224,32,16,block_out,0.9003424048423767,0.4376061260700226,236.6689453125,0.6066095232963562
sample_00224,32,1,block_out,0.9854282140731812,0.17387501895427704,20.845703125,0.021335653960704803
sample_00224,32,23,block_out,0.7652079463005066,0.664664089679718,427.1806640625,1.2601768970489502
sample_00224,32,27,block_out,0.7915787100791931,0.6263210773468018,533.461669921875,1.9929218292236328
sample_00224,32,31,block_out,0.763728678226471,0.7155444622039795,504.63494873046875,3.8246066570281982
sample_00224,32,8,block_out,0.9869014620780945,0.1668124794960022,59.85870361328125,0.1358976662158966
sample_00224,4,16,block_out,0.8796340227127075,0.47995883226394653,639.5322265625,0.5869768261909485
sample_00224,4,1,block_out,0.9974519610404968,0.08019924908876419,21.8974609375,0.005972060840576887
sample_00224,4,23,block_out,0.7376182079315186,0.7044124007225037,884.818359375,1.2198660373687744
sample_00224,4,27,block_out,0.7978856563568115,0.6155707240104675,1068.2041015625,1.9202115535736084
sample_00224,4,31,block_out,0.8047690391540527,0.6493024826049805,541.3009033203125,3.620504379272461
sample_00224,4,8,block_out,0.9894892573356628,0.14941047132015228,183.34130859375,0.11494176834821701
sample_00224,63,16,block_out,0.8949991464614868,0.44962650537490845,209.52978515625,0.6049190759658813
sample_00224,63,1,block_out,0.9781882762908936,0.21100392937660217,27.5118408203125,0.029651841148734093
sample_00224,63,23,block_out,0.7723544239997864,0.6554164886474609,440.4857177734375,1.2510640621185303
sample_00224,63,27,block_out,0.8043558597564697,0.6060699820518494,543.8397216796875,1.8855986595153809
sample_00224,63,31,block_out,0.7457172870635986,0.7162829041481018,533.7088623046875,3.5966649055480957
sample_00224,63,8,block_out,0.9842481017112732,0.18329356610774994,34.3675537109375,0.13875362277030945
sample_00225,0,16,block_out,0.9076703190803528,0.42007458209991455,238.56353759765625,0.5920234322547913
sample_00225,0,1,block_out,1.0002715587615967,0.0005341234500519931,0.03515625,0.00018053146777674556
sample_00225,0,23,block_out,0.7999856472015381,0.6054621338844299,368.827880859375,1.1462678909301758
sample_00225,0,27,block_out,0.8499805927276611,0.5287012457847595,421.169677734375,1.6819329261779785
sample_00225,0,31,block_out,0.8648346066474915,0.5337654948234558,445.3055419921875,3.236783027648926
sample_00225,0,8,block_out,0.9914445877075195,0.13286282122135162,2.6103515625,0.12054306268692017
sample_00225,16,16,block_out,0.8311196565628052,0.5588968992233276,669.1830444335938,0.6031361818313599
sample_00225,16,1,block_out,0.9978624582290649,0.06901907920837402,20.560546875,0.005069870036095381
sample_00225,16,23,block_out,0.7280794382095337,0.6973042488098145,928.0033569335938,1.1498627662658691
sample_00225,16,27,block_out,0.8106168508529663,0.5907400846481323,1042.9658203125,1.7674239873886108
sample_00225,16,31,block_out,0.8443186283111572,0.5723670125007629,480.3543701171875,3.406783103942871
sample_00225,16,8,block_out,0.9689235091209412,0.24974027276039124,195.726318359375,0.1319192349910736
sample_00225,32,16,block_out,0.8353378772735596,0.5523492693901062,663.7783203125,0.60018390417099
sample_00225,32,1,block_out,0.9980682730674744,0.0653856173157692,19.98291015625,0.0047832210548222065
sample_00225,32,23,block_out,0.7330521941184998,0.690938413143158,905.084228515625,1.1560149192810059
sample_00225,32,27,block_out,0.8026994466781616,0.6031161546707153,1019.5537109375,1.821860432624817
sample_00225,32,31,block_out,0.8107786774635315,0.6308784484863281,459.48046875,3.5978569984436035
sample_00225,32,8,block_out,0.968901515007019,0.24979200959205627,214.2427978515625,0.13240458071231842
sample_00225,4,16,block_out,0.8354867100715637,0.552242636680603,639.434814453125,0.6023706197738647
sample_00225,4,1,block_out,0.9975114464759827,0.07431798428297043,21.0390625,0.005524707492440939
sample_00225,4,23,block_out,0.7300535440444946,0.6957623958587646,898.51171875,1.1557215452194214
sample_00225,4,27,block_out,0.8125922083854675,0.5871730446815491,1014.422607421875,1.7579503059387207
sample_00225,4,31,block_out,0.8505802154541016,0.5577671527862549,480.2144470214844,3.3939151763916016
sample_00225,4,8,block_out,0.9708231091499329,0.24234358966350555,175.81689453125,0.1309831589460373
sample_00225,63,16,block_out,0.8317412734031677,0.5598669052124023,652.7987060546875,0.5894960165023804
sample_00225,63,1,block_out,0.9979274272918701,0.06740157306194305,20.8359375,0.004737661220133305
sample_00225,63,23,block_out,0.723838210105896,0.7058312892913818,985.3414306640625,1.1681925058364868
sample_00225,63,27,block_out,0.7850260138511658,0.6257848739624023,1136.7427978515625,1.8700885772705078
sample_00225,63,31,block_out,0.7549556493759155,0.7010358572006226,540.9732666015625,3.640817403793335
sample_00225,63,8,block_out,0.9816153645515442,0.1925756335258484,153.38470458984375,0.12805591523647308
sample_00226,0,16,block_out,0.9111896753311157,0.4123278558254242,242.33294677734375,0.5791067481040955
sample_00226,0,1,block_out,1.000288724899292,0.0005437866202555597,0.0361328125,0.00017802792717702687
sample_00226,0,23,block_out,0.8100106716156006,0.5903019905090332,376.2705078125,1.1065926551818848
sample_00226,0,27,block_out,0.8575612306594849,0.5159529447555542,428.6884765625,1.6408765316009521
sample_00226,0,31,block_out,0.8732488751411438,0.5150682330131531,467.7373046875,3.1608517169952393
sample_00226,0,8,block_out,0.9915220737457275,0.13234715163707733,2.567138671875,0.12031760811805725
sample_00226,16,16,block_out,0.913641631603241,0.4070422649383545,227.55816650390625,0.5698326230049133
sample_00226,16,1,block_out,1.0002714395523071,0.0005302682984620333,0.0361328125,0.0001781555183697492
sample_00226,16,23,block_out,0.814765453338623,0.581580638885498,379.85968017578125,1.1001557111740112
sample_00226,16,27,block_out,0.8613571524620056,0.5089045763015747,437.064208984375,1.642516016960144
sample_00226,16,31,block_out,0.8679598569869995,0.5209362506866455,469.488037109375,3.100605010986328
sample_00226,16,8,block_out,0.9917792081832886,0.13027258217334747,2.585205078125,0.1196737065911293
sample_00226,32,16,block_out,0.9148831367492676,0.40433892607688904,239.87884521484375,0.564678430557251
sample_00226,32,1,block_out,1.0002286434173584,0.0005243300111033022,0.0306396484375,0.00018032720254268497
sample_00226,32,23,block_out,0.8197227716445923,0.5741265416145325,393.07708740234375,1.0906848907470703
sample_00226,32,27,block_out,0.8582165241241455,0.5150577425956726,445.68017578125,1.6749762296676636
sample_00226,32,31,block_out,0.8493276834487915,0.5560865998268127,470.27978515625,3.2383980751037598
sample_00226,32,8,block_out,0.9917322397232056,0.13056346774101257,2.634765625,0.12057200074195862
sample_00226,4,16,block_out,0.9128074645996094,0.40888726711273193,233.26513671875,0.572858452796936
sample_00226,4,1,block_out,1.0002901554107666,0.0005435299244709313,0.0458984375,0.00017834934988059103
sample_00226,4,23,block_out,0.8080285787582397,0.592410683631897,399.8433837890625,1.119392991065979
sample_00226,4,27,block_out,0.8558462858200073,0.5180015563964844,464.578369140625,1.663818597793579
sample_00226,4,31,block_out,0.8727846145629883,0.5111706852912903,491.814697265625,3.134958028793335
sample_00226,4,8,block_out,0.991784393787384,0.1302555352449417,2.518310546875,0.11946894228458405
sample_00226,63,16,block_out,0.9162387847900391,0.40118375420570374,232.322265625,0.5585816502571106
sample_00226,63,1,block_out,0.998792290687561,0.05314667895436287,21.2412109375,0.0030098615679889917
sample_00226,63,23,block_out,0.8198981881141663,0.5747199058532715,378.766357421875,1.116882562637329
sample_00226,63,27,block_out,0.8418238759040833,0.5417234301567078,434.059326171875,1.7556111812591553
sample_00226,63,31,block_out,0.798660397529602,0.6319936513900757,467.735107421875,3.30639910697937
sample_00226,63,8,block_out,0.9913161396980286,0.1337571144104004,22.0760498046875,0.12245257198810577
sample_00227,0,16,block_out,0.9136037230491638,0.40696510672569275,242.91552734375,0.5688673853874207
sample_00227,0,1,block_out,1.000313401222229,0.0005342276417650282,0.0341796875,0.00017246785864699632
sample_00227,0,23,block_out,0.805625855922699,0.5982691049575806,368.669677734375,1.1273945569992065
sample_00227,0,27,block_out,0.8435186147689819,0.5399084687232971,421.519775390625,1.7036378383636475
sample_00227,0,31,block_out,0.8622411489486694,0.532046377658844,462.245361328125,3.2819180488586426
sample_00227,0,8,block_out,0.9920123219490051,0.12858019769191742,2.49932861328125,0.11726705729961395
sample_00227,16,16,block_out,0.8410213589668274,0.5446158051490784,688.63623046875,0.5712530612945557
sample_00227,16,1,block_out,0.9976620674133301,0.07248996943235397,20.876220703125,0.005164381116628647
sample_00227,16,23,block_out,0.7432456612586975,0.679273247718811,929.819580078125,1.1129097938537598
sample_00227,16,27,block_out,0.8212772011756897,0.5763512849807739,1068.337646484375,1.7061481475830078
sample_00227,16,31,block_out,0.8552280068397522,0.5429129004478455,478.495361328125,3.286980628967285
sample_00227,16,8,block_out,0.9689075946807861,0.24997270107269287,221.400390625,0.12612606585025787
sample_00227,32,16,block_out,0.840618371963501,0.5448838472366333,702.6884765625,0.5671858191490173
sample_00227,32,1,block_out,0.9979171752929688,0.06810690462589264,20.1826171875,0.004817902110517025
sample_00227,32,23,block_out,0.744505763053894,0.6765587329864502,955.162353515625,1.1151684522628784
sample_00227,32,27,block_out,0.8181885480880737,0.5802382230758667,1109.686767578125,1.7277228832244873
sample_00227,32,31,block_out,0.8278031349182129,0.594493567943573,478.654296875,3.3868770599365234
sample_00227,32,8,block_out,0.9702669978141785,0.24440842866897583,218.749267578125,0.12665146589279175
sample_00227,4,16,block_out,0.8428034782409668,0.5416818261146545,668.516357421875,0.5783628225326538
sample_00227,4,1,block_out,0.9971356391906738,0.07977423816919327,21.3974609375,0.005864626262336969
sample_00227,4,23,block_out,0.7350937128067017,0.6906816959381104,913.857421875,1.1451078653335571
sample_00227,4,27,block_out,0.8052722811698914,0.5993869304656982,1063.076171875,1.7814403772354126
sample_00227,4,31,block_out,0.8462220430374146,0.559706449508667,482.93701171875,3.452756643295288
sample_00227,4,8,block_out,0.9692125916481018,0.24894151091575623,211.2216796875,0.12673349678516388
sample_00227,63,16,block_out,0.8435167670249939,0.5403928756713867,653.5244750976562,0.5530518293380737
sample_00227,63,1,block_out,0.9978256225585938,0.06909692287445068,24.5277099609375,0.004071184899657965
sample_00227,63,23,block_out,0.7439820766448975,0.6799890995025635,995.824462890625,1.0909759998321533
sample_00227,63,27,block_out,0.8080004453659058,0.5955160856246948,1105.057861328125,1.7320221662521362
sample_00227,63,31,block_out,0.8188683986663818,0.6083275675773621,508.093994140625,3.1782848834991455
sample_00227,63,8,block_out,0.983066201210022,0.18480664491653442,150.2523193359375,0.12569765746593475
sample_00228,0,16,block_out,0.9109967350959778,0.4127683639526367,239.98876953125,0.5833934545516968
sample_00228,0,1,block_out,1.0002995729446411,0.0005337398033589125,0.0283203125,0.00017900846432894468
sample_00228,0,23,block_out,0.8109288215637207,0.5891428589820862,366.3399658203125,1.1169427633285522
sample_00228,0,27,block_out,0.8584423661231995,0.5151891708374023,420.2608642578125,1.6563830375671387
sample_00228,0,31,block_out,0.8646289706230164,0.5329386591911316,453.9151611328125,3.191145420074463
sample_00228,0,8,block_out,0.9911253452301025,0.1352418214082718,3.6434326171875,0.12224783003330231
sample_00228,16,16,block_out,0.8387459516525269,0.5472050905227661,664.744873046875,0.5949447154998779
sample_00228,16,1,block_out,0.9979908466339111,0.06756671518087387,20.94970703125,0.004692312330007553
sample_00228,16,23,block_out,0.7404479384422302,0.6827232241630554,929.7455444335938,1.1226918697357178
sample_00228,16,27,block_out,0.8222256898880005,0.5745233297348022,1048.4132080078125,1.7222881317138672
sample_00228,16,31,block_out,0.8540210127830505,0.5488383173942566,498.2017822265625,3.2013673782348633
sample_00228,16,8,block_out,0.9705345034599304,0.2434058040380478,197.971435546875,0.13236862421035767
sample_00228,32,16,block_out,0.8360280394554138,0.5515775084495544,687.9129638671875,0.5933389067649841
sample_00228,32,1,block_out,0.9981677532196045,0.06425061076879501,20.33642578125,0.004433778580278158
sample_00228,32,23,block_out,0.7382984161376953,0.6850165724754333,950.4453125,1.1285024881362915
sample_00228,32,27,block_out,0.8186079859733582,0.5798937678337097,1081.75830078125,1.7272205352783203
sample_00228,32,31,block_out,0.8324301838874817,0.5840491056442261,475.25048828125,3.3056106567382812
sample_00228,32,8,block_out,0.9704970121383667,0.24341115355491638,208.30172729492188,0.13327717781066895
sample_00228,4,16,block_out,0.841405987739563,0.5429374575614929,653.583984375,0.5958263278007507
sample_00228,4,1,block_out,0.9976661801338196,0.07260041683912277,21.4521484375,0.005118645261973143
sample_00228,4,23,block_out,0.7392428517341614,0.6851128339767456,920.839599609375,1.136517882347107
sample_00228,4,27,block_out,0.8248307704925537,0.5695500373840332,1037.808349609375,1.707407832145691
sample_00228,4,31,block_out,0.8608517050743103,0.5384527444839478,477.206787109375,3.1642606258392334
sample_00228,4,8,block_out,0.9705449342727661,0.24347172677516937,190.84326171875,0.1327437460422516
sample_00228,63,16,block_out,0.8391869068145752,0.547589123249054,650.12158203125,0.576178252696991
sample_00228,63,1,block_out,0.9967419505119324,0.08327885717153549,18.64013671875,0.006825664546340704
sample_00228,63,23,block_out,0.7551942467689514,0.6645616292953491,888.9893188476562,1.1038404703140259
sample_00228,63,27,block_out,0.821316659450531,0.5745017528533936,979.53515625,1.7208601236343384
sample_00228,63,31,block_out,0.8118070363998413,0.6093930006027222,458.7227783203125,3.141934633255005
sample_00228,63,8,block_out,0.9804050922393799,0.1988489329814911,141.5203857421875,0.1333736777305603
sample_00229,0,16,block_out,0.9111830592155457,0.4124182462692261,250.74957275390625,0.5775174498558044
sample_00229,0,1,block_out,1.0002871751785278,0.000542947615031153,0.037109375,0.0001801042235456407
sample_00229,0,23,block_out,0.8081652522087097,0.5929468870162964,381.399658203125,1.12156081199646
sample_00229,0,27,block_out,0.8543673157691956,0.5217520594596863,435.903564453125,1.663662075996399
sample_00229,0,31,block_out,0.8625768423080444,0.5392919182777405,474.186767578125,3.2171876430511475
sample_00229,0,8,block_out,0.991290271282196,0.13404960930347443,2.654937744140625,0.12116097658872604
sample_00229,16,16,block_out,0.8354835510253906,0.5523483753204346,698.954833984375,0.5884886980056763
sample_00229,16,1,block_out,0.9975581765174866,0.07343851774930954,20.455078125,0.005332459229975939
sample_00229,16,23,block_out,0.7382169365882874,0.6845559477806091,955.800048828125,1.1273664236068726
sample_00229,16,27,block_out,0.8222442865371704,0.5732871890068054,1101.9072265625,1.7033449411392212
sample_00229,16,31,block_out,0.8541266918182373,0.5469177961349487,476.134033203125,3.205601453781128
sample_00229,16,8,block_out,0.972221314907074,0.23660509288311005,188.506591796875,0.13101890683174133
sample_00229,32,16,block_out,0.8317724466323853,0.558438241481781,709.07861328125,0.5918208956718445
sample_00229,32,1,block_out,0.9978145360946655,0.06927946954965591,19.911865234375,0.004988955333828926
sample_00229,32,23,block_out,0.7329121232032776,0.6917916536331177,954.356689453125,1.1487566232681274
sample_00229,32,27,block_out,0.8121344447135925,0.5891207456588745,1126.280029296875,1.751006007194519
sample_00229,32,31,block_out,0.8312629461288452,0.5866649150848389,477.859130859375,3.3558871746063232
sample_00229,32,8,block_out,0.9691190123558044,0.2491738200187683,213.705322265625,0.13311707973480225
sample_00229,4,16,block_out,0.838119626045227,0.548247218132019,682.9273071289062,0.5925219058990479
sample_00229,4,1,block_out,0.9969571828842163,0.08158308267593384,20.9306640625,0.00624778913334012
sample_00229,4,23,block_out,0.7281135320663452,0.6983941197395325,925.1035766601562,1.1710411310195923
sample_00229,4,27,block_out,0.8046075105667114,0.5980187058448792,1091.84912109375,1.788038730621338
sample_00229,4,31,block_out,0.8390855193138123,0.5778948068618774,462.933349609375,3.4368109703063965
sample_00229,4,8,block_out,0.9662375450134277,0.2607090473175049,219.47021484375,0.13264816999435425
sample_00229,63,16,block_out,0.8356196880340576,0.5532262325286865,686.7379760742188,0.5566468834877014
sample_00229,63,1,block_out,0.9989809393882751,0.049387890845537186,18.7679443359375,0.003297303104773164
sample_00229,63,23,block_out,0.7481911778450012,0.6732083559036255,912.9922485351562,1.1110525131225586
sample_00229,63,27,block_out,0.8130438327789307,0.585290253162384,1039.8681640625,1.7279791831970215
sample_00229,63,31,block_out,0.8022634387016296,0.6193126440048218,465.281005859375,3.197179079055786
sample_00229,63,8,block_out,0.9808734655380249,0.19638755917549133,157.11111450195312,0.12641112506389618
sample_00230,0,16,block_out,0.9166871905326843,0.4002079367637634,235.57177734375,0.5574247241020203
sample_00230,0,1,block_out,1.000458836555481,0.0005462034605443478,0.0400390625,0.0001798772718757391
sample_00230,0,23,block_out,0.8142643570899963,0.5857840776443481,382.35302734375,1.0846753120422363
sample_00230,0,27,block_out,0.864425778388977,0.5036770701408386,442.421875,1.616158127784729
sample_00230,0,31,block_out,0.8622127771377563,0.5342182517051697,481.96875,2.987915277481079
sample_00230,0,8,block_out,0.9934577345848083,0.11858426034450531,2.764404296875,0.11204621195793152
sample_00230,16,16,block_out,0.9165310859680176,0.40057238936424255,235.50439453125,0.5672279596328735
sample_00230,16,1,block_out,1.0002931356430054,0.017461124807596207,1.8150634765625,0.0008168704225681722
sample_00230,16,23,block_out,0.8134753704071045,0.5858492851257324,379.25927734375,1.1246960163116455
sample_00230,16,27,block_out,0.8570531606674194,0.5159782767295837,441.14208984375,1.681878924369812
sample_00230,16,31,block_out,0.8465020656585693,0.5578184127807617,480.04638671875,3.1119675636291504
sample_00230,16,8,block_out,0.9933379292488098,0.11938618868589401,3.6705474853515625,0.11481311917304993
sample_00230,32,16,block_out,0.9066794514656067,0.4223312437534332,268.1357421875,0.5949333906173706
sample_00230,32,1,block_out,0.9917137026786804,0.13179349899291992,20.9794921875,0.011787284165620804
sample_00230,32,23,block_out,0.8020996451377869,0.6019589900970459,415.33685302734375,1.166405439376831
sample_00230,32,27,block_out,0.8302512168884277,0.5603028535842896,484.8251953125,1.8431483507156372
sample_00230,32,31,block_out,0.7781966328620911,0.6650493144989014,530.0439453125,3.558497428894043
sample_00230,32,8,block_out,0.9810522198677063,0.19720831513404846,101.9302978515625,0.13954930007457733
sample_00230,4,16,block_out,0.9126033782958984,0.4094942510128021,228.56085205078125,0.5771676301956177
sample_00230,4,1,block_out,0.9998226761817932,0.035491302609443665,6.181640625,0.0030042531434446573
sample_00230,4,23,block_out,0.8045936822891235,0.59794020652771,381.4072265625,1.1295582056045532
sample_00230,4,27,block_out,0.8519324660301208,0.5244672894477844,446.190673828125,1.7004860639572144
sample_00230,4,31,block_out,0.845393717288971,0.5616989135742188,479.237548828125,3.1905384063720703
sample_00230,4,8,block_out,0.9924696683883667,0.1266717165708542,29.96044921875,0.11846396327018738
sample_00230,63,16,block_out,0.8909454345703125,0.454610139131546,238.778076171875,0.6346146464347839
sample_00230,63,1,block_out,0.9822133183479309,0.19083766639232635,23.3349609375,0.024504704400897026
sample_00230,63,23,block_out,0.7754244208335876,0.6411585211753845,379.495849609375,1.2577075958251953
sample_00230,63,27,block_out,0.7882082462310791,0.6251843571662903,440.581787109375,1.9976507425308228
sample_00230,63,31,block_out,0.7270627021789551,0.7399094700813293,466.656005859375,3.6618058681488037
sample_00230,63,8,block_out,0.9696042537689209,0.248277947306633,122.8232421875,0.16307750344276428
sample_00231,0,16,block_out,0.917059063911438,0.3993614614009857,237.19091796875,0.5591100454330444
sample_00231,0,1,block_out,1.0004570484161377,0.0005493155331350863,0.0439453125,0.00017976864182855934
sample_00231,0,23,block_out,0.8142514824867249,0.5854950547218323,392.57861328125,1.0905295610427856
sample_00231,0,27,block_out,0.8646925687789917,0.502973198890686,457.287841796875,1.61747407913208
sample_00231,0,31,block_out,0.865206241607666,0.5255641937255859,491.123779296875,2.950636386871338
sample_00231,0,8,block_out,0.9939844608306885,0.11422255635261536,2.6962890625,0.10954724997282028
sample_00231,16,16,block_out,0.8654980063438416,0.5040475130081177,593.32568359375,0.5988914966583252
sample_00231,16,1,block_out,0.9916629791259766,0.1322067528963089,25.646484375,0.013782123103737831
sample_00231,16,23,block_out,0.7485203146934509,0.6798059344291687,899.745361328125,1.1720069646835327
sample_00231,16,27,block_out,0.8012262582778931,0.6052383780479431,1077.721923828125,1.854127049446106
sample_00231,16,31,block_out,0.7658708095550537,0.6923482418060303,561.6435546875,3.6188290119171143
sample_00231,16,8,block_out,0.9826395511627197,0.1902383714914322,199.69775390625,0.13616222143173218
sample_00231,32,16,block_out,0.8531556129455566,0.5274117588996887,580.7857666015625,0.6430742144584656
sample_00231,32,1,block_out,0.9834891557693481,0.18324117362499237,24.6513671875,0.024205395951867104
sample_00231,32,23,block_out,0.7224352359771729,0.7150574326515198,885.110595703125,1.2473127841949463
sample_00231,32,27,block_out,0.76039057970047,0.6632754802703857,1054.423095703125,2.0343852043151855
sample_00231,32,31,block_out,0.7251041531562805,0.7419783473014832,545.50634765625,3.862776756286621
sample_00231,32,8,block_out,0.9780664443969727,0.2143046259880066,211.373291015625,0.15033569931983948
sample_00231,4,16,block_out,0.880144476890564,0.47617146372795105,608.376708984375,0.5671653151512146
sample_00231,4,1,block_out,0.9976757764816284,0.07445135712623596,21.7666015625,0.004825246520340443
sample_00231,4,23,block_out,0.7674698829650879,0.6500988602638245,806.7998657226562,1.1373192071914673
sample_00231,4,27,block_out,0.8287312984466553,0.5621196627616882,965.7471313476562,1.7467620372772217
sample_00231,4,31,block_out,0.8282985687255859,0.5991426110267639,521.536865234375,3.2886881828308105
sample_00231,4,8,block_out,0.9901326894760132,0.1441110372543335,100.37486267089844,0.115996353328228
sample_00231,63,16,block_out,0.853779137134552,0.5263159871101379,595.482666015625,0.626704752445221
sample_00231,63,1,block_out,0.9761014580726624,0.21926060318946838,26.467529296875,0.035815779119729996
sample_00231,63,23,block_out,0.7372770309448242,0.6952713131904602,899.7611083984375,1.240455150604248
sample_00231,63,27,block_out,0.7786569595336914,0.6387902498245239,1065.3851318359375,1.9582319259643555
sample_00231,63,31,block_out,0.7295128703117371,0.7313136458396912,552.9476318359375,3.5772464275360107
sample_00231,63,8,block_out,0.9708715081214905,0.24899812042713165,168.451171875,0.1607058346271515
sample_00232,0,16,block_out,0.9192103147506714,0.3944350779056549,241.9810791015625,0.5489304661750793
sample_00232,0,1,block_out,1.0004836320877075,0.0005532898940145969,0.033203125,0.0001829619286581874
sample_00232,0,23,block_out,0.819135308265686,0.5780187249183655,401.712890625,1.0732728242874146
sample_00232,0,27,block_out,0.8710413575172424,0.4917014241218567,471.208984375,1.599953293800354
sample_00232,0,31,block_out,0.8718990087509155,0.514454185962677,499.478515625,2.928713083267212
sample_00232,0,8,block_out,0.9938725233078003,0.11543911695480347,2.728515625,0.11085288971662521
sample_00232,16,16,block_out,0.8675687313079834,0.5005524754524231,620.7801513671875,0.6048492789268494
sample_00232,16,1,block_out,0.9908627271652222,0.13831336796283722,25.892578125,0.013897904194891453
sample_00232,16,23,block_out,0.7473647594451904,0.6821921467781067,859.8277587890625,1.1968512535095215
sample_00232,16,27,block_out,0.7989507913589478,0.6068993806838989,1039.3538818359375,1.888161301612854
sample_00232,16,31,block_out,0.7645987272262573,0.6949220895767212,517.349609375,3.6400606632232666
sample_00232,16,8,block_out,0.9810190796852112,0.19858860969543457,220.839599609375,0.13717132806777954
sample_00232,32,16,block_out,0.8621661067008972,0.5107086896896362,643.6640625,0.6224995255470276
sample_00232,32,1,block_out,0.9844385385513306,0.17825230956077576,24.591796875,0.022633958607912064
sample_00232,32,23,block_out,0.7401163578033447,0.691298246383667,860.6371459960938,1.2295210361480713
sample_00232,32,27,block_out,0.7823284864425659,0.6287647485733032,1029.1904296875,1.9546834230422974
sample_00232,32,31,block_out,0.7318878173828125,0.7341094017028809,478.635986328125,3.795041561126709
sample_00232,32,8,block_out,0.9773479104042053,0.2167760133743286,143.608154296875,0.1472180187702179
sample_00232,4,16,block_out,0.8859698176383972,0.46550461649894714,571.83251953125,0.5720801949501038
sample_00232,4,1,block_out,0.9970011711120605,0.08330798894166946,22.86279296875,0.0056007495149970055
sample_00232,4,23,block_out,0.7757982015609741,0.641706645488739,788.789794921875,1.1210708618164062
sample_00232,4,27,block_out,0.8377231359481812,0.5484647154808044,931.4521484375,1.7219598293304443
sample_00232,4,31,block_out,0.8256337642669678,0.5987085103988647,514.9400024414062,3.230170965194702
sample_00232,4,8,block_out,0.9910463094711304,0.1376054883003235,106.31103515625,0.11941003054380417
sample_00232,63,16,block_out,0.8638337850570679,0.5079420804977417,607.5159912109375,0.616063117980957
sample_00232,63,1,block_out,0.9763075709342957,0.21880899369716644,26.73101806640625,0.034267354756593704
sample_00232,63,23,block_out,0.7478199601173401,0.682234525680542,918.6978759765625,1.2321804761886597
sample_00232,63,27,block_out,0.7951781153678894,0.614215612411499,1093.7271728515625,1.8905798196792603
sample_00232,63,31,block_out,0.754666805267334,0.6964191794395447,484.058349609375,3.4642810821533203
sample_00232,63,8,block_out,0.9737852811813354,0.23496092855930328,157.94154357910156,0.15343250334262848
sample_00233,0,16,block_out,0.9165893793106079,0.4005023241043091,231.169921875,0.5606626868247986
sample_00233,0,1,block_out,1.0004463195800781,0.0005409019649960101,0.0302734375,0.00017829245189204812
sample_00233,0,23,block_out,0.8106235861778259,0.5902233719825745,392.16748046875,1.0994887351989746
sample_00233,0,27,block_out,0.8619713187217712,0.5080947279930115,463.03369140625,1.6195931434631348
sample_00233,0,31,block_out,0.8621830344200134,0.5378851890563965,484.25439453125,2.9686930179595947
sample_00233,0,8,block_out,0.9940335750579834,0.11366412043571472,2.8197021484375,0.1094459667801857
sample_00233,16,16,block_out,0.8631083369255066,0.5070211291313171,643.540283203125,0.6009828448295593
sample_00233,16,1,block_out,0.9921612739562988,0.12833388149738312,25.560546875,0.012807999737560749
sample_00233,16,23,block_out,0.7494575381278992,0.6756612062454224,848.027099609375,1.1829744577407837
sample_00233,16,27,block_out,0.8016872406005859,0.6041356921195984,1018.84228515625,1.8528333902359009
sample_00233,16,31,block_out,0.7740805149078369,0.6809936761856079,464.3193359375,3.552220344543457
sample_00233,16,8,block_out,0.9824731945991516,0.19059640169143677,194.3311767578125,0.13429094851016998
sample_00233,32,16,block_out,0.8628669381141663,0.5087565183639526,565.30322265625,0.6196845173835754
sample_00233,32,1,block_out,0.986375629901886,0.16690337657928467,24.2744140625,0.02198576182126999
sample_00233,32,23,block_out,0.7396096587181091,0.6909261345863342,874.70263671875,1.215432047843933
sample_00233,32,27,block_out,0.7835846543312073,0.6291494369506836,1039.86767578125,1.9329891204833984
sample_00233,32,31,block_out,0.7377852201461792,0.7306346297264099,504.4404296875,3.72988224029541
sample_00233,32,8,block_out,0.9791027307510376,0.20853222906589508,143.971923828125,0.1469201296567917
sample_00233,4,16,block_out,0.8821163773536682,0.47220346331596375,595.90869140625,0.5677542090415955
sample_00233,4,1,block_out,0.9983278512954712,0.06502342969179153,21.35205078125,0.0038032662123441696
sample_00233,4,23,block_out,0.7665285468101501,0.6517742276191711,796.7310791015625,1.1488337516784668
sample_00233,4,27,block_out,0.8257875442504883,0.5671778321266174,941.6529541015625,1.7597250938415527
sample_00233,4,31,block_out,0.8281917572021484,0.5988492965698242,511.552490234375,3.2774078845977783
sample_00233,4,8,block_out,0.9897081851959229,0.14679642021656036,114.34326171875,0.11487282067537308
sample_00233,63,16,block_out,0.8516765236854553,0.530077338218689,613.505859375,0.5987108945846558
sample_00233,63,1,block_out,0.9766973257064819,0.2166014164686203,22.693359375,0.03659994155168533
sample_00233,63,23,block_out,0.7471924424171448,0.6816429495811462,908.166015625,1.2052158117294312
sample_00233,63,27,block_out,0.7894665002822876,0.6213473081588745,1097.654296875,1.8773837089538574
sample_00233,63,31,block_out,0.7527687549591064,0.7079452276229858,529.9658203125,3.423496961593628
sample_00233,63,8,block_out,0.971647322177887,0.24482353031635284,156.57208251953125,0.15642395615577698
sample_00234,0,16,block_out,0.920587420463562,0.39125990867614746,236.331787109375,0.5496290922164917
sample_00234,0,1,block_out,1.0004613399505615,0.0005471980548463762,0.0390625,0.00017782842041924596
sample_00234,0,23,block_out,0.8181334733963013,0.5790941715240479,387.093505859375,1.0913796424865723
sample_00234,0,27,block_out,0.869245707988739,0.4951981008052826,450.931396484375,1.604675054550171
sample_00234,0,31,block_out,0.8712803721427917,0.5179097652435303,481.241943359375,2.91782283782959
sample_00234,0,8,block_out,0.9941078424453735,0.11320597678422928,2.671630859375,0.10917586833238602
sample_00234,16,16,block_out,0.8615747690200806,0.5105915665626526,663.2730712890625,0.6017342805862427
sample_00234,16,1,block_out,0.9916431307792664,0.13243471086025238,26.017578125,0.014005102217197418
sample_00234,16,23,block_out,0.7482679486274719,0.676939070224762,877.1529541015625,1.1912672519683838
sample_00234,16,27,block_out,0.80133455991745,0.6041990518569946,1054.0260009765625,1.8741130828857422
sample_00234,16,31,block_out,0.766821563243866,0.7003664374351501,497.868896484375,3.620044469833374
sample_00234,16,8,block_out,0.9787052869796753,0.20974519848823547,220.51202392578125,0.13546431064605713
sample_00234,32,16,block_out,0.8682073354721069,0.49956023693084717,543.7667846679688,0.6112995743751526
sample_00234,32,1,block_out,0.9847791194915771,0.17614085972309113,24.703125,0.02354733645915985
sample_00234,32,23,block_out,0.743614912033081,0.6855702996253967,872.5311889648438,1.2209643125534058
sample_00234,32,27,block_out,0.7900734543800354,0.6197506189346313,1047.98828125,1.9219400882720947
sample_00234,32,31,block_out,0.7400830388069153,0.7283926010131836,517.881103515625,3.730041742324829
sample_00234,32,8,block_out,0.9782831072807312,0.21242617070674896,143.77880859375,0.1469545215368271
sample_00234,4,16,block_out,0.8853747248649597,0.4661228358745575,579.20654296875,0.5722278952598572
sample_00234,4,1,block_out,0.9969015121459961,0.0842457115650177,22.64453125,0.0060216402634978294
sample_00234,4,23,block_out,0.7717084288597107,0.6458786725997925,812.17578125,1.126407265663147
sample_00234,4,27,block_out,0.8363592624664307,0.5512341260910034,968.13818359375,1.7120052576065063
sample_00234,4,31,block_out,0.8327012062072754,0.5926051139831543,597.611328125,3.194160223007202
sample_00234,4,8,block_out,0.9917429685592651,0.13226673007011414,86.0712890625,0.11755368113517761
sample_00234,63,16,block_out,0.8585570454597473,0.5182852745056152,589.3128662109375,0.6139925718307495
sample_00234,63,1,block_out,0.9764795899391174,0.21766804158687592,26.251129150390625,0.035353418439626694
sample_00234,63,23,block_out,0.7382153272628784,0.6933376789093018,912.9405517578125,1.2469788789749146
sample_00234,63,27,block_out,0.7833935618400574,0.6302329897880554,1090.1143798828125,1.9351037740707397
sample_00234,63,31,block_out,0.7398278713226318,0.7213425040245056,521.771728515625,3.5843961238861084
sample_00234,63,8,block_out,0.9718958139419556,0.24471034109592438,149.572265625,0.15722592175006866
sample_00235,0,16,block_out,0.9096866846084595,0.41624346375465393,227.1279296875,0.5813634991645813
sample_00235,0,1,block_out,1.0005320310592651,0.0005298633477650583,0.04052734375,0.00017071649199351668
sample_00235,0,23,block_out,0.7986209392547607,0.6118866205215454,393.09521484375,1.1215293407440186
sample_00235,0,27,block_out,0.8352299928665161,0.5538414716720581,466.691650390625,1.783084750175476
sample_00235,0,31,block_out,0.83332759141922,0.5854412913322449,490.273681640625,3.3042850494384766
sample_00235,0,8,block_out,0.9928501844406128,0.1242198497056961,2.669921875,0.1164797693490982
sample_00235,16,16,block_out,0.8631343841552734,0.5095463395118713,654.529052734375,0.6220912933349609
sample_00235,16,1,block_out,0.9923803806304932,0.12742696702480316,26.11328125,0.011712738312780857
sample_00235,16,23,block_out,0.733600378036499,0.701545774936676,898.1557006835938,1.2102106809616089
sample_00235,16,27,block_out,0.7796304821968079,0.6374951004981995,1075.4166259765625,1.9833348989486694
sample_00235,16,31,block_out,0.7564404010772705,0.7018009424209595,594.4580078125,3.829287052154541
sample_00235,16,8,block_out,0.980266809463501,0.2014012336730957,222.829345703125,0.13655540347099304
sample_00235,32,16,block_out,0.8568311333656311,0.520273745059967,683.920166015625,0.6330875158309937
sample_00235,32,1,block_out,0.9844753742218018,0.1785431057214737,24.8359375,0.02084548957645893
sample_00235,32,23,block_out,0.7294034361839294,0.7062674760818481,920.3070068359375,1.2390042543411255
sample_00235,32,27,block_out,0.7678583860397339,0.65471351146698,1102.282470703125,2.038194417953491
sample_00235,32,31,block_out,0.7359176278114319,0.734363853931427,517.342041015625,3.9587748050689697
sample_00235,32,8,block_out,0.9755198955535889,0.22421768307685852,214.3271484375,0.14961060881614685
sample_00235,4,16,block_out,0.8775268793106079,0.4820788502693176,618.25830078125,0.5979266166687012
sample_00235,4,1,block_out,0.9974279403686523,0.07875271886587143,22.9267578125,0.004848489072173834
sample_00235,4,23,block_out,0.7514423727989197,0.6765539050102234,852.2509765625,1.1714307069778442
sample_00235,4,27,block_out,0.806384801864624,0.5986801981925964,956.83544921875,1.882293701171875
sample_00235,4,31,block_out,0.7933719754219055,0.6515939831733704,597.858154296875,3.5763893127441406
sample_00235,4,8,block_out,0.9844046235084534,0.17930176854133606,206.35400390625,0.12414292991161346
sample_00235,63,16,block_out,0.8642218708992004,0.5101210474967957,515.7723388671875,0.6051408052444458
sample_00235,63,1,block_out,0.9778315424919128,0.21226701140403748,23.455078125,0.031197603791952133
sample_00235,63,23,block_out,0.7620590329170227,0.6619511842727661,909.859130859375,1.1813302040100098
sample_00235,63,27,block_out,0.8042222261428833,0.602552056312561,1087.988037109375,1.8753525018692017
sample_00235,63,31,block_out,0.7560600638389587,0.6969344615936279,576.139892578125,3.4346120357513428
sample_00235,63,8,block_out,0.9760640859603882,0.22306524217128754,173.074462890625,0.15604208409786224
sample_00236,0,16,block_out,0.9131225347518921,0.4090460240840912,227.15283203125,0.5755799412727356
sample_00236,0,1,block_out,1.0006142854690552,0.0005362038500607014,0.0361328125,0.00016852625412866473
sample_00236,0,23,block_out,0.807356059551239,0.5982916951179504,395.7799072265625,1.1177868843078613
sample_00236,0,27,block_out,0.849563479423523,0.531222939491272,468.9259033203125,1.7311348915100098
sample_00236,0,31,block_out,0.8438005447387695,0.5686929225921631,492.3604736328125,3.1868841648101807
sample_00236,0,8,block_out,0.9930282831192017,0.12314499914646149,2.646728515625,0.11561964452266693
sample_00236,16,16,block_out,0.865293025970459,0.5060327649116516,661.28369140625,0.6117349863052368
sample_00236,16,1,block_out,0.9919417500495911,0.13140855729579926,26.3330078125,0.01155813131481409
sample_00236,16,23,block_out,0.7455206513404846,0.6879286170005798,875.80712890625,1.2100340127944946
sample_00236,16,27,block_out,0.7930343747138977,0.6194159984588623,1054.72705078125,1.9516561031341553
sample_00236,16,31,block_out,0.75461745262146,0.6976640820503235,516.607666015625,3.775005578994751
sample_00236,16,8,block_out,0.9778835773468018,0.21353840827941895,221.392578125,0.13555908203125
sample_00236,32,16,block_out,0.8572442531585693,0.5218998789787292,670.76953125,0.632229208946228
sample_00236,32,1,block_out,0.9867350459098816,0.16601815819740295,25.232421875,0.01882852427661419
sample_00236,32,23,block_out,0.7365221381187439,0.7015834450721741,899.255859375,1.2381526231765747
sample_00236,32,27,block_out,0.7754267454147339,0.6453348994255066,1073.45654296875,2.0201520919799805
sample_00236,32,31,block_out,0.7336655855178833,0.7235012650489807,502.9814453125,3.8632285594940186
sample_00236,32,8,block_out,0.9738202691078186,0.2323349118232727,229.419677734375,0.14682963490486145
sample_00236,4,16,block_out,0.8752158880233765,0.48792052268981934,586.93017578125,0.5960285067558289
sample_00236,4,1,block_out,0.9974013566970825,0.0801507830619812,23.85009765625,0.004608588293194771
sample_00236,4,23,block_out,0.7592540979385376,0.6676183938980103,776.4638671875,1.1713968515396118
sample_00236,4,27,block_out,0.8105626106262207,0.5932913422584534,892.1796875,1.881048321723938
sample_00236,4,31,block_out,0.7849456071853638,0.6672969460487366,666.63623046875,3.635442018508911
sample_00236,4,8,block_out,0.9821619987487793,0.1917252391576767,209.3046875,0.12321431934833527
sample_00236,63,16,block_out,0.8587042093276978,0.5208349823951721,510.202392578125,0.6137639880180359
sample_00236,63,1,block_out,0.97797030210495,0.2118140161037445,28.748291015625,0.029887523502111435
sample_00236,63,23,block_out,0.7585487961769104,0.6682493686676025,865.170166015625,1.1863646507263184
sample_00236,63,27,block_out,0.8133590817451477,0.5904972553253174,1033.647705078125,1.8327336311340332
sample_00236,63,31,block_out,0.7710546851158142,0.6766443848609924,549.526611328125,3.3541691303253174
sample_00236,63,8,block_out,0.9751963019371033,0.22685964405536652,222.63671875,0.15438395738601685
sample_00237,0,16,block_out,0.9121029376983643,0.4111470580101013,226.7381591796875,0.5770590901374817
sample_00237,0,1,block_out,1.000618815422058,0.000521681853570044,0.03515625,0.00016834898269735277
sample_00237,0,23,block_out,0.8037852644920349,0.603732705116272,391.727783203125,1.1161925792694092
sample_00237,0,27,block_out,0.8454726338386536,0.5371872186660767,472.135498046875,1.7379776239395142
sample_00237,0,31,block_out,0.8368583917617798,0.5760738253593445,495.73779296875,3.2182347774505615
sample_00237,0,8,block_out,0.9932056665420532,0.12166883051395416,2.933837890625,0.11407557874917984
sample_00237,16,16,block_out,0.858559787273407,0.5177011489868164,689.27587890625,0.6269637942314148
sample_00237,16,1,block_out,0.9924052953720093,0.12788906693458557,25.28125,0.011009275913238525
sample_00237,16,23,block_out,0.73403000831604,0.7008222937583923,912.484130859375,1.2295342683792114
sample_00237,16,27,block_out,0.7818732261657715,0.6344815492630005,1094.6884765625,1.992008924484253
sample_00237,16,31,block_out,0.7485062479972839,0.7108835577964783,542.59033203125,3.8202712535858154
sample_00237,16,8,block_out,0.9782232642173767,0.21171285212039948,224.6064453125,0.13412266969680786
sample_00237,32,16,block_out,0.854117751121521,0.5265706777572632,649.9415283203125,0.6434316635131836
sample_00237,32,1,block_out,0.9867054224014282,0.16623789072036743,24.189453125,0.018648231402039528
sample_00237,32,23,block_out,0.7245307564735413,0.7139467597007751,882.2799072265625,1.2652342319488525
sample_00237,32,27,block_out,0.7607482075691223,0.663313090801239,1068.83935546875,2.078166961669922
sample_00237,32,31,block_out,0.720201849937439,0.7466250061988831,525.1407470703125,3.968669891357422
sample_00237,32,8,block_out,0.9745726585388184,0.2289975881576538,233.32525634765625,0.14520812034606934
sample_00237,4,16,block_out,0.8732709288597107,0.4905773103237152,637.0340576171875,0.5917986035346985
sample_00237,4,1,block_out,0.9979913830757141,0.07249502837657928,23.677734375,0.004061161540448666
sample_00237,4,23,block_out,0.7518227696418762,0.6755713224411011,880.6624755859375,1.1710126399993896
sample_00237,4,27,block_out,0.8094950318336487,0.5951279401779175,982.7054443359375,1.8745335340499878
sample_00237,4,31,block_out,0.7885206341743469,0.6600053310394287,615.27783203125,3.5785818099975586
sample_00237,4,8,block_out,0.9813326597213745,0.1959497630596161,226.23974609375,0.12138832360506058
sample_00237,63,16,block_out,0.8591127395629883,0.5197028517723083,635.906494140625,0.6017857789993286
sample_00237,63,1,block_out,0.9797612428665161,0.2033936232328415,23.40966796875,0.02969447523355484
sample_00237,63,23,block_out,0.762848436832428,0.6616493463516235,856.26220703125,1.1860586404800415
sample_00237,63,27,block_out,0.8101840019226074,0.5927517414093018,978.42822265625,1.8490920066833496
sample_00237,63,31,block_out,0.754334032535553,0.7006855010986328,560.777587890625,3.4255738258361816
sample_00237,63,8,block_out,0.9762572050094604,0.2221965789794922,235.624755859375,0.14726567268371582
sample_00238,0,16,block_out,0.9131656289100647,0.4091138243675232,226.92919921875,0.5758086442947388
sample_00238,0,1,block_out,1.0006765127182007,0.0005278425524011254,0.0322265625,0.00016871957632247359
sample_00238,0,23,block_out,0.8060060739517212,0.6017504930496216,398.91943359375,1.1283740997314453
sample_00238,0,27,block_out,0.847191333770752,0.5349093675613403,476.99365234375,1.7553324699401855
sample_00238,0,31,block_out,0.8343075513839722,0.5872024297714233,499.17724609375,3.278299331665039
sample_00238,0,8,block_out,0.9930477738380432,0.12310972809791565,2.685791015625,0.11540258675813675
sample_00238,16,16,block_out,0.8747095465660095,0.4885494112968445,586.0726318359375,0.6010949611663818
sample_00238,16,1,block_out,0.9925046563148499,0.1275235414505005,26.611328125,0.010634295642375946
sample_00238,16,23,block_out,0.7575136423110962,0.6694692969322205,725.0104370117188,1.1874287128448486
sample_00238,16,27,block_out,0.8059204816818237,0.6003904342651367,868.2330932617188,1.907893419265747
sample_00238,16,31,block_out,0.7733694911003113,0.6791839599609375,475.9169921875,3.660435914993286
sample_00238,16,8,block_out,0.9777828454971313,0.2139037847518921,231.156494140625,0.13446365296840668
sample_00238,32,16,block_out,0.8678147196769714,0.5033817887306213,621.483154296875,0.6185919046401978
sample_00238,32,1,block_out,0.9849637150764465,0.1765076369047165,25.380859375,0.019710242748260498
sample_00238,32,23,block_out,0.7588138580322266,0.6706672310829163,842.0067138671875,1.1870132684707642
sample_00238,32,27,block_out,0.80207359790802,0.6081373691558838,976.3916015625,1.9367767572402954
sample_00238,32,31,block_out,0.7804285287857056,0.6770113706588745,464.42657470703125,3.6610159873962402
sample_00238,32,8,block_out,0.9734132885932922,0.23450656235218048,242.11715698242188,0.14756523072719574
sample_00238,4,16,block_out,0.8804940581321716,0.4776135981082916,506.34228515625,0.5916279554367065
sample_00238,4,1,block_out,0.9977227449417114,0.07684881240129471,24.4921875,0.004264734219759703
sample_00238,4,23,block_out,0.7589465379714966,0.668185293674469,744.384521484375,1.1823581457138062
sample_00238,4,27,block_out,0.8076706528663635,0.5985918045043945,910.803955078125,1.902842402458191
sample_00238,4,31,block_out,0.7822476029396057,0.6746287941932678,602.3214111328125,3.649120330810547
sample_00238,4,8,block_out,0.9811819791793823,0.19678767025470734,225.19091796875,0.12313289940357208
sample_00238,63,16,block_out,0.8677895665168762,0.5046724677085876,638.395263671875,0.590686559677124
sample_00238,63,1,block_out,0.9765657186508179,0.21839556097984314,24.259765625,0.02933938056230545
sample_00238,63,23,block_out,0.7807651162147522,0.6407743096351624,856.012451171875,1.1524313688278198
sample_00238,63,27,block_out,0.8379257321357727,0.5530285835266113,983.503173828125,1.7412631511688232
sample_00238,63,31,block_out,0.8083674907684326,0.624644935131073,473.8411865234375,3.1030516624450684
sample_00238,63,8,block_out,0.9742999076843262,0.2314269244670868,238.787109375,0.15242618322372437
sample_00239,0,16,block_out,0.9140195846557617,0.4068019390106201,225.715087890625,0.5680396556854248
sample_00239,0,1,block_out,1.0005899667739868,0.0005312856519594789,0.0380859375,0.0001659279369050637
sample_00239,0,23,block_out,0.8048623204231262,0.602284848690033,402.5750732421875,1.1145702600479126
sample_00239,0,27,block_out,0.8455149531364441,0.5372996926307678,480.8397216796875,1.7230491638183594
sample_00239,0,31,block_out,0.8353622555732727,0.5840637683868408,508.7410888671875,3.237964153289795
sample_00239,0,8,block_out,0.9933357834815979,0.12063726782798767,2.6728515625,0.11285605281591415
sample_00239,16,16,block_out,0.8550751209259033,0.5257182121276855,675.0748291015625,0.6307127475738525
sample_00239,16,1,block_out,0.9929873943328857,0.12307413667440414,26.1796875,0.010841215029358864
sample_00239,16,23,block_out,0.7287757992744446,0.7090204954147339,901.4385986328125,1.2324445247650146
sample_00239,16,27,block_out,0.7669042348861694,0.6562134623527527,1081.4163818359375,2.0332844257354736
sample_00239,16,31,block_out,0.722496509552002,0.7486686706542969,579.2418212890625,4.007226943969727
sample_00239,16,8,block_out,0.9771599769592285,0.21691863238811493,216.247802734375,0.13571491837501526
sample_00239,32,16,block_out,0.8455616235733032,0.5433840155601501,691.364013671875,0.6494764089584351
sample_00239,32,1,block_out,0.9851948022842407,0.17476317286491394,24.9296875,0.019757864996790886
sample_00239,32,23,block_out,0.7232255935668945,0.7157797813415527,915.5792236328125,1.2470989227294922
sample_00239,32,27,block_out,0.7546502947807312,0.6725162267684937,1101.8934326171875,2.0694491863250732
sample_00239,32,31,block_out,0.7106149196624756,0.7620202898979187,531.137939453125,4.032647132873535
sample_00239,32,8,block_out,0.9720405340194702,0.24014799296855927,225.682861328125,0.1490938365459442
sample_00239,4,16,block_out,0.8782492280006409,0.4810866415500641,659.758056640625,0.5731399655342102
sample_00239,4,1,block_out,0.9986556172370911,0.06227388605475426,22.91796875,0.0030190576799213886
sample_00239,4,23,block_out,0.7562810182571411,0.6675766110420227,881.70751953125,1.1664396524429321
sample_00239,4,27,block_out,0.8032999634742737,0.601937472820282,1042.590087890625,1.8849722146987915
sample_00239,4,31,block_out,0.794195830821991,0.6503474116325378,581.778564453125,3.625108003616333
sample_00239,4,8,block_out,0.9816192984580994,0.19471661746501923,212.80322265625,0.11771626770496368
sample_00239,63,16,block_out,0.8503171801567078,0.5374805331230164,669.8897705078125,0.6086968183517456
sample_00239,63,1,block_out,0.9780762195587158,0.21122170984745026,23.533203125,0.030293727293610573
sample_00239,63,23,block_out,0.761825442314148,0.6635981798171997,902.8671264648438,1.1712292432785034
sample_00239,63,27,block_out,0.8085732460021973,0.597463071346283,1028.7587890625,1.838011622428894
sample_00239,63,31,block_out,0.7583496570587158,0.6955966949462891,553.3226318359375,3.3662326335906982
sample_00239,63,8,block_out,0.9724422693252563,0.23983168601989746,226.7286376953125,0.1525450497865677
sample_00240,0,16,block_out,0.9249618053436279,0.3823949098587036,240.604736328125,0.5595800280570984
sample_00240,0,1,block_out,1.0013065338134766,0.0005414741463027894,0.05224609375,0.00016950772260315716
sample_00240,0,23,block_out,0.8404365181922913,0.550325334072113,394.6649169921875,1.0886385440826416
sample_00240,0,27,block_out,0.8742605447769165,0.488995760679245,464.4847412109375,1.6287420988082886
sample_00240,0,31,block_out,0.8541224002838135,0.5542238354682922,487.8514404296875,3.0280542373657227
sample_00240,0,8,block_out,0.9938704967498779,0.12222778797149658,2.973876953125,0.11856565624475479
sample_00240,16,16,block_out,0.9009609222412109,0.4374725818634033,626.5154418945312,0.5778668522834778
sample_00240,16,1,block_out,0.9963001012802124,0.09997110068798065,26.3203125,0.006180341821163893
sample_00240,16,23,block_out,0.8111063838005066,0.5970996618270874,851.5991821289062,1.1276934146881104
sample_00240,16,27,block_out,0.8562814593315125,0.5216659903526306,1048.51171875,1.6832653284072876
sample_00240,16,31,block_out,0.8253617286682129,0.6051174402236938,671.2808837890625,3.1268234252929688
sample_00240,16,8,block_out,0.9853663444519043,0.17904037237167358,262.9755859375,0.12822780013084412
sample_00240,32,16,block_out,0.8980855941772461,0.4434613287448883,643.726318359375,0.5851261019706726
sample_00240,32,1,block_out,0.9938793182373047,0.1217346042394638,25.490234375,0.010009796358644962
sample_00240,32,23,block_out,0.8081651329994202,0.6015577912330627,914.621337890625,1.1394747495651245
sample_00240,32,27,block_out,0.852188229560852,0.528082013130188,1105.289306640625,1.700600266456604
sample_00240,32,31,block_out,0.8182421922683716,0.6135648488998413,505.3094482421875,3.1430256366729736
sample_00240,32,8,block_out,0.9836074709892273,0.18916630744934082,264.89453125,0.13500472903251648
sample_00240,4,16,block_out,0.9115344285964966,0.41399863362312317,536.072265625,0.56830233335495
sample_00240,4,1,block_out,0.9996021389961243,0.05842338502407074,23.48583984375,0.0027269036509096622
sample_00240,4,23,block_out,0.8214957118034363,0.5808390974998474,697.43603515625,1.1152218580245972
sample_00240,4,27,block_out,0.8593311905860901,0.5166534185409546,856.3409423828125,1.6969833374023438
sample_00240,4,31,block_out,0.8322463631629944,0.5962133407592773,482.931640625,3.1598873138427734
sample_00240,4,8,block_out,0.9889235496520996,0.15773127973079681,196.450927734375,0.12344673275947571
sample_00240,63,16,block_out,0.898470938205719,0.4435613751411438,584.09130859375,0.5712917447090149
sample_00240,63,1,block_out,0.9889650940895081,0.15672461688518524,27.8809814453125,0.015849217772483826
sample_00240,63,23,block_out,0.8184007406234741,0.5853785872459412,1012.736572265625,1.117934226989746
sample_00240,63,27,block_out,0.8628764152526855,0.5097833871841431,1216.293212890625,1.6463470458984375
sample_00240,63,31,block_out,0.8282410502433777,0.589624285697937,757.323486328125,2.9704065322875977
sample_00240,63,8,block_out,0.9837511777877808,0.18881455063819885,278.6869812011719,0.13736258447170258
sample_00241,0,16,block_out,0.9260470271110535,0.37983790040016174,243.652587890625,0.5529949069023132
sample_00241,0,1,block_out,1.0013892650604248,0.0005456031649373472,0.04296875,0.0001689564815023914
sample_00241,0,23,block_out,0.8406951427459717,0.5489037036895752,398.72003173828125,1.087294340133667
sample_00241,0,27,block_out,0.8730707168579102,0.4908485412597656,469.306396484375,1.6338229179382324
sample_00241,0,31,block_out,0.8416629433631897,0.5743784308433533,489.292236328125,3.081061601638794
sample_00241,0,8,block_out,0.9940931797027588,0.12067446112632751,3.01318359375,0.1182185485959053
sample_00241,16,16,block_out,0.9102287888526917,0.4167343080043793,537.634521484375,0.5809443593025208
sample_00241,16,1,block_out,0.9991180300712585,0.06752514839172363,27.9033203125,0.0030190586112439632
sample_00241,16,23,block_out,0.8032139539718628,0.6068366765975952,928.1640625,1.1781405210494995
sample_00241,16,27,block_out,0.8270819783210754,0.5718141794204712,1110.912109375,1.8451557159423828
sample_00241,16,31,block_out,0.7773717045783997,0.6824588179588318,694.1068115234375,3.5024683475494385
sample_00241,16,8,block_out,0.9906745553016663,0.1462252140045166,167.822265625,0.12597419321537018
sample_00241,32,16,block_out,0.9048929214477539,0.42812472581863403,539.107666015625,0.6013259291648865
sample_00241,32,1,block_out,0.9964709281921387,0.09943363070487976,28.0126953125,0.006846971344202757
sample_00241,32,23,block_out,0.7961841821670532,0.6173713207244873,939.449951171875,1.205225944519043
sample_00241,32,27,block_out,0.8175048828125,0.5872637033462524,1127.479248046875,1.8904305696487427
sample_00241,32,31,block_out,0.7656058073043823,0.6950500011444092,644.414794921875,3.544269323348999
sample_00241,32,8,block_out,0.9878993034362793,0.16409745812416077,166.53515625,0.13572730123996735
sample_00241,4,16,block_out,0.9164891242980957,0.40297719836235046,502.924560546875,0.5596019625663757
sample_00241,4,1,block_out,1.0009920597076416,0.028288960456848145,23.45556640625,0.0012336800573393703
sample_00241,4,23,block_out,0.8229838013648987,0.5793315172195435,767.309814453125,1.1093121767044067
sample_00241,4,27,block_out,0.8578338623046875,0.5200058221817017,876.232666015625,1.6954760551452637
sample_00241,4,31,block_out,0.822295069694519,0.6068191528320312,538.356201171875,3.2177419662475586
sample_00241,4,8,block_out,0.9926941990852356,0.1317521035671234,131.827392578125,0.12131667137145996
sample_00241,63,16,block_out,0.9006426930427551,0.4371812045574188,626.8418579101562,0.5850516557693481
sample_00241,63,1,block_out,0.9926018118858337,0.1328752189874649,27.654296875,0.011332879774272442
sample_00241,63,23,block_out,0.8138926029205322,0.5892016887664795,1029.439453125,1.1521557569503784
sample_00241,63,27,block_out,0.8518127799034119,0.5297587513923645,1217.2255859375,1.7160365581512451
sample_00241,63,31,block_out,0.8160709738731384,0.6227551102638245,705.625,3.044287919998169
sample_00241,63,8,block_out,0.9841552376747131,0.18527817726135254,195.5234375,0.14185915887355804
sample_00242,0,16,block_out,0.9261727333068848,0.380225270986557,246.59130859375,0.5533484220504761
sample_00242,0,1,block_out,1.0018905401229858,0.0005552978836931288,0.04443359375,0.00017011426098179072
sample_00242,0,23,block_out,0.8393421173095703,0.5523475408554077,403.34649658203125,1.0826963186264038
sample_00242,0,27,block_out,0.8736999034881592,0.49031051993370056,477.220458984375,1.6038765907287598
sample_00242,0,31,block_out,0.8499752283096313,0.5613526105880737,508.50341796875,3.0389668941497803
sample_00242,0,8,block_out,0.9938817620277405,0.12413349747657776,3.0892333984375,0.1186082512140274
sample_00242,16,16,block_out,0.9192876219749451,0.3968629837036133,276.2310791015625,0.5777704119682312
sample_00242,16,1,block_out,1.0003033876419067,0.05659818649291992,20.015625,0.002613181248307228
sample_00242,16,23,block_out,0.8148974776268005,0.5924112200737,419.4384765625,1.166183352470398
sample_00242,16,27,block_out,0.8398517966270447,0.5523946285247803,482.0546875,1.791967749595642
sample_00242,16,31,block_out,0.799304723739624,0.6442263126373291,833.7681884765625,3.3609988689422607
sample_00242,16,8,block_out,0.9915533065795898,0.14161278307437897,142.1573944091797,0.12512914836406708
sample_00242,32,16,block_out,0.9136416912078857,0.40970638394355774,247.605712890625,0.597012460231781
sample_00242,32,1,block_out,0.9979035258293152,0.08965642005205154,18.9630126953125,0.006318408530205488
sample_00242,32,23,block_out,0.8127456307411194,0.5945820212364197,402.56689453125,1.1814937591552734
sample_00242,32,27,block_out,0.8350327610969543,0.5592312216758728,472.23828125,1.8139182329177856
sample_00242,32,31,block_out,0.7876228094100952,0.6616812348365784,560.6780395507812,3.3768508434295654
sample_00242,32,8,block_out,0.9886974692344666,0.16042734682559967,143.0137939453125,0.13494738936424255
sample_00242,4,16,block_out,0.9246487021446228,0.3840806484222412,247.513427734375,0.5614870190620422
sample_00242,4,1,block_out,1.0016502141952515,0.022092893719673157,17.5693359375,0.0010020837653428316
sample_00242,4,23,block_out,0.8303353786468506,0.5680860280990601,404.219482421875,1.117917776107788
sample_00242,4,27,block_out,0.8571581244468689,0.522106409072876,475.484130859375,1.7063130140304565
sample_00242,4,31,block_out,0.8193780183792114,0.6142334938049316,500.7255859375,3.24086856842041
sample_00242,4,8,block_out,0.9934563636779785,0.12755917012691498,22.1719970703125,0.121388740837574
sample_00242,63,16,block_out,0.9101612567901611,0.41749414801597595,453.72296142578125,0.5680078864097595
sample_00242,63,1,block_out,0.9951034784317017,0.11683115363121033,19.2735595703125,0.009538179263472557
sample_00242,63,23,block_out,0.8282736539840698,0.5678412914276123,841.2459106445312,1.1100820302963257
sample_00242,63,27,block_out,0.8677537441253662,0.501688539981842,1012.941650390625,1.6265711784362793
sample_00242,63,31,block_out,0.8416270017623901,0.5720807313919067,550.9130859375,2.8638827800750732
sample_00242,63,8,block_out,0.9862011075019836,0.1752299666404724,172.8365478515625,0.1387462019920349
sample_00243,0,16,block_out,0.9249361157417297,0.38246285915374756,239.383544921875,0.5540094971656799
sample_00243,0,1,block_out,1.0013173818588257,0.0005436533247120678,0.05322265625,0.00016999326180666685
sample_00243,0,23,block_out,0.8405776619911194,0.549609363079071,388.981689453125,1.0775307416915894
sample_00243,0,27,block_out,0.8772109746932983,0.4838581681251526,457.934814453125,1.603516697883606
sample_00243,0,31,block_out,0.8580653071403503,0.5465527176856995,481.064208984375,2.958113193511963
sample_00243,0,8,block_out,0.9939424395561218,0.12155760824680328,2.9649658203125,0.11805424839258194
sample_00243,16,16,block_out,0.9193921089172363,0.3959280848503113,260.416259765625,0.5727692246437073
sample_00243,16,1,block_out,0.9965111613273621,0.09795347601175308,26.193359375,0.006069002207368612
sample_00243,16,23,block_out,0.8307454586029053,0.5654255747795105,390.2103271484375,1.1222671270370483
sample_00243,16,27,block_out,0.8677400946617126,0.5010912418365479,458.1683349609375,1.6638998985290527
sample_00243,16,31,block_out,0.8303475975990295,0.6004309058189392,482.2777099609375,3.073550224304199
sample_00243,16,8,block_out,0.9911363124847412,0.14316393435001373,124.9228515625,0.1272699236869812
sample_00243,32,16,block_out,0.9169666171073914,0.4016049802303314,242.202880859375,0.580877423286438
sample_00243,32,1,block_out,0.9940747022628784,0.12022065371274948,25.310546875,0.009931793436408043
sample_00243,32,23,block_out,0.8283517360687256,0.5695921182632446,393.780029296875,1.134184718132019
sample_00243,32,27,block_out,0.8635433912277222,0.5081775784492493,471.010009765625,1.6836251020431519
sample_00243,32,31,block_out,0.8187994360923767,0.6168763041496277,493.508056640625,3.1119837760925293
sample_00243,32,8,block_out,0.9891859292984009,0.15678538382053375,125.376708984375,0.1340813934803009
sample_00243,4,16,block_out,0.9206730127334595,0.39294883608818054,264.43896484375,0.5641475915908813
sample_00243,4,1,block_out,0.9997561573982239,0.055896107107400894,22.712890625,0.002577373757958412
sample_00243,4,23,block_out,0.8332228660583496,0.561945378780365,468.78515625,1.1048575639724731
sample_00243,4,27,block_out,0.8702214360237122,0.4971628487110138,584.328125,1.6471291780471802
sample_00243,4,31,block_out,0.8385652303695679,0.5858433246612549,500.77099609375,3.04190731048584
sample_00243,4,8,block_out,0.9928425550460815,0.13040482997894287,80.78271484375,0.12256339192390442
sample_00243,63,16,block_out,0.9156442284584045,0.4050820767879486,277.3876953125,0.5685662627220154
sample_00243,63,1,block_out,0.9892376661300659,0.1551242172718048,27.4586181640625,0.015549847856163979
sample_00243,63,23,block_out,0.8407950401306152,0.548338770866394,399.51953125,1.1087971925735474
sample_00243,63,27,block_out,0.8794381618499756,0.4798528254032135,457.2060546875,1.6064651012420654
sample_00243,63,31,block_out,0.841227650642395,0.5693753361701965,609.43408203125,2.8408617973327637
sample_00243,63,8,block_out,0.9863829612731934,0.17445169389247894,156.4017333984375,0.1376752108335495
sample_00244,0,16,block_out,0.9263191223144531,0.37924978137016296,242.77197265625,0.5506204962730408
sample_00244,0,1,block_out,1.0014286041259766,0.0005503548891283572,0.0439453125,0.00017171696526929736
sample_00244,0,23,block_out,0.839034914970398,0.5513789653778076,396.920654296875,1.0865570306777954
sample_00244,0,27,block_out,0.8690168857574463,0.4989299178123474,466.514892578125,1.6362358331680298
sample_00244,0,31,block_out,0.8465548753738403,0.5681284070014954,492.0855712890625,3.0369863510131836
sample_00244,0,8,block_out,0.9941948056221008,0.12018817663192749,2.94970703125,0.11639932543039322
sample_00244,16,16,block_out,0.9170712828636169,0.40131402015686035,263.740234375,0.5848715901374817
sample_00244,16,1,block_out,0.999226450920105,0.06663855910301208,24.5791015625,0.004190954379737377
sample_00244,16,23,block_out,0.8126408457756042,0.5943813920021057,392.6151123046875,1.176364779472351
sample_00244,16,27,block_out,0.8304253816604614,0.5675598978996277,462.96484375,1.8332265615463257
sample_00244,16,31,block_out,0.7830685973167419,0.6757013201713562,631.9308471679688,3.4416332244873047
sample_00244,16,8,block_out,0.9910010099411011,0.14430399239063263,126.8330078125,0.12694282829761505
sample_00244,32,16,block_out,0.8956606984138489,0.4483017325401306,737.01513671875,0.6002818942070007
sample_00244,32,1,block_out,0.9964202642440796,0.10036052018404007,24.52099609375,0.006966571789234877
sample_00244,32,23,block_out,0.7874411344528198,0.6332080960273743,1018.945556640625,1.1996387243270874
sample_00244,32,27,block_out,0.8138711452484131,0.5948277711868286,1202.9674072265625,1.8687487840652466
sample_00244,32,31,block_out,0.7699611783027649,0.6929413676261902,527.0611572265625,3.4927287101745605
sample_00244,32,8,block_out,0.9872735738754272,0.1682216227054596,187.361328125,0.13390590250492096
sample_00244,4,16,block_out,0.9103375673294067,0.4169864058494568,645.8304443359375,0.5592984557151794
sample_00244,4,1,block_out,1.0010433197021484,0.027862245216965675,23.0859375,0.001219242112711072
sample_00244,4,23,block_out,0.8164094090461731,0.5890440940856934,914.5115966796875,1.1099600791931152
sample_00244,4,27,block_out,0.8520078659057617,0.5307952165603638,1021.1590576171875,1.699731469154358
sample_00244,4,31,block_out,0.8281962275505066,0.5996071696281433,493.998779296875,3.174156427383423
sample_00244,4,8,block_out,0.9930816292762756,0.12914159893989563,108.14453125,0.11960580945014954
sample_00244,63,16,block_out,0.9002298712730408,0.43860724568367004,733.2268676757812,0.5706512928009033
sample_00244,63,1,block_out,0.9931737780570984,0.12870371341705322,25.3154296875,0.010941102169454098
sample_00244,63,23,block_out,0.8186510801315308,0.5825899243354797,1028.594970703125,1.1262255907058716
sample_00244,63,27,block_out,0.8618366122245789,0.5124120712280273,1144.717041015625,1.652406930923462
sample_00244,63,31,block_out,0.8350708484649658,0.5835015773773193,656.9334106445312,2.8763015270233154
sample_00244,63,8,block_out,0.9839751720428467,0.18654577434062958,200.1435546875,0.13955256342887878
sample_00245,0,16,block_out,0.9156729578971863,0.4029197692871094,218.862548828125,0.5687164068222046
sample_00245,0,1,block_out,1.000787615776062,0.0005653135594911873,0.041015625,0.00018559020827524364
sample_00245,0,23,block_out,0.8086045980453491,0.5986253619194031,352.953125,1.1338517665863037
sample_00245,0,27,block_out,0.8670663833618164,0.5009873509407043,408.010009765625,1.6384613513946533
sample_00245,0,31,block_out,0.8707431554794312,0.5138924717903137,430.682861328125,3.071474075317383
sample_00245,0,8,block_out,0.9936845898628235,0.1181679219007492,3.0670166015625,0.11236095428466797
sample_00245,16,16,block_out,0.8841344118118286,0.46922993659973145,535.966064453125,0.6056371927261353
sample_00245,16,1,block_out,0.9939761757850647,0.11632275581359863,21.66015625,0.010670436546206474
sample_00245,16,23,block_out,0.7565035223960876,0.673227846622467,885.05224609375,1.2203619480133057
sample_00245,16,27,block_out,0.8120545744895935,0.5899434685707092,1064.1373291015625,1.8684360980987549
sample_00245,16,31,block_out,0.7824031710624695,0.681013822555542,561.8531494140625,3.763519763946533
sample_00245,16,8,block_out,0.9884501099586487,0.15672831237316132,118.609130859375,0.12916085124015808
sample_00245,32,16,block_out,0.8695800304412842,0.4966854453086853,606.9987182617188,0.6162017583847046
sample_00245,32,1,block_out,0.9907777905464172,0.14082081615924835,20.828125,0.01686001382768154
sample_00245,32,23,block_out,0.7403960227966309,0.6948541402816772,922.1198120117188,1.2543842792510986
sample_00245,32,27,block_out,0.7914206981658936,0.6197121143341064,1101.01806640625,1.9456868171691895
sample_00245,32,31,block_out,0.7554114460945129,0.718375027179718,497.6767578125,3.876030445098877
sample_00245,32,8,block_out,0.981029748916626,0.19942133128643036,159.03857421875,0.13758568465709686
sample_00245,4,16,block_out,0.8889020085334778,0.46038326621055603,566.291015625,0.5855270624160767
sample_00245,4,1,block_out,0.9982725977897644,0.07079756259918213,22.7958984375,0.003987111151218414
sample_00245,4,23,block_out,0.764695405960083,0.6641526222229004,787.12890625,1.1932034492492676
sample_00245,4,27,block_out,0.8196183443069458,0.5806098580360413,908.796875,1.8502929210662842
sample_00245,4,31,block_out,0.8009702563285828,0.6508315801620483,511.7833251953125,3.6804914474487305
sample_00245,4,8,block_out,0.9920594096183777,0.13115474581718445,67.31494140625,0.11908373981714249
sample_00245,63,16,block_out,0.864770233631134,0.5061944127082825,671.3935546875,0.5996838808059692
sample_00245,63,1,block_out,0.9837801456451416,0.1833687424659729,26.8636474609375,0.02653830125927925
sample_00245,63,23,block_out,0.7531755566596985,0.6771969795227051,982.234375,1.2303472757339478
sample_00245,63,27,block_out,0.813723087310791,0.5883888602256775,1160.248046875,1.8302497863769531
sample_00245,63,31,block_out,0.7984394431114197,0.6345365643501282,510.760986328125,3.322538375854492
sample_00245,63,8,block_out,0.9762408137321472,0.22350400686264038,143.610595703125,0.14315740764141083
sample_00246,0,16,block_out,0.9117015600204468,0.411538302898407,212.39874267578125,0.5865379571914673
sample_00246,0,1,block_out,1.000509262084961,0.0005803917301818728,0.03466796875,0.00019707166939042509
sample_00246,0,23,block_out,0.8058882355690002,0.6049819588661194,354.01904296875,1.144528865814209
sample_00246,0,27,block_out,0.8647578358650208,0.504795491695404,408.44775390625,1.6209042072296143
sample_00246,0,31,block_out,0.8721765279769897,0.5101421475410461,425.36767578125,3.15659236907959
sample_00246,0,8,block_out,0.9932424426078796,0.12108806520700455,2.875,0.11486897617578506
sample_00246,16,16,block_out,0.9118186235427856,0.4112264811992645,221.77490234375,0.5885154008865356
sample_00246,16,1,block_out,1.0004914999008179,0.0006021236767992377,0.04296875,0.00020155440142843872
sample_00246,16,23,block_out,0.8050230741500854,0.6041126251220703,360.251220703125,1.1650207042694092
sample_00246,16,27,block_out,0.8630144596099854,0.5071141719818115,413.065185546875,1.6392509937286377
sample_00246,16,31,block_out,0.8732677698135376,0.5083897709846497,427.885009765625,3.1096198558807373
sample_00246,16,8,block_out,0.9931995868682861,0.12128439545631409,2.8582763671875,0.11625926196575165
sample_00246,32,16,block_out,0.9121495485305786,0.4104939103126526,300.465087890625,0.5779586434364319
sample_00246,32,1,block_out,1.0004894733428955,0.0006016333354637027,0.0390625,0.0002061856648651883
sample_00246,32,23,block_out,0.8033103942871094,0.6046570539474487,483.291259765625,1.1745258569717407
sample_00246,32,27,block_out,0.8565074801445007,0.5179487466812134,569.072021484375,1.6694790124893188
sample_00246,32,31,block_out,0.8572248220443726,0.5349510908126831,568.0205078125,3.1619796752929688
sample_00246,32,8,block_out,0.9931618571281433,0.12138361483812332,2.8212890625,0.11767745018005371
sample_00246,4,16,block_out,0.9095945358276367,0.4161434769630432,226.818115234375,0.586703896522522
sample_00246,4,1,block_out,1.0005067586898804,0.0006000816356390715,0.033203125,0.00020028758444823325
sample_00246,4,23,block_out,0.7977654337882996,0.615068256855011,528.391845703125,1.1526800394058228
sample_00246,4,27,block_out,0.8625176548957825,0.5080264210700989,658.919189453125,1.62051260471344
sample_00246,4,31,block_out,0.8751746416091919,0.5043746829032898,405.658935546875,3.132077932357788
sample_00246,4,8,block_out,0.9932432174682617,0.1209900751709938,2.8668212890625,0.11558075994253159
sample_00246,63,16,block_out,0.9084225296974182,0.41860055923461914,316.46136474609375,0.5834149718284607
sample_00246,63,1,block_out,0.997301459312439,0.07936578243970871,3.257659912109375,0.008579576388001442
sample_00246,63,23,block_out,0.8020381331443787,0.6055141091346741,554.8397827148438,1.1930502653121948
sample_00246,63,27,block_out,0.8581336140632629,0.5144696831703186,659.03515625,1.7060011625289917
sample_00246,63,31,block_out,0.841027557849884,0.5701123476028442,641.15234375,3.0859837532043457
sample_00246,63,8,block_out,0.9900336861610413,0.14462269842624664,8.8436279296875,0.13129517436027527
sample_00247,0,16,block_out,0.9123740196228027,0.410163938999176,220.494140625,0.579022228717804
sample_00247,0,1,block_out,1.0006400346755981,0.0005787237314507365,0.03515625,0.00019371812231838703
sample_00247,0,23,block_out,0.798917829990387,0.6134061217308044,396.92822265625,1.160094976425171
sample_00247,0,27,block_out,0.8644869327545166,0.5047982335090637,473.40673828125,1.6463921070098877
sample_00247,0,31,block_out,0.8714788556098938,0.5104826092720032,464.76318359375,3.1063568592071533
sample_00247,0,8,block_out,0.9937752485275269,0.11697783321142197,2.85986328125,0.11112888157367706
sample_00247,16,16,block_out,0.8977575302124023,0.4417009651660919,211.02099609375,0.6243833303451538
sample_00247,16,1,block_out,0.992883563041687,0.12415146827697754,21.765625,0.013030924834311008
sample_00247,16,23,block_out,0.7636352777481079,0.6636812090873718,363.29443359375,1.2777355909347534
sample_00247,16,27,block_out,0.8033128976821899,0.600902795791626,426.34814453125,1.9581750631332397
sample_00247,16,31,block_out,0.7686319351196289,0.6934260129928589,434.79345703125,3.993882417678833
sample_00247,16,8,block_out,0.9879460334777832,0.15987445414066315,89.017822265625,0.132938414812088
sample_00247,32,16,block_out,0.8757588863372803,0.4852006137371063,467.07080078125,0.6368796229362488
sample_00247,32,1,block_out,0.9876652956008911,0.1603836715221405,21.4287109375,0.020257143303751945
sample_00247,32,23,block_out,0.7317811846733093,0.7044748067855835,828.1123046875,1.3041741847991943
sample_00247,32,27,block_out,0.7783771753311157,0.6366455554962158,1003.278076171875,2.018543243408203
sample_00247,32,31,block_out,0.7459542751312256,0.7255045175552368,554.270263671875,4.04539155960083
sample_00247,32,8,block_out,0.9831053614616394,0.18896326422691345,114.7177734375,0.14478175342082977
sample_00247,4,16,block_out,0.887955367565155,0.4613898694515228,561.26123046875,0.5954775214195251
sample_00247,4,1,block_out,0.997694730758667,0.0765930637717247,22.75390625,0.004843355156481266
sample_00247,4,23,block_out,0.7657031416893005,0.6609452962875366,763.8717651367188,1.211436152458191
sample_00247,4,27,block_out,0.8316300511360168,0.5595498085021973,866.8912963867188,1.803385853767395
sample_00247,4,31,block_out,0.827102541923523,0.598149836063385,441.0177001953125,3.5296316146850586
sample_00247,4,8,block_out,0.9921663403511047,0.12995043396949768,59.08837890625,0.11823082715272903
sample_00247,63,16,block_out,0.8609176278114319,0.5131364464759827,534.543701171875,0.6236022114753723
sample_00247,63,1,block_out,0.9785206317901611,0.20895200967788696,26.5845947265625,0.03206835314631462
sample_00247,63,23,block_out,0.7398247718811035,0.6964995265007019,857.426025390625,1.2726249694824219
sample_00247,63,27,block_out,0.802586019039154,0.6047974824905396,1028.949462890625,1.875739574432373
sample_00247,63,31,block_out,0.7820498943328857,0.661986768245697,508.590087890625,3.491835832595825
sample_00247,63,8,block_out,0.9757834672927856,0.22611437737941742,226.339111328125,0.1530839502811432
sample_00248,0,16,block_out,0.9076825380325317,0.4205951392650604,220.665283203125,0.5925145149230957
sample_00248,0,1,block_out,1.0006369352340698,0.0005828149151057005,0.0400390625,0.00019225543655920774
sample_00248,0,23,block_out,0.7906544804573059,0.6248621940612793,515.989013671875,1.1629183292388916
sample_00248,0,27,block_out,0.8552370667457581,0.5211218595504761,643.793701171875,1.6756656169891357
sample_00248,0,31,block_out,0.8669177889823914,0.5207762718200684,444.76953125,3.1737499237060547
sample_00248,0,8,block_out,0.9933063983917236,0.1209937334060669,3.1162109375,0.11396559327840805
sample_00248,16,16,block_out,0.8727569580078125,0.4917847216129303,416.1435546875,0.6575527191162109
sample_00248,16,1,block_out,0.9928584098815918,0.12438378483057022,21.306640625,0.01283237524330616
sample_00248,16,23,block_out,0.7375795245170593,0.7019324898719788,421.2978515625,1.313246726989746
sample_00248,16,27,block_out,0.7763997912406921,0.6400032639503479,467.6322021484375,2.0435092449188232
sample_00248,16,31,block_out,0.7445940971374512,0.7298547029495239,436.345458984375,4.1977128982543945
sample_00248,16,8,block_out,0.9778043031692505,0.21412163972854614,217.7001953125,0.13737092912197113
sample_00248,32,16,block_out,0.8642174005508423,0.507161021232605,436.26953125,0.6646063327789307
sample_00248,32,1,block_out,0.9878585934638977,0.1591898649930954,21.015625,0.02006472647190094
sample_00248,32,23,block_out,0.7253091335296631,0.7154315710067749,478.03515625,1.3361397981643677
sample_00248,32,27,block_out,0.7596026659011841,0.6630598306655884,521.0498046875,2.106275796890259
sample_00248,32,31,block_out,0.7200297117233276,0.7585111260414124,443.14996337890625,4.202500820159912
sample_00248,32,8,block_out,0.9728370904922485,0.237529456615448,225.77978515625,0.1501471996307373
sample_00248,4,16,block_out,0.8881022930145264,0.4614528715610504,459.6767578125,0.6134592294692993
sample_00248,4,1,block_out,0.9977254271507263,0.07619912922382355,22.3232421875,0.004744968842715025
sample_00248,4,23,block_out,0.7737582325935364,0.6494655013084412,559.44287109375,1.2166668176651
sample_00248,4,27,block_out,0.8313506245613098,0.560903012752533,604.80419921875,1.8271404504776
sample_00248,4,31,block_out,0.8242484927177429,0.606052577495575,478.8133544921875,3.581176519393921
sample_00248,4,8,block_out,0.981408953666687,0.1958869993686676,210.70361328125,0.1231292188167572
sample_00248,63,16,block_out,0.8697001934051514,0.4980294704437256,479.14666748046875,0.6282776594161987
sample_00248,63,1,block_out,0.9787764549255371,0.20767170190811157,26.3065185546875,0.031945496797561646
sample_00248,63,23,block_out,0.7545517683029175,0.6775228977203369,530.3390502929688,1.2847998142242432
sample_00248,63,27,block_out,0.8068011403083801,0.6008902192115784,586.3844604492188,1.91162109375
sample_00248,63,31,block_out,0.7754600644111633,0.677284300327301,552.54541015625,3.538321018218994
sample_00248,63,8,block_out,0.9715861082077026,0.24384953081607819,286.80731201171875,0.15673181414604187
sample_00249,0,16,block_out,0.913136899471283,0.40852758288383484,215.8304443359375,0.5733482241630554
sample_00249,0,1,block_out,1.0007121562957764,0.0005843949620611966,0.037109375,0.00019432704721111804
sample_00249,0,23,block_out,0.8024606108665466,0.6083346605300903,352.63720703125,1.149399757385254
sample_00249,0,27,block_out,0.8635173439979553,0.5060962438583374,412.41064453125,1.6454843282699585
sample_00249,0,31,block_out,0.8709341287612915,0.5108842253684998,496.94873046875,3.1028292179107666
sample_00249,0,8,block_out,0.9939446449279785,0.11578787118196487,2.911865234375,0.11068500578403473
sample_00249,16,16,block_out,0.8729550242424011,0.49024584889411926,606.498046875,0.6143205165863037
sample_00249,16,1,block_out,0.9938187599182129,0.1170475035905838,21.69580078125,0.011386538855731487
sample_00249,16,23,block_out,0.738235592842102,0.6985449194908142,828.46240234375,1.2674342393875122
sample_00249,16,27,block_out,0.7841455340385437,0.6290845274925232,991.21923828125,1.9756543636322021
sample_00249,16,31,block_out,0.7594875693321228,0.7066575884819031,469.6409912109375,4.048801422119141
sample_00249,16,8,block_out,0.9882521033287048,0.15808849036693573,86.609375,0.13194026052951813
sample_00249,32,16,block_out,0.8751972317695618,0.48654666543006897,502.541748046875,0.6305130124092102
sample_00249,32,1,block_out,0.9885517954826355,0.15530246496200562,21.29443359375,0.01880146749317646
sample_00249,32,23,block_out,0.7316327691078186,0.7065867781639099,792.85205078125,1.2983489036560059
sample_00249,32,27,block_out,0.7735401391983032,0.6436983346939087,954.96923828125,2.0199074745178223
sample_00249,32,31,block_out,0.7420207858085632,0.7303696274757385,450.32672119140625,4.116039276123047
sample_00249,32,8,block_out,0.984724223613739,0.17998722195625305,71.97323608398438,0.14290904998779297
sample_00249,4,16,block_out,0.887120246887207,0.4632619023323059,533.48681640625,0.5880666375160217
sample_00249,4,1,block_out,0.9982351064682007,0.07018839567899704,22.16357421875,0.00410784175619483
sample_00249,4,23,block_out,0.7631965279579163,0.664858877658844,735.8714599609375,1.2096617221832275
sample_00249,4,27,block_out,0.8176996111869812,0.5808965563774109,849.6097412109375,1.8589457273483276
sample_00249,4,31,block_out,0.8021677732467651,0.6403810381889343,530.4267578125,3.737816572189331
sample_00249,4,8,block_out,0.9921584129333496,0.13020533323287964,76.232421875,0.11761884391307831
sample_00249,63,16,block_out,0.8677147030830383,0.5009898543357849,558.868896484375,0.604027271270752
sample_00249,63,1,block_out,0.9815211296081543,0.194671630859375,26.953094482421875,0.028649311512708664
sample_00249,63,23,block_out,0.7505360841751099,0.6828264594078064,830.501708984375,1.2533077001571655
sample_00249,63,27,block_out,0.8100106716156006,0.5942173600196838,992.680419921875,1.8410416841506958
sample_00249,63,31,block_out,0.7873753309249878,0.6564499735832214,531.05029296875,3.4748754501342773
sample_00249,63,8,block_out,0.9787604808807373,0.21235884726047516,212.18701171875,0.14734897017478943
sample_00250,0,16,block_out,0.9171863794326782,0.40350228548049927,240.39459228515625,0.5837187170982361
sample_00250,0,1,block_out,1.0026452541351318,0.0005874347989447415,0.0439453125,0.00017796969041228294
sample_00250,0,23,block_out,0.834997296333313,0.5626857876777649,460.41900634765625,1.0936057567596436
sample_00250,0,27,block_out,0.8695501685142517,0.5003538727760315,557.4655151367188,1.6340644359588623
sample_00250,0,31,block_out,0.850048303604126,0.5590197443962097,559.8170776367188,3.0003926753997803
sample_00250,0,8,block_out,0.9937587976455688,0.13164560496807098,4.20849609375,0.1251932680606842
sample_00250,16,16,block_out,0.9102582931518555,0.4195348918437958,640.3448486328125,0.5827122926712036
sample_00250,16,1,block_out,1.0018160343170166,0.04075555130839348,34.25,0.0009093130938708782
sample_00250,16,23,block_out,0.828418493270874,0.5737619400024414,924.7296142578125,1.0990132093429565
sample_00250,16,27,block_out,0.8692957162857056,0.5007760524749756,1043.7872314453125,1.6271039247512817
sample_00250,16,31,block_out,0.851538896560669,0.5544207096099854,551.3523559570312,2.944660186767578
sample_00250,16,8,block_out,0.9924087524414062,0.14151686429977417,132.8475341796875,0.12667566537857056
sample_00250,32,16,block_out,0.9090381860733032,0.4218124449253082,667.32958984375,0.5897253155708313
sample_00250,32,1,block_out,1.0005066394805908,0.0654354989528656,34.0908203125,0.0019171984167769551
sample_00250,32,23,block_out,0.8245615363121033,0.5803102254867554,957.76953125,1.1166142225265503
sample_00250,32,27,block_out,0.8620426654815674,0.5146906971931458,1084.9150390625,1.6770819425582886
sample_00250,32,31,block_out,0.8385549187660217,0.5788167119026184,453.2105712890625,3.0593297481536865
sample_00250,32,8,block_out,0.9922513961791992,0.14275053143501282,113.740234375,0.12934091687202454
sample_00250,4,16,block_out,0.9081941246986389,0.42417460680007935,663.16650390625,0.5891165137290955
sample_00250,4,1,block_out,1.002294659614563,0.026361405849456787,29.2607421875,0.0008073701173998415
sample_00250,4,23,block_out,0.8232675194740295,0.5828601121902466,930.57421875,1.108855128288269
sample_00250,4,27,block_out,0.8593493700027466,0.5197104215621948,1040.81884765625,1.677862524986267
sample_00250,4,31,block_out,0.8373148441314697,0.583098828792572,526.9276733398438,3.093606948852539
sample_00250,4,8,block_out,0.9925636649131775,0.14046522974967957,157.34033203125,0.12710364162921906
sample_00250,63,16,block_out,0.9050294756889343,0.4308720827102661,724.9210815429688,0.5858709216117859
sample_00250,63,1,block_out,0.9980090856552124,0.09649156033992767,33.9541015625,0.005299258045852184
sample_00250,63,23,block_out,0.8308553695678711,0.5673624873161316,1048.198486328125,1.1120414733886719
sample_00250,63,27,block_out,0.8726536631584167,0.4940124452114105,1196.580322265625,1.6493077278137207
sample_00250,63,31,block_out,0.8514073491096497,0.5578985810279846,554.546142578125,2.8674228191375732
sample_00250,63,8,block_out,0.9893287420272827,0.16197092831134796,108.8662109375,0.13642968237400055
sample_00251,0,16,block_out,0.9173815250396729,0.40300875902175903,247.5439453125,0.5870791673660278
sample_00251,0,1,block_out,1.0027039051055908,0.0005719508044421673,0.04150390625,0.00017330420087091625
sample_00251,0,23,block_out,0.8331694602966309,0.5661250352859497,390.462890625,1.098741054534912
sample_00251,0,27,block_out,0.8635633587837219,0.5109723210334778,449.4345703125,1.662308692932129
sample_00251,0,31,block_out,0.8401050567626953,0.5833203196525574,484.7958984375,3.1118903160095215
sample_00251,0,8,block_out,0.9935474395751953,0.1335906684398651,4.095458984375,0.12708242237567902
sample_00251,16,16,block_out,0.9050755500793457,0.43100202083587646,713.91015625,0.6001377701759338
sample_00251,16,1,block_out,0.9994902014732361,0.07999970763921738,27.4033203125,0.0034110345877707005
sample_00251,16,23,block_out,0.8188107013702393,0.5890606045722961,965.3955078125,1.1257286071777344
sample_00251,16,27,block_out,0.858525812625885,0.5197882652282715,1149.0177001953125,1.6838301420211792
sample_00251,16,31,block_out,0.8337922096252441,0.5930644273757935,578.240234375,3.097418785095215
sample_00251,16,8,block_out,0.9911497831344604,0.15068507194519043,164.720458984375,0.13162675499916077
sample_00251,32,16,block_out,0.9112530946731567,0.41730985045433044,303.352783203125,0.6063900589942932
sample_00251,32,1,block_out,0.9973161220550537,0.1035856306552887,26.73046875,0.006191488821059465
sample_00251,32,23,block_out,0.8246549963951111,0.5798077583312988,602.60595703125,1.1365966796875
sample_00251,32,27,block_out,0.8570289611816406,0.5219195485115051,741.31689453125,1.715131402015686
sample_00251,32,31,block_out,0.820801854133606,0.6133589148521423,529.19287109375,3.1661975383758545
sample_00251,32,8,block_out,0.9909528493881226,0.15238799154758453,128.172119140625,0.1350782811641693
sample_00251,4,16,block_out,0.9087335467338562,0.4229356348514557,661.435546875,0.593428373336792
sample_00251,4,1,block_out,1.002366065979004,0.026068106293678284,29.28857421875,0.0007749131182208657
sample_00251,4,23,block_out,0.821466326713562,0.5864889025688171,929.04931640625,1.1140192747116089
sample_00251,4,27,block_out,0.8549971580505371,0.5275321006774902,1043.79638671875,1.6934645175933838
sample_00251,4,31,block_out,0.8306878209114075,0.5987584590911865,488.4237060546875,3.165672540664673
sample_00251,4,8,block_out,0.9924074411392212,0.14194771647453308,156.32568359375,0.12901514768600464
sample_00251,63,16,block_out,0.9121473431587219,0.4158170223236084,394.8231201171875,0.5883696675300598
sample_00251,63,1,block_out,0.9917176961898804,0.14788487553596497,30.509765625,0.010558685287833214
sample_00251,63,23,block_out,0.8399267196655273,0.5521747469902039,570.3397216796875,1.1109845638275146
sample_00251,63,27,block_out,0.8787486553192139,0.4818718135356903,651.5760498046875,1.6365158557891846
sample_00251,63,31,block_out,0.853529155254364,0.552970290184021,655.9442138671875,2.8635425567626953
sample_00251,63,8,block_out,0.9890831708908081,0.164867103099823,156.12469482421875,0.13852669298648834
sample_00252,0,16,block_out,0.9164937734603882,0.40497025847435,247.84521484375,0.5883561372756958
sample_00252,0,1,block_out,1.0025135278701782,0.0005669857491739094,0.05029296875,0.00017140936688520014
sample_00252,0,23,block_out,0.8348971605300903,0.5642260313034058,425.16162109375,1.0942351818084717
sample_00252,0,27,block_out,0.8687933087348938,0.5021945834159851,496.685546875,1.6376365423202515
sample_00252,0,31,block_out,0.8475337624549866,0.5651617646217346,517.50390625,3.03144907951355
sample_00252,0,8,block_out,0.9934988021850586,0.13231047987937927,3.95849609375,0.12545964121818542
sample_00252,16,16,block_out,0.9008496403694153,0.4399489462375641,620.660888671875,0.5986802577972412
sample_00252,16,1,block_out,0.9988356232643127,0.08561251312494278,27.0869140625,0.003901412943378091
sample_00252,16,23,block_out,0.8165023922920227,0.5932617783546448,796.947021484375,1.1209453344345093
sample_00252,16,27,block_out,0.8586106300354004,0.5203949809074402,963.881591796875,1.6797740459442139
sample_00252,16,31,block_out,0.8355323672294617,0.585737943649292,716.334716796875,3.074166774749756
sample_00252,16,8,block_out,0.9877671003341675,0.17051032185554504,275.7491455078125,0.1306510716676712
sample_00252,32,16,block_out,0.8985723853111267,0.444820374250412,613.8849487304688,0.602763295173645
sample_00252,32,1,block_out,0.9965775609016418,0.10869012027978897,26.48828125,0.006804874632507563
sample_00252,32,23,block_out,0.8150164484977722,0.5955243706703186,808.8322143554688,1.1267046928405762
sample_00252,32,27,block_out,0.8564138412475586,0.5240359902381897,971.3363647460938,1.6951924562454224
sample_00252,32,31,block_out,0.828987717628479,0.5937610268592834,735.3074951171875,3.096630811691284
sample_00252,32,8,block_out,0.987379789352417,0.17315292358398438,273.121826171875,0.134303018450737
sample_00252,4,16,block_out,0.9099467396736145,0.4198813736438751,618.3543090820312,0.5921761393547058
sample_00252,4,1,block_out,1.0018677711486816,0.03594013676047325,29.478515625,0.0010685939341783524
sample_00252,4,23,block_out,0.8249582648277283,0.5807735323905945,791.5753173828125,1.1175934076309204
sample_00252,4,27,block_out,0.8560566902160645,0.5267278552055359,916.2847900390625,1.7082570791244507
sample_00252,4,31,block_out,0.8245120644569397,0.6086674332618713,477.6798095703125,3.1961123943328857
sample_00252,4,8,block_out,0.9913085699081421,0.14796103537082672,215.4755859375,0.1275801658630371
sample_00252,63,16,block_out,0.8988529443740845,0.4452466368675232,686.9066162109375,0.5909837484359741
sample_00252,63,1,block_out,0.9905925989151001,0.15407752990722656,28.69921875,0.011252832598984241
sample_00252,63,23,block_out,0.8242493271827698,0.5784354209899902,981.2474365234375,1.1179274320602417
sample_00252,63,27,block_out,0.8700169324874878,0.49828919768333435,1132.1234130859375,1.6570318937301636
sample_00252,63,31,block_out,0.8499700427055359,0.5571237802505493,511.7337646484375,2.8866360187530518
sample_00252,63,8,block_out,0.9858850836753845,0.18221035599708557,285.9116516113281,0.1378183662891388
sample_00253,0,16,block_out,0.9181765913963318,0.4016859531402588,219.03759765625,0.5847386717796326
sample_00253,0,1,block_out,1.0027939081192017,0.000572580611333251,0.048828125,0.00017220358131453395
sample_00253,0,23,block_out,0.8344010710716248,0.5654284954071045,371.4742431640625,1.1009818315505981
sample_00253,0,27,block_out,0.8639827370643616,0.51125168800354,443.2655029296875,1.6646649837493896
sample_00253,0,31,block_out,0.8386836647987366,0.5850430727005005,519.998291015625,3.11081862449646
sample_00253,0,8,block_out,0.9939405918121338,0.13205169141292572,3.979248046875,0.12455680221319199
sample_00253,16,16,block_out,0.9034119248390198,0.4354628622531891,647.124755859375,0.5963355898857117
sample_00253,16,1,block_out,0.9996417164802551,0.0792689397931099,27.5546875,0.00329416966997087
sample_00253,16,23,block_out,0.8191971778869629,0.5902698040008545,951.938232421875,1.1235129833221436
sample_00253,16,27,block_out,0.857969343662262,0.5222551226615906,1117.306396484375,1.6888842582702637
sample_00253,16,31,block_out,0.82829749584198,0.5992462038993835,480.69476318359375,3.1332554817199707
sample_00253,16,8,block_out,0.9889671206474304,0.1656288057565689,285.04901123046875,0.12900762259960175
sample_00253,32,16,block_out,0.900345504283905,0.44189453125,747.3916625976562,0.6002708673477173
sample_00253,32,1,block_out,0.9976990818977356,0.10076265782117844,26.8828125,0.0059110987931489944
sample_00253,32,23,block_out,0.8181657791137695,0.5908212065696716,1039.94140625,1.1272441148757935
sample_00253,32,27,block_out,0.8564380407333374,0.5237961411476135,1210.7626953125,1.6933671236038208
sample_00253,32,31,block_out,0.8253756165504456,0.6035631895065308,567.48974609375,3.124147653579712
sample_00253,32,8,block_out,0.9884935617446899,0.1687905490398407,280.4861755371094,0.13225209712982178
sample_00253,4,16,block_out,0.9072011709213257,0.42676645517349243,703.530029296875,0.5903822183609009
sample_00253,4,1,block_out,1.0024105310440063,0.02765289507806301,29.51171875,0.0008541393908672035
sample_00253,4,23,block_out,0.8209190964698792,0.5880075693130493,973.550537109375,1.1127628087997437
sample_00253,4,27,block_out,0.8563844561576843,0.5257631540298462,1085.8857421875,1.6867517232894897
sample_00253,4,31,block_out,0.8332910537719727,0.5929037928581238,547.0096435546875,3.1393580436706543
sample_00253,4,8,block_out,0.9923858642578125,0.14332079887390137,185.822021484375,0.12660501897335052
sample_00253,63,16,block_out,0.9032249450683594,0.4363914132118225,688.708251953125,0.5831603407859802
sample_00253,63,1,block_out,0.9923091530799866,0.1445235013961792,28.75,0.010129138827323914
sample_00253,63,23,block_out,0.83179771900177,0.5665737390518188,1004.036376953125,1.1054056882858276
sample_00253,63,27,block_out,0.8764391541481018,0.48677343130111694,1165.532470703125,1.6214900016784668
sample_00253,63,31,block_out,0.8556764125823975,0.5487270951271057,577.812744140625,2.844247341156006
sample_00253,63,8,block_out,0.9871088862419128,0.1773453652858734,291.09832763671875,0.13539494574069977
sample_00254,0,16,block_out,0.9188368916511536,0.39987125992774963,218.72900390625,0.5801076292991638
sample_00254,0,1,block_out,1.0027706623077393,0.0005689828540198505,0.05322265625,0.00017086825391743332
sample_00254,0,23,block_out,0.8349533081054688,0.5637128353118896,376.9344482421875,1.0912514925003052
sample_00254,0,27,block_out,0.8681303262710571,0.5035462975502014,441.4080810546875,1.6390827894210815
sample_00254,0,31,block_out,0.8468000292778015,0.5701759457588196,477.5174560546875,3.0504977703094482
sample_00254,0,8,block_out,0.994269847869873,0.12911354005336761,4.02880859375,0.12263666838407516
sample_00254,16,16,block_out,0.9196954369544983,0.3978794813156128,219.59185791015625,0.577921986579895
sample_00254,16,1,block_out,1.0026237964630127,0.017344150692224503,17.381591796875,0.0005079389666207135
sample_00254,16,23,block_out,0.8377706408500671,0.5580629706382751,365.44189453125,1.0979657173156738
sample_00254,16,27,block_out,0.8715807199478149,0.49647924304008484,427.10107421875,1.6330159902572632
sample_00254,16,31,block_out,0.8522419333457947,0.5545446276664734,456.84423828125,2.9577856063842773
sample_00254,16,8,block_out,0.9941995143890381,0.12955313920974731,15.6107177734375,0.12329898029565811
sample_00254,32,16,block_out,0.9175835847854614,0.40238896012306213,238.648193359375,0.5870234966278076
sample_00254,32,1,block_out,1.001499891281128,0.0504419282078743,19.9228515625,0.0014197805430740118
sample_00254,32,23,block_out,0.8325272798538208,0.5671656727790833,386.101318359375,1.11891508102417
sample_00254,32,27,block_out,0.8627974390983582,0.5132977962493896,446.852294921875,1.6854089498519897
sample_00254,32,31,block_out,0.8352562189102173,0.5836756229400635,475.90765380859375,3.0854482650756836
sample_00254,32,8,block_out,0.9933814406394958,0.1359015554189682,41.7294921875,0.12605419754981995
sample_00254,4,16,block_out,0.9188827872276306,0.3995906412601471,217.7935791015625,0.5799605846405029
sample_00254,4,1,block_out,1.0027666091918945,0.000567265204153955,0.04296875,0.00017064066196326166
sample_00254,4,23,block_out,0.8344793319702148,0.5637813806533813,356.373291015625,1.0915607213974
sample_00254,4,27,block_out,0.8681049346923828,0.5032470226287842,421.739990234375,1.6349689960479736
sample_00254,4,31,block_out,0.8486841320991516,0.5676237344741821,459.253662109375,3.033944606781006
sample_00254,4,8,block_out,0.994296669960022,0.12880907952785492,4.12451171875,0.1225622370839119
sample_00254,63,16,block_out,0.9177019596099854,0.4022357761859894,220.7001953125,0.582552433013916
sample_00254,63,1,block_out,0.9992173314094543,0.08438046276569366,22.1796875,0.004438829608261585
sample_00254,63,23,block_out,0.8436989188194275,0.5457409620285034,359.808837890625,1.1101274490356445
sample_00254,63,27,block_out,0.8785842061042786,0.48261478543281555,420.302978515625,1.6394811868667603
sample_00254,63,31,block_out,0.8541735410690308,0.5515246987342834,443.255126953125,2.8580689430236816
sample_00254,63,8,block_out,0.9908546805381775,0.15350115299224854,30.56396484375,0.1324852705001831
sample_00255,0,16,block_out,0.9128439426422119,0.40886080265045166,256.6307373046875,0.5618663430213928
sample_00255,0,1,block_out,1.000382423400879,0.0005470438045449555,0.0341796875,0.00017879622464533895
sample_00255,0,23,block_out,0.8057552576065063,0.595586359500885,495.0330810546875,1.1034537553787231
sample_00255,0,27,block_out,0.8681872487068176,0.49661892652511597,594.3280029296875,1.5757696628570557
sample_00255,0,31,block_out,0.8868017196655273,0.4865317940711975,580.6136474609375,2.9185431003570557
sample_00255,0,8,block_out,0.9931395053863525,0.1194753497838974,2.885498046875,0.11390794813632965
sample_00255,16,16,block_out,0.863867461681366,0.5052745938301086,634.8092041015625,0.5655107498168945
sample_00255,16,1,block_out,0.999558687210083,0.03946525976061821,16.00909423828125,0.0025407555513083935
sample_00255,16,23,block_out,0.762108564376831,0.6565660834312439,875.233154296875,1.1197930574417114
sample_00255,16,27,block_out,0.8369421362876892,0.5497328639030457,968.699951171875,1.6741504669189453
sample_00255,16,31,block_out,0.8549008369445801,0.5482048988342285,501.76495361328125,3.2471961975097656
sample_00255,16,8,block_out,0.9838531613349915,0.18099553883075714,154.63427734375,0.11824255436658859
sample_00255,32,16,block_out,0.8637920618057251,0.5052885413169861,642.9737548828125,0.5625420212745667
sample_00255,32,1,block_out,0.9996115565299988,0.03711380809545517,14.344879150390625,0.0024017083924263716
sample_00255,32,23,block_out,0.7634947896003723,0.6542813777923584,870.6339111328125,1.1224666833877563
sample_00255,32,27,block_out,0.8323932886123657,0.5571393370628357,964.9185791015625,1.7011595964431763
sample_00255,32,31,block_out,0.8436691761016846,0.5612761378288269,482.5098876953125,3.2532289028167725
sample_00255,32,8,block_out,0.9844253659248352,0.17772406339645386,158.89794921875,0.1185331642627716
sample_00255,4,16,block_out,0.8666408061981201,0.5002560615539551,600.576904296875,0.5689656734466553
sample_00255,4,1,block_out,0.999342679977417,0.04523123800754547,20.1259765625,0.003009046893566847
sample_00255,4,23,block_out,0.7615538835525513,0.6578216552734375,827.0515747070312,1.1205183267593384
sample_00255,4,27,block_out,0.8390581607818604,0.5463834404945374,941.278076171875,1.6600109338760376
sample_00255,4,31,block_out,0.8649265766143799,0.5285568237304688,513.2700805664062,3.1947450637817383
sample_00255,4,8,block_out,0.9807536602020264,0.19710035622119904,193.80810546875,0.11891292780637741
sample_00255,63,16,block_out,0.9236509799957275,0.3839852213859558,231.984619140625,0.5273550152778625
sample_00255,63,1,block_out,0.9995619058609009,0.036961667239665985,21.9638671875,0.0012519407318904996
sample_00255,63,23,block_out,0.8299315571784973,0.5595032572746277,382.779541015625,1.1026626825332642
sample_00255,63,27,block_out,0.8672066926956177,0.4984683394432068,441.609619140625,1.6271833181381226
sample_00255,63,31,block_out,0.848548948764801,0.5530164241790771,464.958740234375,2.882261276245117
sample_00255,63,8,block_out,0.9930589199066162,0.11991807073354721,8.07855224609375,0.11541362851858139
sample_00256,0,16,block_out,0.9105557203292847,0.4138757884502411,278.02178955078125,0.5657620429992676
sample_00256,0,1,block_out,1.0003752708435059,0.000537209736648947,0.0361328125,0.00017766584642231464
sample_00256,0,23,block_out,0.8030672073364258,0.599647581577301,524.6946411132812,1.1015981435775757
sample_00256,0,27,block_out,0.8632184267044067,0.5056610703468323,630.073486328125,1.5979278087615967
sample_00256,0,31,block_out,0.8837755918502808,0.4909449517726898,612.635986328125,2.928323268890381
sample_00256,0,8,block_out,0.992827832698822,0.12198132276535034,2.78155517578125,0.11658300459384918
sample_00256,16,16,block_out,0.8518743515014648,0.5263143181800842,668.3310546875,0.5748953819274902
sample_00256,16,1,block_out,0.997965395450592,0.06904367357492447,20.81591796875,0.004544524010270834
sample_00256,16,23,block_out,0.753364622592926,0.6660727858543396,891.938232421875,1.125770092010498
sample_00256,16,27,block_out,0.8308926224708557,0.5594754815101624,1028.047119140625,1.6797271966934204
sample_00256,16,31,block_out,0.8611451387405396,0.5359819531440735,505.103759765625,3.1266019344329834
sample_00256,16,8,block_out,0.9746259450912476,0.2259131819009781,206.66015625,0.1255892813205719
sample_00256,32,16,block_out,0.8534241318702698,0.5236065983772278,672.7745361328125,0.5703628659248352
sample_00256,32,1,block_out,0.9982154369354248,0.06474018841981888,20.35498046875,0.0042304606176912785
sample_00256,32,23,block_out,0.7549857497215271,0.6638088822364807,895.8155517578125,1.1288050413131714
sample_00256,32,27,block_out,0.8314304351806641,0.558382511138916,1030.6802978515625,1.6889185905456543
sample_00256,32,31,block_out,0.8530479669570923,0.5529363751411438,498.7564697265625,3.115262985229492
sample_00256,32,8,block_out,0.9737856984138489,0.22943708300590515,224.470703125,0.1256573498249054
sample_00256,4,16,block_out,0.8541714549064636,0.5224416851997375,644.4599609375,0.578213632106781
sample_00256,4,1,block_out,0.9974229335784912,0.07668717205524445,21.751953125,0.0053477524779737
sample_00256,4,23,block_out,0.7432736158370972,0.6791408061981201,864.979736328125,1.1552729606628418
sample_00256,4,27,block_out,0.8215189576148987,0.5734438300132751,1014.142333984375,1.731796383857727
sample_00256,4,31,block_out,0.8569722771644592,0.5451769828796387,527.942138671875,3.237647533416748
sample_00256,4,8,block_out,0.9731256365776062,0.2328328639268875,199.03466796875,0.12634776532649994
sample_00256,63,16,block_out,0.8585692644119263,0.5150082111358643,637.1424560546875,0.5414929389953613
sample_00256,63,1,block_out,0.9991698265075684,0.04652484133839607,19.500244140625,0.0027499303687363863
sample_00256,63,23,block_out,0.7770389318466187,0.6367778182029724,838.4466552734375,1.0941131114959717
sample_00256,63,27,block_out,0.837176501750946,0.5498781800270081,946.8548583984375,1.646357536315918
sample_00256,63,31,block_out,0.818478524684906,0.5997323393821716,475.2276611328125,2.993936538696289
sample_00256,63,8,block_out,0.9805888533592224,0.19787347316741943,193.63150024414062,0.12296436727046967
sample_00257,0,16,block_out,0.911409854888916,0.41203662753105164,267.32391357421875,0.5677499771118164
sample_00257,0,1,block_out,1.0003708600997925,0.0005339730414561927,0.03125,0.00017944833962246776
sample_00257,0,23,block_out,0.8058840036392212,0.595129132270813,403.448974609375,1.0974773168563843
sample_00257,0,27,block_out,0.8581822514533997,0.5148425698280334,490.486083984375,1.6181977987289429
sample_00257,0,31,block_out,0.87481689453125,0.5127179622650146,494.85107421875,3.006103277206421
sample_00257,0,8,block_out,0.9929342269897461,0.12121014297008514,3.1680908203125,0.11507286876440048
sample_00257,16,16,block_out,0.8568929433822632,0.5179958343505859,630.7276611328125,0.5739794969558716
sample_00257,16,1,block_out,0.9980576634407043,0.06743340939283371,20.4208984375,0.004608427174389362
sample_00257,16,23,block_out,0.7564303278923035,0.6635577082633972,855.356201171875,1.12184739112854
sample_00257,16,27,block_out,0.8263338208198547,0.5672822594642639,990.510009765625,1.702354907989502
sample_00257,16,31,block_out,0.8540276288986206,0.5535092353820801,487.4302978515625,3.1921191215515137
sample_00257,16,8,block_out,0.9769381284713745,0.21573080122470856,183.50830078125,0.12376927584409714
sample_00257,32,16,block_out,0.8548479080200195,0.5214572548866272,652.6854248046875,0.5688990354537964
sample_00257,32,1,block_out,0.9982750415802002,0.06365343928337097,19.857421875,0.0042916471138596535
sample_00257,32,23,block_out,0.7567912340164185,0.6624101400375366,866.1683349609375,1.1326364278793335
sample_00257,32,27,block_out,0.8186966776847839,0.5787389874458313,1002.7384033203125,1.7483233213424683
sample_00257,32,31,block_out,0.833528995513916,0.5921621918678284,477.39990234375,3.3203492164611816
sample_00257,32,8,block_out,0.9752293825149536,0.2231534868478775,216.383544921875,0.12465213239192963
sample_00257,4,16,block_out,0.8610755801200867,0.510718822479248,599.8988037109375,0.5776684284210205
sample_00257,4,1,block_out,0.9976255297660828,0.07396470755338669,20.83349609375,0.0052216690964996815
sample_00257,4,23,block_out,0.7488665580749512,0.6734001636505127,813.8642578125,1.1525018215179443
sample_00257,4,27,block_out,0.8193957209587097,0.5775532722473145,944.64453125,1.7533900737762451
sample_00257,4,31,block_out,0.8534022569656372,0.5535264015197754,508.89990234375,3.2871084213256836
sample_00257,4,8,block_out,0.9753249287605286,0.22304141521453857,201.6611328125,0.12359575182199478
sample_00257,63,16,block_out,0.8477980494499207,0.5332881808280945,682.5281372070312,0.5555247664451599
sample_00257,63,1,block_out,0.9980359673500061,0.0665702223777771,25.0531005859375,0.0038696525152772665
sample_00257,63,23,block_out,0.7388928532600403,0.6872239112854004,996.883544921875,1.1367191076278687
sample_00257,63,27,block_out,0.806765615940094,0.5978225469589233,1102.550537109375,1.7329550981521606
sample_00257,63,31,block_out,0.8003660440444946,0.6332969665527344,502.234130859375,3.1875267028808594
sample_00257,63,8,block_out,0.9817914366722107,0.19159872829914093,177.830078125,0.1269513964653015
sample_00258,0,16,block_out,0.9139432311058044,0.40641918778419495,272.5751953125,0.5655498504638672
sample_00258,0,1,block_out,1.000365972518921,0.0005361835355870426,0.0341796875,0.0001773588446667418
sample_00258,0,23,block_out,0.816399097442627,0.5802314877510071,418.001708984375,1.086416482925415
sample_00258,0,27,block_out,0.8730730414390564,0.4881269931793213,478.678955078125,1.5588330030441284
sample_00258,0,31,block_out,0.8890227675437927,0.478998064994812,506.005126953125,2.8402037620544434
sample_00258,0,8,block_out,0.9928405284881592,0.12191187590360641,2.75067138671875,0.11624640971422195
sample_00258,16,16,block_out,0.8617162704467773,0.5090605020523071,646.944091796875,0.5694262385368347
sample_00258,16,1,block_out,0.9995682239532471,0.039274558424949646,16.11920166015625,0.0024996930733323097
sample_00258,16,23,block_out,0.7604325413703918,0.6572371125221252,889.6988525390625,1.1185197830200195
sample_00258,16,27,block_out,0.8398311138153076,0.5451115369796753,993.7921142578125,1.6604962348937988
sample_00258,16,31,block_out,0.8600529432296753,0.5376009345054626,514.846923828125,3.163966417312622
sample_00258,16,8,block_out,0.9846535921096802,0.1765594184398651,136.96041870117188,0.12088855355978012
sample_00258,32,16,block_out,0.8621563911437988,0.5083590745925903,647.948486328125,0.5680254697799683
sample_00258,32,1,block_out,0.9996280074119568,0.03677321597933769,14.27520751953125,0.0023587392643094063
sample_00258,32,23,block_out,0.7593019008636475,0.658362627029419,890.95458984375,1.1289279460906982
sample_00258,32,27,block_out,0.8298784494400024,0.5609280467033386,1001.7001953125,1.7152903079986572
sample_00258,32,31,block_out,0.8461261987686157,0.5578010678291321,483.51708984375,3.200446844100952
sample_00258,32,8,block_out,0.9860309362411499,0.16853082180023193,133.045166015625,0.1221255511045456
sample_00258,4,16,block_out,0.8646581768989563,0.5039044618606567,617.133544921875,0.5719098448753357
sample_00258,4,1,block_out,0.999350368976593,0.04498911648988724,20.144287109375,0.0029506783466786146
sample_00258,4,23,block_out,0.7601782083511353,0.6587361097335815,849.7213134765625,1.118232011795044
sample_00258,4,27,block_out,0.8442925214767456,0.537928581237793,950.5465087890625,1.632051944732666
sample_00258,4,31,block_out,0.8711183667182922,0.5162383317947388,551.9163818359375,3.068260669708252
sample_00258,4,8,block_out,0.9813194274902344,0.1942945271730423,186.58056640625,0.12164123356342316
sample_00258,63,16,block_out,0.9243913888931274,0.38241565227508545,245.69921875,0.5216600894927979
sample_00258,63,1,block_out,1.0002537965774536,0.0005343746161088347,0.04296875,0.0001893109001684934
sample_00258,63,23,block_out,0.8405689597129822,0.5425560474395752,397.8974609375,1.0684467554092407
sample_00258,63,27,block_out,0.8803398609161377,0.4746057391166687,459.01953125,1.5444999933242798
sample_00258,63,31,block_out,0.8651355504989624,0.5158922672271729,477.8369140625,2.683136463165283
sample_00258,63,8,block_out,0.9929832816123962,0.12054193764925003,2.68603515625,0.11739400029182434
sample_00259,0,16,block_out,0.9160512685775757,0.4015645384788513,230.4130859375,0.558252215385437
sample_00259,0,1,block_out,1.0004184246063232,0.0005311041604727507,0.0361328125,0.00017700267198961228
sample_00259,0,23,block_out,0.8110800385475159,0.5890042185783386,393.867919921875,1.0897873640060425
sample_00259,0,27,block_out,0.8673262596130371,0.498628169298172,479.032958984375,1.5799437761306763
sample_00259,0,31,block_out,0.8803378343582153,0.5015289187431335,467.36474609375,2.9001550674438477
sample_00259,0,8,block_out,0.9932706356048584,0.11872205883264542,2.64691162109375,0.11296794563531876
sample_00259,16,16,block_out,0.8656809329986572,0.5026830434799194,621.2025146484375,0.5690180659294128
sample_00259,16,1,block_out,0.9985247850418091,0.06084325537085533,20.5859375,0.004003522917628288
sample_00259,16,23,block_out,0.7613654136657715,0.6574605703353882,879.07373046875,1.1137992143630981
sample_00259,16,27,block_out,0.8339685201644897,0.5554607510566711,1007.252197265625,1.685973882675171
sample_00259,16,31,block_out,0.85371994972229,0.550787627696991,479.744873046875,3.125662326812744
sample_00259,16,8,block_out,0.9885830879211426,0.15299822390079498,99.7939453125,0.11939570307731628
sample_00259,32,16,block_out,0.909355640411377,0.41641679406166077,317.031494140625,0.5647505521774292
sample_00259,32,1,block_out,0.9986381530761719,0.05840586870908737,20.12890625,0.0037685048300772905
sample_00259,32,23,block_out,0.8039578199386597,0.5976122617721558,566.547607421875,1.1238945722579956
sample_00259,32,27,block_out,0.8437541723251343,0.538904070854187,679.163330078125,1.73582124710083
sample_00259,32,31,block_out,0.8345517516136169,0.592147946357727,668.393798828125,3.2340309619903564
sample_00259,32,8,block_out,0.9906724095344543,0.13873034715652466,68.8143310546875,0.11988623440265656
sample_00259,4,16,block_out,0.8662756681442261,0.5017167329788208,610.273681640625,0.5707204341888428
sample_00259,4,1,block_out,0.998308539390564,0.06482803076505661,20.986328125,0.004348267335444689
sample_00259,4,23,block_out,0.7572639584541321,0.6630967259407043,860.1776123046875,1.126707673072815
sample_00259,4,27,block_out,0.8348889350891113,0.5532503724098206,964.4422607421875,1.6859298944473267
sample_00259,4,31,block_out,0.8587160110473633,0.5446256399154663,476.9697265625,3.132923126220703
sample_00259,4,8,block_out,0.9862815141677856,0.1672964245080948,136.31414794921875,0.12053738534450531
sample_00259,63,16,block_out,0.9233366250991821,0.3846583366394043,235.448486328125,0.5242509841918945
sample_00259,63,1,block_out,0.9992796182632446,0.04513395205140114,19.84619140625,0.002550269477069378
sample_00259,63,23,block_out,0.8374192118644714,0.548389196395874,379.859130859375,1.066267490386963
sample_00259,63,27,block_out,0.8729261755943298,0.4884580373764038,437.991943359375,1.5778898000717163
sample_00259,63,31,block_out,0.8418606519699097,0.5604391694068909,461.826904296875,2.8184592723846436
sample_00259,63,8,block_out,0.9928669333457947,0.12181276082992554,20.32421875,0.1169215738773346
sample_00260,0,16,block_out,0.916156530380249,0.40132713317871094,240.54864501953125,0.5554798245429993
sample_00260,0,1,block_out,1.0004289150238037,0.0005393397295847535,0.052734375,0.00017519037646707147
sample_00260,0,23,block_out,0.8084049820899963,0.5945531129837036,395.22540283203125,1.0949625968933105
sample_00260,0,27,block_out,0.8666178584098816,0.49973660707473755,456.03759765625,1.6175743341445923
sample_00260,0,31,block_out,0.8722299337387085,0.5155104994773865,503.13720703125,3.0419530868530273
sample_00260,0,8,block_out,0.9934012293815613,0.11880145221948624,2.41253662109375,0.11251122504472733
sample_00260,16,16,block_out,0.845331609249115,0.5398264527320862,663.841064453125,0.6180092692375183
sample_00260,16,1,block_out,0.9907726049423218,0.13853034377098083,25.0732421875,0.015190701931715012
sample_00260,16,23,block_out,0.7292667627334595,0.7037760615348816,907.8942260742188,1.1893432140350342
sample_00260,16,27,block_out,0.7929342985153198,0.6183754801750183,1092.447265625,1.8941725492477417
sample_00260,16,31,block_out,0.7695987820625305,0.6908241510391235,574.2359619140625,3.7156565189361572
sample_00260,16,8,block_out,0.979454755783081,0.20658019185066223,211.042724609375,0.1418045461177826
sample_00260,32,16,block_out,0.8387512564659119,0.5513110160827637,669.914794921875,0.6399293541908264
sample_00260,32,1,block_out,0.9809539318084717,0.19613680243492126,23.693359375,0.027375712990760803
sample_00260,32,23,block_out,0.7148301601409912,0.7213146090507507,909.925537109375,1.2311307191848755
sample_00260,32,27,block_out,0.7654468417167664,0.6544016003608704,1087.1181640625,2.002866744995117
sample_00260,32,31,block_out,0.7218170762062073,0.7507098317146301,566.52587890625,3.9406325817108154
sample_00260,32,8,block_out,0.9737561345100403,0.2336416244506836,172.3150634765625,0.158798947930336
sample_00260,4,16,block_out,0.8702723383903503,0.4954127371311188,596.517578125,0.5775505304336548
sample_00260,4,1,block_out,0.9971438646316528,0.080899678170681,21.94921875,0.005684546194970608
sample_00260,4,23,block_out,0.7589917778968811,0.6645726561546326,832.454345703125,1.1304653882980347
sample_00260,4,27,block_out,0.831726610660553,0.5588863492012024,954.423583984375,1.736620545387268
sample_00260,4,31,block_out,0.8342480659484863,0.5852148532867432,522.3684692382812,3.2986772060394287
sample_00260,4,8,block_out,0.9880748391151428,0.15750744938850403,122.113037109375,0.12249569594860077
sample_00260,63,16,block_out,0.8410999178886414,0.5481604337692261,626.4144897460938,0.6255269050598145
sample_00260,63,1,block_out,0.9747056365013123,0.22518089413642883,26.7598876953125,0.03975711017847061
sample_00260,63,23,block_out,0.7375499606132507,0.6929700970649719,926.79150390625,1.1910183429718018
sample_00260,63,27,block_out,0.7909035682678223,0.6229239106178284,1094.13916015625,1.8632463216781616
sample_00260,63,31,block_out,0.7502344250679016,0.7050389647483826,563.93212890625,3.5078301429748535
sample_00260,63,8,block_out,0.9695175290107727,0.2544938325881958,143.852783203125,0.16501908004283905
sample_00261,0,16,block_out,0.9152860641479492,0.4032980799674988,243.66448974609375,0.5537357926368713
sample_00261,0,1,block_out,1.0004278421401978,0.0005464297137223184,0.03515625,0.00018144100613426417
sample_00261,0,23,block_out,0.8141700029373169,0.5849583745002747,422.20941162109375,1.0772403478622437
sample_00261,0,27,block_out,0.8682553172111511,0.4972665011882782,494.373291015625,1.5977078676223755
sample_00261,0,31,block_out,0.8719736337661743,0.5173586010932922,525.968994140625,2.973001718521118
sample_00261,0,8,block_out,0.9934714436531067,0.11818119138479233,2.4366455078125,0.11105149984359741
sample_00261,16,16,block_out,0.8663554191589355,0.5021269917488098,641.034423828125,0.5615885257720947
sample_00261,16,1,block_out,0.9983183145523071,0.06443258374929428,21.68017578125,0.003824226325377822
sample_00261,16,23,block_out,0.7639878988265991,0.6544126868247986,890.2509765625,1.101474642753601
sample_00261,16,27,block_out,0.8396191596984863,0.5464615821838379,1039.415771484375,1.6637852191925049
sample_00261,16,31,block_out,0.850006639957428,0.5555925965309143,479.893798828125,3.0694758892059326
sample_00261,16,8,block_out,0.9886090755462646,0.15387269854545593,124.0897216796875,0.11718800663948059
sample_00261,32,16,block_out,0.9099870324134827,0.41515567898750305,271.40875244140625,0.5584885478019714
sample_00261,32,1,block_out,0.9985140562057495,0.0607505701482296,21.087890625,0.003547144588083029
sample_00261,32,23,block_out,0.811522901058197,0.587615966796875,465.08453369140625,1.101240634918213
sample_00261,32,27,block_out,0.8559414148330688,0.518506646156311,545.20556640625,1.682236671447754
sample_00261,32,31,block_out,0.8411557078361511,0.5732609033584595,568.49072265625,3.102666139602661
sample_00261,32,8,block_out,0.9904980063438416,0.14089182019233704,88.6435546875,0.11766942590475082
sample_00261,4,16,block_out,0.8695482611656189,0.4964154362678528,620.2548828125,0.5629338622093201
sample_00261,4,1,block_out,0.997992992401123,0.06961644440889359,22.1845703125,0.004314245656132698
sample_00261,4,23,block_out,0.764456570148468,0.6537054181098938,849.7634887695312,1.10150146484375
sample_00261,4,27,block_out,0.8400681018829346,0.5452824234962463,998.365478515625,1.6597827672958374
sample_00261,4,31,block_out,0.8587871193885803,0.5461584329605103,489.021484375,3.078503131866455
sample_00261,4,8,block_out,0.9892057776451111,0.15004204213619232,101.05805969238281,0.11686667054891586
sample_00261,63,16,block_out,0.9193615913391113,0.3940076231956482,237.8970947265625,0.5422083139419556
sample_00261,63,1,block_out,0.9994899034500122,0.04084797203540802,25.19561767578125,0.001797112519852817
sample_00261,63,23,block_out,0.830062985420227,0.559942901134491,418.6685791015625,1.0906050205230713
sample_00261,63,27,block_out,0.869309663772583,0.49518582224845886,493.6549072265625,1.62184476852417
sample_00261,63,31,block_out,0.8453049063682556,0.5536140203475952,520.0904541015625,2.89154314994812
sample_00261,63,8,block_out,0.9930888414382935,0.12102777510881424,22.58721923828125,0.11507903039455414
sample_00262,0,16,block_out,0.9176077246665955,0.3979736268520355,240.57470703125,0.5540871024131775
sample_00262,0,1,block_out,1.000429391860962,0.0005547163891606033,0.033203125,0.0001813677081372589
sample_00262,0,23,block_out,0.8164210915565491,0.5838542580604553,380.5107421875,1.0859713554382324
sample_00262,0,27,block_out,0.8647266030311584,0.5035122036933899,435.14599609375,1.6235905885696411
sample_00262,0,31,block_out,0.8684504628181458,0.5217702984809875,468.08154296875,3.015939712524414
sample_00262,0,8,block_out,0.99330735206604,0.11939515918493271,2.50421142578125,0.11254493147134781
sample_00262,16,16,block_out,0.8596621751785278,0.5134688019752502,688.5438232421875,0.5619522929191589
sample_00262,16,1,block_out,0.9982306361198425,0.0657881498336792,21.58642578125,0.003879174357280135
sample_00262,16,23,block_out,0.7568156123161316,0.6643272638320923,940.728271484375,1.1047024726867676
sample_00262,16,27,block_out,0.8330696821212769,0.5573808550834656,1101.542724609375,1.6723108291625977
sample_00262,16,31,block_out,0.8418972492218018,0.5668978691101074,547.692138671875,3.182342052459717
sample_00262,16,8,block_out,0.9802758693695068,0.20042547583580017,201.656005859375,0.11959812790155411
sample_00262,32,16,block_out,0.8608547449111938,0.511467456817627,686.7650146484375,0.5583006143569946
sample_00262,32,1,block_out,0.9984447956085205,0.061919670552015305,21.07421875,0.003639302682131529
sample_00262,32,23,block_out,0.7609220147132874,0.659308910369873,930.8170166015625,1.10846745967865
sample_00262,32,27,block_out,0.8351773023605347,0.5537029504776001,1082.3629150390625,1.6735012531280518
sample_00262,32,31,block_out,0.842426061630249,0.5678956508636475,545.1904296875,3.1148483753204346
sample_00262,32,8,block_out,0.9794052243232727,0.20472805202007294,208.19921875,0.11973163485527039
sample_00262,4,16,block_out,0.8684450387954712,0.4980015158653259,632.107421875,0.563429594039917
sample_00262,4,1,block_out,0.9977968335151672,0.07245983183383942,22.0712890625,0.004527934826910496
sample_00262,4,23,block_out,0.7530226111412048,0.6703025698661804,861.7381591796875,1.1436471939086914
sample_00262,4,27,block_out,0.8181472420692444,0.579666018486023,1024.1610107421875,1.7811509370803833
sample_00262,4,31,block_out,0.829725980758667,0.5935755372047424,486.9228515625,3.3790955543518066
sample_00262,4,8,block_out,0.9797821640968323,0.20306317508220673,193.78466796875,0.12039677053689957
sample_00262,63,16,block_out,0.8657541871070862,0.5031746029853821,609.7971801757812,0.5374337434768677
sample_00262,63,1,block_out,0.9993035197257996,0.04501050338149071,20.421630859375,0.0024018308613449335
sample_00262,63,23,block_out,0.7727434635162354,0.6455326676368713,972.678955078125,1.089786171913147
sample_00262,63,27,block_out,0.8405340909957886,0.5452014803886414,1147.794189453125,1.6235584020614624
sample_00262,63,31,block_out,0.8329618573188782,0.5768100619316101,609.699462890625,2.9242348670959473
sample_00262,63,8,block_out,0.9867286682128906,0.1650855839252472,159.41455078125,0.11662891507148743
sample_00263,0,16,block_out,0.9156141877174377,0.4025737941265106,244.970703125,0.5508689880371094
sample_00263,0,1,block_out,1.000425100326538,0.0005340079660527408,0.0322265625,0.00017695108545012772
sample_00263,0,23,block_out,0.8077164888381958,0.5962400436401367,390.5611572265625,1.0925670862197876
sample_00263,0,27,block_out,0.8630636930465698,0.5062273144721985,454.8656005859375,1.618825078010559
sample_00263,0,31,block_out,0.8618560433387756,0.5339533090591431,493.1956787109375,3.09147047996521
sample_00263,0,8,block_out,0.993386447429657,0.11889003217220306,2.6220703125,0.1123693436384201
sample_00263,16,16,block_out,0.847051739692688,0.5369839668273926,656.111328125,0.6089727878570557
sample_00263,16,1,block_out,0.9905407428741455,0.1401754766702652,24.9970703125,0.01607299968600273
sample_00263,16,23,block_out,0.7305453419685364,0.7022385001182556,893.99072265625,1.189365029335022
sample_00263,16,27,block_out,0.7904634475708008,0.6239948868751526,1074.07958984375,1.908799171447754
sample_00263,16,31,block_out,0.7566856741905212,0.7144126296043396,505.885498046875,3.76171875
sample_00263,16,8,block_out,0.9795478582382202,0.20617257058620453,199.78253173828125,0.14321298897266388
sample_00263,32,16,block_out,0.8445976376533508,0.5428146719932556,644.9249877929688,0.627928614616394
sample_00263,32,1,block_out,0.9830248355865479,0.18548959493637085,23.6318359375,0.026670781895518303
sample_00263,32,23,block_out,0.7224273085594177,0.7158498764038086,899.9276733398438,1.225658655166626
sample_00263,32,27,block_out,0.772692859172821,0.6478292346000671,1086.31103515625,1.9776607751846313
sample_00263,32,31,block_out,0.7257688641548157,0.7511166334152222,500.13525390625,3.886584997177124
sample_00263,32,8,block_out,0.9750415086746216,0.22833631932735443,152.945068359375,0.1578829288482666
sample_00263,4,16,block_out,0.8658244609832764,0.5040590763092041,583.25537109375,0.5787413120269775
sample_00263,4,1,block_out,0.9962465763092041,0.09129331260919571,21.630859375,0.007269836030900478
sample_00263,4,23,block_out,0.749746561050415,0.6764816641807556,801.362548828125,1.1384081840515137
sample_00263,4,27,block_out,0.8207195997238159,0.577309250831604,943.534423828125,1.7625449895858765
sample_00263,4,31,block_out,0.8191286325454712,0.6155011057853699,568.17578125,3.382080554962158
sample_00263,4,8,block_out,0.9905748963356018,0.1405709832906723,86.2587890625,0.1230802834033966
sample_00263,63,16,block_out,0.845016360282898,0.5428849458694458,613.3251953125,0.6135333180427551
sample_00263,63,1,block_out,0.9735349416732788,0.2301233559846878,26.4002685546875,0.041865650564432144
sample_00263,63,23,block_out,0.7446333169937134,0.6845107674598694,914.3330078125,1.1836961507797241
sample_00263,63,27,block_out,0.7948793172836304,0.6192064881324768,1085.3857421875,1.8353002071380615
sample_00263,63,31,block_out,0.7465757727622986,0.7127280831336975,507.9951171875,3.463021993637085
sample_00263,63,8,block_out,0.9683982133865356,0.2597101032733917,141.5849609375,0.16789451241493225
sample_00264,0,16,block_out,0.9137133359909058,0.40685731172561646,215.127197265625,0.5594409108161926
sample_00264,0,1,block_out,1.0004206895828247,0.000538934487849474,0.0380859375,0.00017925231077242643
sample_00264,0,23,block_out,0.8072368502616882,0.5968846082687378,376.08349609375,1.096433162689209
sample_00264,0,27,block_out,0.8615757822990417,0.5090775489807129,447.87841796875,1.6273902654647827
sample_00264,0,31,block_out,0.8611869812011719,0.5393391251564026,472.66455078125,3.1121068000793457
sample_00264,0,8,block_out,0.9932454228401184,0.11998345702886581,2.8139076232910156,0.11294230818748474
sample_00264,16,16,block_out,0.8468495607376099,0.5367355346679688,637.40966796875,0.6118105053901672
sample_00264,16,1,block_out,0.9909448623657227,0.1372089684009552,25.310546875,0.014872726984322071
sample_00264,16,23,block_out,0.7299367785453796,0.7031923532485962,877.21728515625,1.1855062246322632
sample_00264,16,27,block_out,0.7999182939529419,0.6098335385322571,1056.187255859375,1.8450355529785156
sample_00264,16,31,block_out,0.7850918769836426,0.6634908318519592,554.0909423828125,3.61171555519104
sample_00264,16,8,block_out,0.9804995059967041,0.2009788602590561,189.031494140625,0.14265073835849762
sample_00264,32,16,block_out,0.8541896939277649,0.5248411297798157,525.25390625,0.6276028156280518
sample_00264,32,1,block_out,0.9844017624855042,0.17798639833927155,23.91796875,0.025542069226503372
sample_00264,32,23,block_out,0.7298057079315186,0.7048743963241577,848.68603515625,1.2093276977539062
sample_00264,32,27,block_out,0.7851144075393677,0.6304329633712769,1014.434326171875,1.920411229133606
sample_00264,32,31,block_out,0.7450773119926453,0.7200864553451538,485.115966796875,3.807326078414917
sample_00264,32,8,block_out,0.976255476474762,0.22222991287708282,143.08984375,0.1579350084066391
sample_00264,4,16,block_out,0.8699390888214111,0.4961012005805969,588.404296875,0.5783851742744446
sample_00264,4,1,block_out,0.9975401759147644,0.07572674751281738,21.919921875,0.005252159666270018
sample_00264,4,23,block_out,0.7353628277778625,0.6956159472465515,843.2969970703125,1.1727358102798462
sample_00264,4,27,block_out,0.8146024942398071,0.5858344435691833,986.7335205078125,1.789656639099121
sample_00264,4,31,block_out,0.8225200772285461,0.6090938448905945,733.37451171875,3.43099045753479
sample_00264,4,8,block_out,0.9895506501197815,0.14753416180610657,90.39208984375,0.12263147532939911
sample_00264,63,16,block_out,0.8436316847801208,0.5460508465766907,520.7032470703125,0.6185364127159119
sample_00264,63,1,block_out,0.9741719961166382,0.2275521606206894,22.072265625,0.04098310321569443
sample_00264,63,23,block_out,0.7429880499839783,0.6906635165214539,846.0694580078125,1.1899042129516602
sample_00264,63,27,block_out,0.7896613478660583,0.6270785927772522,1005.4317626953125,1.8491406440734863
sample_00264,63,31,block_out,0.7524121403694153,0.702056348323822,523.8282470703125,3.396132469177246
sample_00264,63,8,block_out,0.9684039950370789,0.2590877413749695,142.872314453125,0.1685977578163147
sample_00265,0,16,block_out,0.9230872988700867,0.3882869780063629,242.634521484375,0.551485002040863
sample_00265,0,1,block_out,1.002077341079712,0.0005562048754654825,0.05511474609375,0.00016960692300926894
sample_00265,0,23,block_out,0.837018609046936,0.5575326681137085,400.436767578125,1.0648928880691528
sample_00265,0,27,block_out,0.8715769052505493,0.4956345856189728,463.572509765625,1.5711051225662231
sample_00265,0,31,block_out,0.8596629500389099,0.5369656085968018,507.42138671875,2.8562257289886475
sample_00265,0,8,block_out,0.994545578956604,0.12004143744707108,3.3231201171875,0.11276865005493164
sample_00265,16,16,block_out,0.9045240879058838,0.4312213361263275,646.1982421875,0.5687323808670044
sample_00265,16,1,block_out,0.9989163875579834,0.0794379711151123,27.0732421875,0.004297078121453524
sample_00265,16,23,block_out,0.8053261637687683,0.607951819896698,967.937744140625,1.1252344846725464
sample_00265,16,27,block_out,0.84142005443573,0.5471664667129517,1145.909423828125,1.7038519382476807
sample_00265,16,31,block_out,0.8195220828056335,0.6065611839294434,469.112548828125,3.1313693523406982
sample_00265,16,8,block_out,0.9903439283370972,0.15160402655601501,237.25222778320312,0.12050677090883255
sample_00265,32,16,block_out,0.9040001630783081,0.4324076771736145,627.46337890625,0.5745244026184082
sample_00265,32,1,block_out,0.9963167905807495,0.10706178843975067,26.181640625,0.007741114124655724
sample_00265,32,23,block_out,0.8026253581047058,0.6121703386306763,955.83056640625,1.139901876449585
sample_00265,32,27,block_out,0.8356990814208984,0.5559110045433044,1136.560546875,1.7290756702423096
sample_00265,32,31,block_out,0.8087016344070435,0.6239727735519409,547.1405029296875,3.190964937210083
sample_00265,32,8,block_out,0.9887751340866089,0.16193927824497223,161.1536865234375,0.12440131604671478
sample_00265,4,16,block_out,0.9133309721946716,0.41140609979629517,526.34521484375,0.5561318397521973
sample_00265,4,1,block_out,1.001059651374817,0.045144177973270416,22.9404296875,0.0015076037961989641
sample_00265,4,23,block_out,0.8131780028343201,0.595095694065094,904.2333984375,1.105711579322815
sample_00265,4,27,block_out,0.8481364250183105,0.5359742045402527,1084.666748046875,1.6752409934997559
sample_00265,4,31,block_out,0.8345639109611511,0.5839987397193909,626.3128662109375,3.0672175884246826
sample_00265,4,8,block_out,0.9936447143554688,0.12740030884742737,89.69139099121094,0.1149735078215599
sample_00265,63,16,block_out,0.9068862199783325,0.42628544569015503,647.3397216796875,0.5545459389686584
sample_00265,63,1,block_out,0.992188572883606,0.1401687115430832,28.7127685546875,0.012563641183078289
sample_00265,63,23,block_out,0.8250178694725037,0.5757840275764465,970.7615966796875,1.0980043411254883
sample_00265,63,27,block_out,0.8703310489654541,0.4968542754650116,1146.9432373046875,1.576377511024475
sample_00265,63,31,block_out,0.8498279452323914,0.5494264364242554,545.9383544921875,2.7497286796569824
sample_00265,63,8,block_out,0.9860699772834778,0.17888472974300385,167.0980224609375,0.1278657466173172
sample_00266,0,16,block_out,0.9216411113739014,0.39175260066986084,255.2874755859375,0.5574579238891602
sample_00266,0,1,block_out,1.0021376609802246,0.0005482975393533707,0.05999755859375,0.00016871975094545633
sample_00266,0,23,block_out,0.8292526602745056,0.5696471333503723,471.1416015625,1.0810823440551758
sample_00266,0,27,block_out,0.8654307126998901,0.5061788558959961,570.037109375,1.5996772050857544
sample_00266,0,31,block_out,0.8537649512290955,0.5468865633010864,509.3514404296875,2.939656972885132
sample_00266,0,8,block_out,0.9946489930152893,0.11938358843326569,3.422119140625,0.11228079348802567
sample_00266,16,16,block_out,0.9049228429794312,0.4300653040409088,627.87890625,0.5736079216003418
sample_00266,16,1,block_out,0.9990735054016113,0.07820361107587814,26.9296875,0.004203677177429199
sample_00266,16,23,block_out,0.8022201657295227,0.6125651597976685,943.0061645507812,1.1365805864334106
sample_00266,16,27,block_out,0.8396586179733276,0.5492368340492249,1114.34033203125,1.711495041847229
sample_00266,16,31,block_out,0.8174268007278442,0.6091828346252441,499.98291015625,3.169126272201538
sample_00266,16,8,block_out,0.9907286167144775,0.14917618036270142,230.4224853515625,0.1197313591837883
sample_00266,32,16,block_out,0.907907247543335,0.4236844480037689,442.1914367675781,0.5794970989227295
sample_00266,32,1,block_out,0.9965506196022034,0.10547295212745667,26.08203125,0.0075769382528960705
sample_00266,32,23,block_out,0.8035182356834412,0.6105234622955322,629.117431640625,1.1494214534759521
sample_00266,32,27,block_out,0.8358336091041565,0.5549033284187317,774.128662109375,1.7360883951187134
sample_00266,32,31,block_out,0.8084121346473694,0.6227518916130066,497.1298828125,3.218959093093872
sample_00266,32,8,block_out,0.9889727234840393,0.16090737283229828,160.6802978515625,0.12365668267011642
sample_00266,4,16,block_out,0.9115850925445557,0.41528674960136414,607.227783203125,0.560362696647644
sample_00266,4,1,block_out,1.0011907815933228,0.04345379397273064,22.3974609375,0.0014616557164117694
sample_00266,4,23,block_out,0.8174978494644165,0.5875393748283386,822.96142578125,1.0980241298675537
sample_00266,4,27,block_out,0.8548597693443298,0.5239334106445312,968.02880859375,1.6463332176208496
sample_00266,4,31,block_out,0.8436101675033569,0.5665764212608337,518.5732421875,3.016453981399536
sample_00266,4,8,block_out,0.993360698223114,0.12983809411525726,111.7021484375,0.11409495025873184
sample_00266,63,16,block_out,0.9006494283676147,0.4400162994861603,689.18896484375,0.5722445249557495
sample_00266,63,1,block_out,0.9918902516365051,0.1426611840724945,28.7718505859375,0.01261233352124691
sample_00266,63,23,block_out,0.8070971965789795,0.6038385629653931,1024.501953125,1.1490916013717651
sample_00266,63,27,block_out,0.8471566438674927,0.5361714363098145,1244.4365234375,1.6882190704345703
sample_00266,63,31,block_out,0.8244596123695374,0.5922674536705017,513.46044921875,2.9896459579467773
sample_00266,63,8,block_out,0.9857156276702881,0.1812756210565567,164.35855102539062,0.12837977707386017
sample_00267,0,16,block_out,0.9216856956481934,0.3914921283721924,249.1494140625,0.5544033050537109
sample_00267,0,1,block_out,1.0019519329071045,0.0005508899921551347,0.05804443359375,0.00017035410564858466
sample_00267,0,23,block_out,0.8344563841819763,0.5619085431098938,409.37060546875,1.0690864324569702
sample_00267,0,27,block_out,0.8698205947875977,0.49841490387916565,476.314453125,1.5806922912597656
sample_00267,0,31,block_out,0.8595950603485107,0.5361472964286804,529.701171875,2.899661064147949
sample_00267,0,8,block_out,0.9943701028823853,0.12101830542087555,3.406982421875,0.11376595497131348
sample_00267,16,16,block_out,0.9049854278564453,0.4304860234260559,516.375732421875,0.5779832601547241
sample_00267,16,1,block_out,0.998171865940094,0.08678353577852249,22.6201171875,0.005395882297307253
sample_00267,16,23,block_out,0.8076654076576233,0.6028996109962463,749.302490234375,1.1237834692001343
sample_00267,16,27,block_out,0.8446773290634155,0.5413934588432312,906.415771484375,1.6932880878448486
sample_00267,16,31,block_out,0.8204634189605713,0.6083661317825317,502.46044921875,3.1480302810668945
sample_00267,16,8,block_out,0.9899414777755737,0.15400546789169312,220.3048095703125,0.12278369814157486
sample_00267,32,16,block_out,0.9036430716514587,0.43321090936660767,551.0810546875,0.5833378434181213
sample_00267,32,1,block_out,0.9949345588684082,0.11815132200717926,23.017578125,0.008936937898397446
sample_00267,32,23,block_out,0.8064827919006348,0.6066124439239502,860.8184814453125,1.131554365158081
sample_00267,32,27,block_out,0.8421527743339539,0.5462756752967834,1024.064208984375,1.7006958723068237
sample_00267,32,31,block_out,0.8104053735733032,0.6204664707183838,495.88232421875,3.1473677158355713
sample_00267,32,8,block_out,0.9874336123466492,0.17016680538654327,159.7525634765625,0.1289282888174057
sample_00267,4,16,block_out,0.9117754697799683,0.4146672487258911,617.77392578125,0.5599579215049744
sample_00267,4,1,block_out,1.0008801221847534,0.04624409228563309,22.6396484375,0.0019272780045866966
sample_00267,4,23,block_out,0.8159716129302979,0.5905837416648865,836.056396484375,1.103223204612732
sample_00267,4,27,block_out,0.8515676259994507,0.5302337408065796,1001.719970703125,1.6640645265579224
sample_00267,4,31,block_out,0.8371917605400085,0.5798695087432861,503.293212890625,3.0737698078155518
sample_00267,4,8,block_out,0.993532121181488,0.12777306139469147,97.4677734375,0.11585070192813873
sample_00267,63,16,block_out,0.9001240730285645,0.4414200186729431,645.222900390625,0.5775006413459778
sample_00267,63,1,block_out,0.9912707805633545,0.14553795754909515,28.5062255859375,0.013528297655284405
sample_00267,63,23,block_out,0.8121054172515869,0.5961264371871948,940.842529296875,1.1355060338974
sample_00267,63,27,block_out,0.8479472398757935,0.5356723070144653,1097.467529296875,1.6824471950531006
sample_00267,63,31,block_out,0.8185334205627441,0.6041260361671448,503.3816833496094,3.0215530395507812
sample_00267,63,8,block_out,0.9841585159301758,0.18914179503917694,170.27999877929688,0.1319648176431656
sample_00268,0,16,block_out,0.9215607643127441,0.3916764557361603,254.69091796875,0.5564345121383667
sample_00268,0,1,block_out,1.0019193887710571,0.0005531018250621855,0.05413818359375,0.0001706537586869672
sample_00268,0,23,block_out,0.8305115103721619,0.5675097703933716,425.22021484375,1.0758631229400635
sample_00268,0,27,block_out,0.8669596314430237,0.5028611421585083,495.73779296875,1.5957252979278564
sample_00268,0,31,block_out,0.8559244871139526,0.5441555380821228,516.38232421875,2.921006441116333
sample_00268,0,8,block_out,0.9945178627967834,0.1196800023317337,3.3953857421875,0.11269983649253845
sample_00268,16,16,block_out,0.9012539982795715,0.4385385513305664,591.976806640625,0.5867950916290283
sample_00268,16,1,block_out,0.99863201379776,0.08100427687168121,22.3447265625,0.005065384320914745
sample_00268,16,23,block_out,0.7938332557678223,0.6254682540893555,892.127685546875,1.1632148027420044
sample_00268,16,27,block_out,0.8206740617752075,0.5788659453392029,1056.285888671875,1.8025285005569458
sample_00268,16,31,block_out,0.7982916831970215,0.6412069797515869,528.91162109375,3.373117446899414
sample_00268,16,8,block_out,0.9899011850357056,0.15404002368450165,227.9271240234375,0.1219552531838417
sample_00268,32,16,block_out,0.8985974788665771,0.444187194108963,565.3681640625,0.59389728307724
sample_00268,32,1,block_out,0.9955286979675293,0.1128278449177742,27.951171875,0.008549130521714687
sample_00268,32,23,block_out,0.7927954792976379,0.6273247599601746,878.217529296875,1.1707041263580322
sample_00268,32,27,block_out,0.8216680288314819,0.5774104595184326,1030.820556640625,1.7990890741348267
sample_00268,32,31,block_out,0.7955234050750732,0.6424286961555481,550.7417602539062,3.3394033908843994
sample_00268,32,8,block_out,0.9874593615531921,0.1698342263698578,169.238525390625,0.12756851315498352
sample_00268,4,16,block_out,0.9090293049812317,0.42096230387687683,598.008544921875,0.5614238977432251
sample_00268,4,1,block_out,1.001063346862793,0.041365090757608414,22.7021484375,0.0016734300879761577
sample_00268,4,23,block_out,0.8066204190254211,0.6034895181655884,802.453125,1.11837899684906
sample_00268,4,27,block_out,0.8399083614349365,0.5496332049369812,960.761474609375,1.7219775915145874
sample_00268,4,31,block_out,0.8249672651290894,0.603492259979248,525.06787109375,3.192315101623535
sample_00268,4,8,block_out,0.9934361577033997,0.12836819887161255,108.11328125,0.11461634933948517
sample_00268,63,16,block_out,0.9034908413887024,0.4339013993740082,630.1132202148438,0.5635892152786255
sample_00268,63,1,block_out,0.9906842708587646,0.14939269423484802,27.234375,0.013901904225349426
sample_00268,63,23,block_out,0.8238670825958252,0.5771322250366211,931.5717163085938,1.1037402153015137
sample_00268,63,27,block_out,0.8683680891990662,0.499915212392807,1084.56396484375,1.5901052951812744
sample_00268,63,31,block_out,0.8458012342453003,0.5579984784126282,527.4874267578125,2.773371934890747
sample_00268,63,8,block_out,0.9852287769317627,0.18321508169174194,153.36993408203125,0.1314268708229065
sample_00269,0,16,block_out,0.9213514924049377,0.39216166734695435,238.427734375,0.5576856136322021
sample_00269,0,1,block_out,1.0019510984420776,0.000553544785361737,0.0546875,0.00016867204976733774
sample_00269,0,23,block_out,0.8310861587524414,0.5667772889137268,390.63671875,1.0761897563934326
sample_00269,0,27,block_out,0.866645872592926,0.5038047432899475,452.3447265625,1.5915160179138184
sample_00269,0,31,block_out,0.8562842607498169,0.5458060503005981,518.928955078125,2.9100759029388428
sample_00269,0,8,block_out,0.9944225549697876,0.12051494419574738,3.472900390625,0.11349344998598099
sample_00269,16,16,block_out,0.9065529704093933,0.4263365566730499,481.391845703125,0.5737428069114685
sample_00269,16,1,block_out,0.9986762404441833,0.08082906156778336,26.7353515625,0.0044692340306937695
sample_00269,16,23,block_out,0.8058366775512695,0.6069653630256653,780.38037109375,1.127030849456787
sample_00269,16,27,block_out,0.842311441898346,0.545433759689331,949.7430419921875,1.7012417316436768
sample_00269,16,31,block_out,0.8192980885505676,0.6070230007171631,552.694580078125,3.154242753982544
sample_00269,16,8,block_out,0.9904565811157227,0.15030443668365479,221.5933837890625,0.12108220905065536
sample_00269,32,16,block_out,0.9080466628074646,0.4234119653701782,450.39990234375,0.5811707377433777
sample_00269,32,1,block_out,0.9959776401519775,0.10898998379707336,25.86328125,0.008026786148548126
sample_00269,32,23,block_out,0.8070351481437683,0.6056077480316162,601.858642578125,1.1381336450576782
sample_00269,32,27,block_out,0.8412754535675049,0.5466399192810059,739.592041015625,1.7142513990402222
sample_00269,32,31,block_out,0.8138526678085327,0.6133718490600586,511.05963134765625,3.174531936645508
sample_00269,32,8,block_out,0.9887098073959351,0.1618734747171402,151.96826171875,0.12533794343471527
sample_00269,4,16,block_out,0.9089505672454834,0.4208313822746277,606.445556640625,0.5626667737960815
sample_00269,4,1,block_out,1.0009247064590454,0.045378293842077255,22.2412109375,0.00156860938295722
sample_00269,4,23,block_out,0.8104590177536011,0.5986724495887756,838.4967041015625,1.1106324195861816
sample_00269,4,27,block_out,0.8480919599533081,0.5357906818389893,954.7628173828125,1.6771413087844849
sample_00269,4,31,block_out,0.8361386060714722,0.5812971591949463,734.9036865234375,3.0755615234375
sample_00269,4,8,block_out,0.9931260347366333,0.130881667137146,107.3597412109375,0.11582421511411667
sample_00269,63,16,block_out,0.9008228182792664,0.4392724633216858,656.114990234375,0.5685782432556152
sample_00269,63,1,block_out,0.9913021326065063,0.14535276591777802,28.4693603515625,0.013116811402142048
sample_00269,63,23,block_out,0.8150231242179871,0.5917471051216125,969.060791015625,1.1211224794387817
sample_00269,63,27,block_out,0.8597620129585266,0.5166131258010864,1143.151611328125,1.6238343715667725
sample_00269,63,31,block_out,0.838515043258667,0.5703268647193909,519.1700439453125,2.8385705947875977
sample_00269,63,8,block_out,0.984428346157074,0.18759369850158691,169.3697967529297,0.13034501671791077
sample_00270,0,16,block_out,0.9210104942321777,0.3957078456878662,247.651123046875,0.5664190053939819
sample_00270,0,1,block_out,1.00322687625885,0.0005592892412096262,0.0341796875,0.00016841867181938142
sample_00270,0,23,block_out,0.8450007438659668,0.5454913377761841,392.815673828125,1.068721890449524
sample_00270,0,27,block_out,0.8829804062843323,0.4750608801841736,453.244384765625,1.562628149986267
sample_00270,0,31,block_out,0.8696717619895935,0.524024486541748,471.61712646484375,2.8319528102874756
sample_00270,0,8,block_out,0.9953596591949463,0.12614604830741882,2.52740478515625,0.12052252888679504
sample_00270,16,16,block_out,0.9094467163085938,0.4226366877555847,641.9827880859375,0.5771348476409912
sample_00270,16,1,block_out,1.0006370544433594,0.07175178080797195,23.841796875,0.003071230137720704
sample_00270,16,23,block_out,0.8316270112991333,0.5673916935920715,895.60400390625,1.091308832168579
sample_00270,16,27,block_out,0.8763402700424194,0.4872114658355713,1084.37939453125,1.5843324661254883
sample_00270,16,31,block_out,0.8616566061973572,0.5397530794143677,798.128173828125,2.840183973312378
sample_00270,16,8,block_out,0.9913831949234009,0.1546667516231537,262.26763916015625,0.12463440001010895
sample_00270,32,16,block_out,0.9091702699661255,0.42344269156455994,544.4561767578125,0.5808870792388916
sample_00270,32,1,block_out,0.9991040825843811,0.09042148292064667,22.900390625,0.0052223531529307365
sample_00270,32,23,block_out,0.8308808207511902,0.568678617477417,782.7501220703125,1.1012053489685059
sample_00270,32,27,block_out,0.874219536781311,0.4911319315433502,939.961669921875,1.6039106845855713
sample_00270,32,31,block_out,0.8569408655166626,0.5456555485725403,474.273681640625,2.8650476932525635
sample_00270,32,8,block_out,0.9910343289375305,0.15721715986728668,264.857177734375,0.12751169502735138
sample_00270,4,16,block_out,0.9131653308868408,0.41417813301086426,598.6992797851562,0.5719032287597656
sample_00270,4,1,block_out,1.0024690628051758,0.03886354714632034,24.744140625,0.001137159881182015
sample_00270,4,23,block_out,0.8326482176780701,0.5663929581642151,836.1824340820312,1.081739068031311
sample_00270,4,27,block_out,0.8738943934440613,0.49248021841049194,1011.3564453125,1.593199610710144
sample_00270,4,31,block_out,0.8604652881622314,0.5424709916114807,476.1025390625,2.874011516571045
sample_00270,4,8,block_out,0.9936020374298096,0.13941803574562073,183.98974609375,0.12253355979919434
sample_00270,63,16,block_out,0.9080200791358948,0.4261379539966583,609.1882934570312,0.5710006356239319
sample_00270,63,1,block_out,0.9955310821533203,0.12370242923498154,26.263671875,0.008626882918179035
sample_00270,63,23,block_out,0.8363703489303589,0.5574233531951904,1010.21630859375,1.0886355638504028
sample_00270,63,27,block_out,0.8846274018287659,0.4704037010669708,1211.02978515625,1.56967031955719
sample_00270,63,31,block_out,0.8691177368164062,0.5221213102340698,767.98193359375,2.745114326477051
sample_00270,63,8,block_out,0.9904718995094299,0.16096600890159607,281.4647216796875,0.1293819546699524
sample_00271,0,16,block_out,0.9216142296791077,0.3940868377685547,250.0130615234375,0.5643752813339233
sample_00271,0,1,block_out,1.0031375885009766,0.0005548094632104039,0.0439453125,0.00016925082309171557
sample_00271,0,23,block_out,0.8454453945159912,0.5442125201225281,397.9764404296875,1.0644184350967407
sample_00271,0,27,block_out,0.8838586211204529,0.473150372505188,458.4354248046875,1.5545239448547363
sample_00271,0,31,block_out,0.8699491024017334,0.5239329934120178,490.6385803222656,2.8469295501708984
sample_00271,0,8,block_out,0.9953980445861816,0.1249547228217125,2.3486328125,0.11987262219190598
sample_00271,16,16,block_out,0.9217705726623535,0.3937099575996399,250.35205078125,0.5644605755805969
sample_00271,16,1,block_out,1.002827525138855,0.0248007383197546,17.837646484375,0.0006035032565705478
sample_00271,16,23,block_out,0.8458702564239502,0.543432354927063,398.40185546875,1.0731903314590454
sample_00271,16,27,block_out,0.884967029094696,0.4707539975643158,460.42919921875,1.5530307292938232
sample_00271,16,31,block_out,0.8692426681518555,0.5230532884597778,519.0113525390625,2.810854911804199
sample_00271,16,8,block_out,0.995198667049408,0.12651221454143524,35.54345703125,0.12080716341733932
sample_00271,32,16,block_out,0.920772910118103,0.39581429958343506,262.2418212890625,0.569019079208374
sample_00271,32,1,block_out,1.0016639232635498,0.0542716421186924,17.6982421875,0.0016077536856755614
sample_00271,32,23,block_out,0.842836856842041,0.5481739044189453,414.1490478515625,1.0875015258789062
sample_00271,32,27,block_out,0.8809564709663391,0.4786161482334137,482.4644775390625,1.5851279497146606
sample_00271,32,31,block_out,0.862427830696106,0.5342047810554504,512.8350830078125,2.8550353050231934
sample_00271,32,8,block_out,0.9945431351661682,0.1316802054643631,38.2642822265625,0.12334027886390686
sample_00271,4,16,block_out,0.9219595789909363,0.39322319626808167,249.5301513671875,0.5640169978141785
sample_00271,4,1,block_out,1.0030527114868164,0.012971409596502781,4.39923095703125,0.0004800655588041991
sample_00271,4,23,block_out,0.8452030420303345,0.5444234013557434,396.0238037109375,1.069423794746399
sample_00271,4,27,block_out,0.885431170463562,0.4696844220161438,457.6839599609375,1.5481703281402588
sample_00271,4,31,block_out,0.871254026889801,0.5201669335365295,542.76171875,2.8177099227905273
sample_00271,4,8,block_out,0.995185136795044,0.12667681276798248,18.367660522460938,0.1212245374917984
sample_00271,63,16,block_out,0.9198286533355713,0.39807116985321045,252.514892578125,0.5695262551307678
sample_00271,63,1,block_out,0.999450147151947,0.08612295985221863,18.88818359375,0.004671734292060137
sample_00271,63,23,block_out,0.8438693881034851,0.5446914434432983,396.419189453125,1.108445644378662
sample_00271,63,27,block_out,0.8795450925827026,0.4818716049194336,458.709228515625,1.6221909523010254
sample_00271,63,31,block_out,0.8593053817749023,0.5451172590255737,561.971435546875,2.8338046073913574
sample_00271,63,8,block_out,0.9921544790267944,0.14853401482105255,33.4365234375,0.12920278310775757
sample_00272,0,16,block_out,0.9217172861099243,0.3942461907863617,253.5543212890625,0.5662174820899963
sample_00272,0,1,block_out,1.0032958984375,0.0005589120555669069,0.048828125,0.00016836728900671005
sample_00272,0,23,block_out,0.8439205884933472,0.5469245314598083,419.801513671875,1.0738344192504883
sample_00272,0,27,block_out,0.8811593651771545,0.4787241220474243,488.878173828125,1.5750303268432617
sample_00272,0,31,block_out,0.8645474910736084,0.5370555520057678,590.70263671875,2.90669322013855
sample_00272,0,8,block_out,0.9955413341522217,0.12539172172546387,2.26123046875,0.12037628889083862
sample_00272,16,16,block_out,0.9165852069854736,0.40619051456451416,251.85009765625,0.5854247212409973
sample_00272,16,1,block_out,1.0022616386413574,0.04542802274227142,21.861328125,0.0017574271187186241
sample_00272,16,23,block_out,0.8312019109725952,0.5685864686965942,424.46612548828125,1.1222375631332397
sample_00272,16,27,block_out,0.8601953983306885,0.5190126299858093,494.539306640625,1.6867518424987793
sample_00272,16,31,block_out,0.8297775983810425,0.5982591509819031,599.47119140625,3.1323084831237793
sample_00272,16,8,block_out,0.9940619468688965,0.1365482658147812,128.227783203125,0.12491166591644287
sample_00272,32,16,block_out,0.9155652523040771,0.4085187315940857,255.01318359375,0.587913453578949
sample_00272,32,1,block_out,1.0009586811065674,0.06845737993717194,21.162109375,0.0036819179076701403
sample_00272,32,23,block_out,0.8319593667984009,0.567050039768219,432.1552734375,1.123711109161377
sample_00272,32,27,block_out,0.8622364401817322,0.5147475600242615,504.8525390625,1.6828984022140503
sample_00272,32,31,block_out,0.833528995513916,0.5894027948379517,523.201171875,3.0897274017333984
sample_00272,32,8,block_out,0.9927446842193604,0.14593505859375,128.0267333984375,0.12934964895248413
sample_00272,4,16,block_out,0.9204614162445068,0.3972058594226837,255.0322265625,0.5702756643295288
sample_00272,4,1,block_out,1.0030797719955444,0.020610220730304718,24.63134765625,0.000606585992500186
sample_00272,4,23,block_out,0.8406194448471069,0.5528540015220642,412.032958984375,1.088350534439087
sample_00272,4,27,block_out,0.8730306625366211,0.495014488697052,480.914794921875,1.6297109127044678
sample_00272,4,31,block_out,0.849079966545105,0.5668337941169739,530.4109497070312,3.0418920516967773
sample_00272,4,8,block_out,0.9951714277267456,0.12835274636745453,78.6669921875,0.12174943834543228
sample_00272,63,16,block_out,0.919344961643219,0.399912565946579,268.373779296875,0.569826602935791
sample_00272,63,1,block_out,0.9992029666900635,0.09070964902639389,20.135498046875,0.005378874484449625
sample_00272,63,23,block_out,0.847852349281311,0.5378601551055908,400.63818359375,1.0956196784973145
sample_00272,63,27,block_out,0.8898413181304932,0.46021026372909546,467.04443359375,1.576248288154602
sample_00272,63,31,block_out,0.87528395652771,0.5088971257209778,495.5085754394531,2.7198519706726074
sample_00272,63,8,block_out,0.9912633895874023,0.15579548478126526,153.1959228515625,0.13175293803215027
sample_00273,0,16,block_out,0.9219094514846802,0.3946370482444763,249.060546875,0.5660094022750854
sample_00273,0,1,block_out,1.0036264657974243,0.0005607148050330579,0.0341796875,0.0001682028960203752
sample_00273,0,23,block_out,0.8441928029060364,0.5473197102546692,390.18896484375,1.0674817562103271
sample_00273,0,27,block_out,0.8834477663040161,0.4740719199180603,476.50439453125,1.5472105741500854
sample_00273,0,31,block_out,0.8724208474159241,0.5173112154006958,496.04241943359375,2.813751459121704
sample_00273,0,8,block_out,0.9958558678627014,0.12497908622026443,2.587646484375,0.11904112249612808
sample_00273,16,16,block_out,0.9220055937767029,0.39442968368530273,250.13330078125,0.5650553703308105
sample_00273,16,1,block_out,1.00330650806427,0.025822477415204048,18.5675048828125,0.0006454588146880269
sample_00273,16,23,block_out,0.845081090927124,0.5457513928413391,400.38330078125,1.0751700401306152
sample_00273,16,27,block_out,0.8848673701286316,0.4712306261062622,491.17919921875,1.5538262128829956
sample_00273,16,31,block_out,0.8695427775382996,0.5221446752548218,521.927001953125,2.8129661083221436
sample_00273,16,8,block_out,0.9956853985786438,0.12635503709316254,22.2373046875,0.12002353370189667
sample_00273,32,16,block_out,0.9217582941055298,0.3948740065097809,250.45263671875,0.5659525990486145
sample_00273,32,1,block_out,1.0026227235794067,0.0453849621117115,18.3184814453125,0.0013632378540933132
sample_00273,32,23,block_out,0.8439258933067322,0.5473950505256653,388.8876953125,1.083980917930603
sample_00273,32,27,block_out,0.8813906311988831,0.4778960049152374,471.03125,1.5806565284729004
sample_00273,32,31,block_out,0.8595572113990784,0.5421334505081177,506.9635009765625,2.875786781311035
sample_00273,32,8,block_out,0.9951878786087036,0.13027575612068176,33.3243408203125,0.12185356020927429
sample_00273,4,16,block_out,0.9145141243934631,0.4120464622974396,649.65673828125,0.567969024181366
sample_00273,4,1,block_out,1.0034856796264648,0.01673739030957222,5.306884765625,0.0006302358233369887
sample_00273,4,23,block_out,0.8329035639762878,0.5658133029937744,989.21923828125,1.077638030052185
sample_00273,4,27,block_out,0.8764006495475769,0.487538605928421,1118.36474609375,1.5675703287124634
sample_00273,4,31,block_out,0.865687906742096,0.5302201509475708,734.5465698242188,2.8595120906829834
sample_00273,4,8,block_out,0.995568037033081,0.12727396190166473,66.47998046875,0.12006045132875443
sample_00273,63,16,block_out,0.9177518486976624,0.40438851714134216,342.5361328125,0.57402104139328
sample_00273,63,1,block_out,1.0007538795471191,0.07649955153465271,19.749267578125,0.003773380070924759
sample_00273,63,23,block_out,0.8400185704231262,0.551767885684967,622.5146484375,1.1140497922897339
sample_00273,63,27,block_out,0.8802053928375244,0.479805588722229,749.14453125,1.618688702583313
sample_00273,63,31,block_out,0.8622227311134338,0.5386357307434082,718.54052734375,2.8285014629364014
sample_00273,63,8,block_out,0.9930775165557861,0.1455409824848175,30.868408203125,0.12761525809764862
sample_00274,0,16,block_out,0.9220430850982666,0.3932427167892456,248.529541015625,0.5655072927474976
sample_00274,0,1,block_out,1.0031917095184326,0.000556246202904731,0.0419921875,0.0001690802164375782
sample_00274,0,23,block_out,0.8454301953315735,0.5448986887931824,394.782470703125,1.0667240619659424
sample_00274,0,27,block_out,0.884026050567627,0.4729726016521454,454.262939453125,1.5530095100402832
sample_00274,0,31,block_out,0.87073814868927,0.5244991779327393,473.811767578125,2.8332326412200928
sample_00274,0,8,block_out,0.9954419732093811,0.12530426681041718,2.2601318359375,0.11967577040195465
sample_00274,16,16,block_out,0.9221271276473999,0.3929293155670166,250.715576171875,0.5659019947052002
sample_00274,16,1,block_out,1.0031845569610596,0.0005573437665589154,0.04296875,0.00016917554603423923
sample_00274,16,23,block_out,0.846611738204956,0.5420950055122375,395.683349609375,1.0747941732406616
sample_00274,16,27,block_out,0.8859978318214417,0.468822181224823,456.798583984375,1.5548361539840698
sample_00274,16,31,block_out,0.8731675148010254,0.5143741965293884,503.62347412109375,2.7792370319366455
sample_00274,16,8,block_out,0.9954439401626587,0.12516862154006958,2.33447265625,0.11993756145238876
sample_00274,32,16,block_out,0.9224278926849365,0.39208951592445374,249.21240234375,0.5665591955184937
sample_00274,32,1,block_out,1.0030553340911865,0.01614324562251568,16.92578125,0.0004583488334901631
sample_00274,32,23,block_out,0.8447421193122864,0.5457499027252197,392.1220703125,1.0858269929885864
sample_00274,32,27,block_out,0.8833119869232178,0.4742780029773712,453.33203125,1.5754739046096802
sample_00274,32,31,block_out,0.8687891364097595,0.5212305188179016,470.55078125,2.8087403774261475
sample_00274,32,8,block_out,0.9953247904777527,0.12619391083717346,17.0137939453125,0.12118412554264069
sample_00274,4,16,block_out,0.9163252711296082,0.40654656291007996,567.686279296875,0.5709848403930664
sample_00274,4,1,block_out,1.0029628276824951,0.021215707063674927,24.77783203125,0.0006337403901852667
sample_00274,4,23,block_out,0.837349534034729,0.5589737892150879,788.547607421875,1.0830535888671875
sample_00274,4,27,block_out,0.8750125169754028,0.49119845032691956,872.660888671875,1.603690505027771
sample_00274,4,31,block_out,0.861064076423645,0.5411341190338135,483.2471008300781,2.916706085205078
sample_00274,4,8,block_out,0.9947402477264404,0.1307295560836792,126.983154296875,0.12119588255882263
sample_00274,63,16,block_out,0.9209339022636414,0.39550063014030457,254.5693359375,0.5686149597167969
sample_00274,63,1,block_out,1.0013964176177979,0.06014988571405411,7.698486328125,0.0032580408733338118
sample_00274,63,23,block_out,0.8437546491622925,0.5451816320419312,397.681640625,1.1136314868927002
sample_00274,63,27,block_out,0.8808286786079407,0.47959834337234497,458.7158203125,1.6229777336120605
sample_00274,63,31,block_out,0.8635926842689514,0.5369051098823547,481.6708984375,2.833576202392578
sample_00274,63,8,block_out,0.993350625038147,0.14085550606250763,22.9876708984375,0.12655694782733917
sample_00275,0,16,block_out,0.908331036567688,0.4191046357154846,211.45849609375,0.6000539064407349
sample_00275,0,1,block_out,1.0004464387893677,0.0005347549449652433,0.0419921875,0.0001706860348349437
sample_00275,0,23,block_out,0.8119220733642578,0.5909829139709473,355.56689453125,1.1250907182693481
sample_00275,0,27,block_out,0.8693329691886902,0.4950333535671234,413.7213134765625,1.6563879251480103
sample_00275,0,31,block_out,0.874245285987854,0.5106903314590454,438.9869384765625,2.9824154376983643
sample_00275,0,8,block_out,0.9935719966888428,0.11746276915073395,2.53448486328125,0.11180801689624786
sample_00275,16,16,block_out,0.9007773995399475,0.4353046417236328,251.267822265625,0.6272697448730469
sample_00275,16,1,block_out,0.9959493279457092,0.0945630893111229,16.19921875,0.008746929466724396
sample_00275,16,23,block_out,0.8041747808456421,0.6028419137001038,369.9014892578125,1.1619703769683838
sample_00275,16,27,block_out,0.8549702167510986,0.5210161805152893,422.2940673828125,1.7512356042861938
sample_00275,16,31,block_out,0.8465078473091125,0.5556221008300781,531.39453125,3.186145067214966
sample_00275,16,8,block_out,0.9889556169509888,0.1515747457742691,32.4814453125,0.13614411652088165
sample_00275,32,16,block_out,0.893770694732666,0.45024505257606506,217.112060546875,0.654220461845398
sample_00275,32,1,block_out,0.9924257397651672,0.1263277232646942,15.8701171875,0.014146768487989902
sample_00275,32,23,block_out,0.7825422883033752,0.6344530582427979,344.054931640625,1.2548913955688477
sample_00275,32,27,block_out,0.8055498003959656,0.5999888777732849,398.592041015625,2.038738489151001
sample_00275,32,31,block_out,0.7702509164810181,0.675128698348999,485.0802001953125,3.847660541534424
sample_00275,32,8,block_out,0.9853473901748657,0.17415359616279602,29.756393432617188,0.1476164609193802
sample_00275,4,16,block_out,0.9076207280158997,0.4205714464187622,223.376708984375,0.6061831712722778
sample_00275,4,1,block_out,0.9998763799667358,0.03349262475967407,14.859375,0.0021136633586138487
sample_00275,4,23,block_out,0.811710000038147,0.5921669602394104,352.745849609375,1.1342345476150513
sample_00275,4,27,block_out,0.8665726184844971,0.5000238418579102,408.02197265625,1.6801446676254272
sample_00275,4,31,block_out,0.8705801367759705,0.5145478248596191,436.24072265625,3.017197370529175
sample_00275,4,8,block_out,0.9932594299316406,0.12002389878034592,5.85595703125,0.11460919678211212
sample_00275,63,16,block_out,0.8901751041412354,0.4569664001464844,230.208740234375,0.6559969782829285
sample_00275,63,1,block_out,0.9834969639778137,0.1834298074245453,16.0947265625,0.027473099529743195
sample_00275,63,23,block_out,0.7820428609848022,0.6370696425437927,360.340576171875,1.2840344905853271
sample_00275,63,27,block_out,0.8052548170089722,0.6055741906166077,420.989013671875,2.0159199237823486
sample_00275,63,31,block_out,0.7673154473304749,0.6827836036682129,437.159912109375,3.4887001514434814
sample_00275,63,8,block_out,0.977325439453125,0.21504119038581848,25.2542724609375,0.17298012971878052
sample_00276,0,16,block_out,0.9133585691452026,0.4079292416572571,238.977783203125,0.5757830142974854
sample_00276,0,1,block_out,1.0004853010177612,0.0005309134721755981,0.0322265625,0.00017041484534274787
sample_00276,0,23,block_out,0.815651535987854,0.5863456130027771,363.419677734375,1.1111453771591187
sample_00276,0,27,block_out,0.8686714172363281,0.4969196319580078,413.60595703125,1.654400110244751
sample_00276,0,31,block_out,0.8746973276138306,0.5109604597091675,443.80712890625,2.924128770828247
sample_00276,0,8,block_out,0.9937571287155151,0.11600254476070404,3.49102783203125,0.11127474159002304
sample_00276,16,16,block_out,0.859371542930603,0.5163300037384033,634.52392578125,0.6156711578369141
sample_00276,16,1,block_out,0.9923349618911743,0.1271900236606598,25.634765625,0.01302624773234129
sample_00276,16,23,block_out,0.7483580112457275,0.6828884482383728,877.7412109375,1.188151240348816
sample_00276,16,27,block_out,0.8042550086975098,0.6023275256156921,986.69287109375,1.9192962646484375
sample_00276,16,31,block_out,0.795255184173584,0.6511975526809692,449.4625244140625,3.5679385662078857
sample_00276,16,8,block_out,0.9878154993057251,0.15966929495334625,81.9052734375,0.13362517952919006
sample_00276,32,16,block_out,0.852780282497406,0.5306323766708374,620.9000244140625,0.6458025574684143
sample_00276,32,1,block_out,0.9867467284202576,0.16498328745365143,24.5869140625,0.021941915154457092
sample_00276,32,23,block_out,0.7421606183052063,0.6957912445068359,837.1810302734375,1.2451616525650024
sample_00276,32,27,block_out,0.7890250086784363,0.6267353296279907,940.805419921875,2.000063419342041
sample_00276,32,31,block_out,0.7640964984893799,0.693094789981842,488.250732421875,3.7095131874084473
sample_00276,32,8,block_out,0.9804032444953918,0.20253099501132965,112.52685546875,0.14870211482048035
sample_00276,4,16,block_out,0.8752162456512451,0.4871573746204376,560.923095703125,0.5936073064804077
sample_00276,4,1,block_out,0.9974534511566162,0.07768356055021286,21.4951171875,0.005115837790071964
sample_00276,4,23,block_out,0.7697691321372986,0.6533948183059692,757.151611328125,1.1572002172470093
sample_00276,4,27,block_out,0.8324835300445557,0.5581908822059631,854.833251953125,1.8015623092651367
sample_00276,4,31,block_out,0.8364777565002441,0.5862366557121277,521.7340087890625,3.2563161849975586
sample_00276,4,8,block_out,0.9876946210861206,0.15998390316963196,134.5423583984375,0.1204138919711113
sample_00276,63,16,block_out,0.8856611847877502,0.4684271216392517,285.805908203125,0.6343111395835876
sample_00276,63,1,block_out,0.9739050269126892,0.22900031507015228,26.7802734375,0.03714173287153244
sample_00276,63,23,block_out,0.793993353843689,0.6208842992782593,387.24365234375,1.2233864068984985
sample_00276,63,27,block_out,0.8218746781349182,0.5769807696342468,441.46630859375,1.8939392566680908
sample_00276,63,31,block_out,0.7705565690994263,0.67340487241745,474.47454833984375,3.415348768234253
sample_00276,63,8,block_out,0.9782052040100098,0.21436521410942078,82.7469482421875,0.16264067590236664
sample_00277,0,16,block_out,0.9126533269882202,0.40953564643859863,205.8402099609375,0.579601526260376
sample_00277,0,1,block_out,1.0004688501358032,0.0005317513714544475,0.0322265625,0.00016942649381235242
sample_00277,0,23,block_out,0.8183748722076416,0.5810059905052185,357.2967529296875,1.1092168092727661
sample_00277,0,27,block_out,0.871795654296875,0.4909176528453827,420.2542724609375,1.6431190967559814
sample_00277,0,31,block_out,0.8763298392295837,0.5058742165565491,440.6781005859375,2.9231317043304443
sample_00277,0,8,block_out,0.9936738014221191,0.1166548877954483,2.73980712890625,0.11160282045602798
sample_00277,16,16,block_out,0.8513193726539612,0.5307331681251526,672.25244140625,0.6146457195281982
sample_00277,16,1,block_out,0.9914148449897766,0.13399143517017365,25.7734375,0.01338006928563118
sample_00277,16,23,block_out,0.7504264116287231,0.6788066029548645,901.434326171875,1.1801308393478394
sample_00277,16,27,block_out,0.8135093450546265,0.5891560316085815,1060.0391845703125,1.8696762323379517
sample_00277,16,31,block_out,0.8072852492332458,0.6280547380447388,790.1776123046875,3.443329334259033
sample_00277,16,8,block_out,0.976552426815033,0.2187219113111496,215.31005859375,0.13298189640045166
sample_00277,32,16,block_out,0.842603325843811,0.547067403793335,667.638671875,0.6429111361503601
sample_00277,32,1,block_out,0.9864856004714966,0.1664068102836609,24.599609375,0.02256016992032528
sample_00277,32,23,block_out,0.7354397773742676,0.7006320953369141,893.0538940429688,1.2347381114959717
sample_00277,32,27,block_out,0.7925400733947754,0.6208282709121704,1001.991943359375,1.9504607915878296
sample_00277,32,31,block_out,0.7669260501861572,0.6881662607192993,768.1419677734375,3.6166696548461914
sample_00277,32,8,block_out,0.9712733030319214,0.24321024119853973,198.6591796875,0.15076002478599548
sample_00277,4,16,block_out,0.8709661960601807,0.49464353919029236,616.258056640625,0.5887116193771362
sample_00277,4,1,block_out,0.9980883002281189,0.06877774745225906,21.64453125,0.0039963629096746445
sample_00277,4,23,block_out,0.7731053233146667,0.6459483504295349,811.5182495117188,1.1458017826080322
sample_00277,4,27,block_out,0.8373717665672302,0.5498978495597839,955.0231323242188,1.767492651939392
sample_00277,4,31,block_out,0.846838116645813,0.5655575394630432,437.4752197265625,3.195020914077759
sample_00277,4,8,block_out,0.9792535305023193,0.2058403640985489,210.52978515625,0.11888548731803894
sample_00277,63,16,block_out,0.8374403715133667,0.5588228702545166,651.37451171875,0.6362648010253906
sample_00277,63,1,block_out,0.9728571176528931,0.23348590731620789,22.892578125,0.03845907375216484
sample_00277,63,23,block_out,0.7455485463142395,0.6881304383277893,864.400634765625,1.240781545639038
sample_00277,63,27,block_out,0.7961599826812744,0.6134766340255737,962.822509765625,1.936153769493103
sample_00277,63,31,block_out,0.7556732296943665,0.6955211162567139,450.6112976074219,3.4944775104522705
sample_00277,63,8,block_out,0.9687486886978149,0.25454720854759216,203.45001220703125,0.16522030532360077
sample_00278,0,16,block_out,0.9111678004264832,0.4129355847835541,230.507080078125,0.5926633477210999
sample_00278,0,1,block_out,1.0004551410675049,0.0005192689714021981,0.0322265625,0.00017054651107173413
sample_00278,0,23,block_out,0.8117418885231018,0.5925765037536621,353.269287109375,1.1289206743240356
sample_00278,0,27,block_out,0.8651007413864136,0.5028921365737915,404.6683349609375,1.6794151067733765
sample_00278,0,31,block_out,0.8710598945617676,0.5180087685585022,429.3753662109375,2.9861013889312744
sample_00278,0,8,block_out,0.9936622381210327,0.11683384329080582,2.777099609375,0.11200850456953049
sample_00278,16,16,block_out,0.8956591486930847,0.4460082948207855,245.2872314453125,0.6415415406227112
sample_00278,16,1,block_out,0.9939471483230591,0.1138763502240181,27.7255859375,0.01063107792288065
sample_00278,16,23,block_out,0.7808655500411987,0.6378031373023987,382.3343505859375,1.2383607625961304
sample_00278,16,27,block_out,0.8117156028747559,0.5888022184371948,439.8221435546875,1.9787720441818237
sample_00278,16,31,block_out,0.7879929542541504,0.6574652194976807,515.5435791015625,3.7290337085723877
sample_00278,16,8,block_out,0.9874686002731323,0.16102558374404907,54.952880859375,0.1372697353363037
sample_00278,32,16,block_out,0.8829300403594971,0.4716419577598572,260.671142578125,0.6799628734588623
sample_00278,32,1,block_out,0.9872709512710571,0.16190558671951294,27.3759765625,0.02189388871192932
sample_00278,32,23,block_out,0.7569665312767029,0.6685004830360413,411.5838623046875,1.320486068725586
sample_00278,32,27,block_out,0.7692341804504395,0.6511573195457458,474.3026123046875,2.182161569595337
sample_00278,32,31,block_out,0.7309041023254395,0.7372507452964783,512.3819580078125,4.078487396240234
sample_00278,32,8,block_out,0.9788901805877686,0.2077036052942276,90.2783203125,0.16431924700737
sample_00278,4,16,block_out,0.868546724319458,0.49923789501190186,620.68603515625,0.6097612380981445
sample_00278,4,1,block_out,0.9991816282272339,0.050289057195186615,22.0009765625,0.0030197463929653168
sample_00278,4,23,block_out,0.7665416598320007,0.6601884961128235,849.659912109375,1.1395630836486816
sample_00278,4,27,block_out,0.8456273078918457,0.5364043712615967,944.817138671875,1.6963832378387451
sample_00278,4,31,block_out,0.8677977919578552,0.5205126404762268,446.51953125,2.9994149208068848
sample_00278,4,8,block_out,0.9888280034065247,0.15246334671974182,152.47314453125,0.11932297050952911
sample_00278,63,16,block_out,0.8488621711730957,0.5319685339927673,602.0225830078125,0.6699197292327881
sample_00278,63,1,block_out,0.979475200176239,0.2050633728504181,26.125,0.02984756790101528
sample_00278,63,23,block_out,0.7261381149291992,0.7087999582290649,1008.009033203125,1.3124496936798096
sample_00278,63,27,block_out,0.7735224366188049,0.6505385041236877,1189.616455078125,2.072376012802124
sample_00278,63,31,block_out,0.745108425617218,0.7173947691917419,657.843017578125,3.6371941566467285
sample_00278,63,8,block_out,0.9682101011276245,0.25365835428237915,172.97100830078125,0.17718715965747833
sample_00279,0,16,block_out,0.9112756848335266,0.41268786787986755,220.19970703125,0.5889735221862793
sample_00279,0,1,block_out,1.000482201576233,0.0005281821941025555,0.041015625,0.000167108591995202
sample_00279,0,23,block_out,0.8136966228485107,0.5898200869560242,363.85791015625,1.125535249710083
sample_00279,0,27,block_out,0.8690464496612549,0.49575403332710266,424.850830078125,1.6686550378799438
sample_00279,0,31,block_out,0.876205563545227,0.5074369311332703,450.991455078125,2.9666659832000732
sample_00279,0,8,block_out,0.9938350915908813,0.11536490172147751,2.433074951171875,0.1110248938202858
sample_00279,16,16,block_out,0.897226095199585,0.44297266006469727,356.620849609375,0.6156383156776428
sample_00279,16,1,block_out,0.9948601126670837,0.1057220995426178,27.84375,0.007030135486274958
sample_00279,16,23,block_out,0.8029223680496216,0.6068050861358643,410.665283203125,1.1577953100204468
sample_00279,16,27,block_out,0.8551384210586548,0.5208697319030762,457.6748046875,1.740537405014038
sample_00279,16,31,block_out,0.8487561941146851,0.5596058964729309,484.478515625,3.16420578956604
sample_00279,16,8,block_out,0.9889445900917053,0.15163551270961761,75.349609375,0.12767735123634338
sample_00279,32,16,block_out,0.8806886076927185,0.47722142934799194,491.099609375,0.6418676972389221
sample_00279,32,1,block_out,0.9900776147842407,0.14382991194725037,27.9033203125,0.015093972906470299
sample_00279,32,23,block_out,0.7823364734649658,0.6378869414329529,655.727783203125,1.2140647172927856
sample_00279,32,27,block_out,0.8293324112892151,0.563762903213501,736.520263671875,1.863034725189209
sample_00279,32,31,block_out,0.8216991424560547,0.5987944006919861,537.30517578125,3.3343379497528076
sample_00279,32,8,block_out,0.982285737991333,0.19071289896965027,114.12841796875,0.1463811695575714
sample_00279,4,16,block_out,0.8866741061210632,0.46469032764434814,535.440673828125,0.6062647700309753
sample_00279,4,1,block_out,0.998961329460144,0.05490307882428169,27.8671875,0.0033695397432893515
sample_00279,4,23,block_out,0.787990927696228,0.6287619471549988,731.8326416015625,1.1422557830810547
sample_00279,4,27,block_out,0.8490956425666809,0.530447244644165,842.3970947265625,1.718607783317566
sample_00279,4,31,block_out,0.8600643277168274,0.541935384273529,660.7606201171875,3.0936837196350098
sample_00279,4,8,block_out,0.9889599084854126,0.15153558552265167,147.79150390625,0.11900155991315842
sample_00279,63,16,block_out,0.8714404106140137,0.49266621470451355,579.695556640625,0.6516539454460144
sample_00279,63,1,block_out,0.9823015928268433,0.19011615216732025,27.1884765625,0.025414781644940376
sample_00279,63,23,block_out,0.7670421004295349,0.6534069180488586,817.41259765625,1.2776886224746704
sample_00279,63,27,block_out,0.8035266399383545,0.6014823317527771,923.85888671875,1.9791865348815918
sample_00279,63,31,block_out,0.7751702666282654,0.6691392660140991,470.4697265625,3.4493567943573
sample_00279,63,8,block_out,0.9754878282546997,0.22339515388011932,114.49560546875,0.1662997603416443
sample_00280,0,16,block_out,0.9214657545089722,0.3893583416938782,229.49212646484375,0.5326148271560669
sample_00280,0,1,block_out,1.000473141670227,0.0005549337365664542,0.03125,0.00018242094665765762
sample_00280,0,23,block_out,0.8330718874931335,0.5550853610038757,357.48504638671875,1.0244088172912598
sample_00280,0,27,block_out,0.8738211989402771,0.4871309995651245,414.6431884765625,1.5552078485488892
sample_00280,0,31,block_out,0.8616102933883667,0.5399615168571472,481.67193603515625,2.968536376953125
sample_00280,0,8,block_out,0.9929419159889221,0.12323541194200516,2.521240234375,0.1187710165977478
sample_00280,16,16,block_out,0.9157203435897827,0.4025740921497345,231.244140625,0.5605727434158325
sample_00280,16,1,block_out,0.9979069232940674,0.0714295506477356,21.69287109375,0.004956454504281282
sample_00280,16,23,block_out,0.8296129703521729,0.5599535703659058,385.44091796875,1.069032073020935
sample_00280,16,27,block_out,0.8551518321037292,0.5203975439071655,455.84814453125,1.6964967250823975
sample_00280,16,31,block_out,0.817973792552948,0.6092308163642883,602.4164428710938,3.263850450515747
sample_00280,16,8,block_out,0.9876068830490112,0.16054953634738922,124.68658447265625,0.1333254873752594
sample_00280,32,16,block_out,0.9054200053215027,0.42508602142333984,249.529052734375,0.5962516665458679
sample_00280,32,1,block_out,0.9931175112724304,0.12094264477491379,19.4775390625,0.011663146317005157
sample_00280,32,23,block_out,0.8119128346443176,0.5875763297080994,385.55810546875,1.1333585977554321
sample_00280,32,27,block_out,0.8200375437736511,0.578249454498291,451.55419921875,1.8597967624664307
sample_00280,32,31,block_out,0.7371035814285278,0.7207295298576355,839.0489501953125,3.6729447841644287
sample_00280,32,8,block_out,0.9829923510551453,0.18721123039722443,89.46106719970703,0.14843520522117615
sample_00280,4,16,block_out,0.9219146966934204,0.38853102922439575,219.635009765625,0.5381585955619812
sample_00280,4,1,block_out,1.0004651546478271,0.0005655904533341527,0.0380859375,0.00018393623759038746
sample_00280,4,23,block_out,0.8369778394699097,0.5484973192214966,361.54541015625,1.02821946144104
sample_00280,4,27,block_out,0.8729252219200134,0.48885807394981384,419.41162109375,1.5697358846664429
sample_00280,4,31,block_out,0.8597564697265625,0.5441584587097168,459.19970703125,2.976477861404419
sample_00280,4,8,block_out,0.9930115342140198,0.12261015921831131,2.78955078125,0.1186547577381134
sample_00280,63,16,block_out,0.8947068452835083,0.447539746761322,218.8046875,0.6052550077438354
sample_00280,63,1,block_out,0.9867242574691772,0.16528409719467163,17.187255859375,0.02131582610309124
sample_00280,63,23,block_out,0.810136616230011,0.5901458859443665,384.064453125,1.1339677572250366
sample_00280,63,27,block_out,0.8137016892433167,0.5905879139900208,452.6396484375,1.8507736921310425
sample_00280,63,31,block_out,0.7376983761787415,0.7365723252296448,483.9931640625,3.477506399154663
sample_00280,63,8,block_out,0.9684119820594788,0.2530464231967926,142.868896484375,0.16527098417282104
sample_00281,0,16,block_out,0.9210997223854065,0.39016324281692505,226.46533203125,0.5381203889846802
sample_00281,0,1,block_out,1.0005279779434204,0.0005598820862360299,0.037109375,0.00018076726701110601
sample_00281,0,23,block_out,0.830246090888977,0.5601339340209961,354.75439453125,1.0364243984222412
sample_00281,0,27,block_out,0.8658188581466675,0.5020250678062439,412.51806640625,1.5968403816223145
sample_00281,0,31,block_out,0.8540536761283875,0.5579106211662292,460.4749755859375,3.0177621841430664
sample_00281,0,8,block_out,0.9925474524497986,0.12667997181415558,2.5977783203125,0.12158220261335373
sample_00281,16,16,block_out,0.8813393712043762,0.4746551215648651,496.953125,0.5860511660575867
sample_00281,16,1,block_out,0.992117166519165,0.12936405837535858,27.9814453125,0.01204898301512003
sample_00281,16,23,block_out,0.7687526941299438,0.650580644607544,812.610107421875,1.1493779420852661
sample_00281,16,27,block_out,0.7969484329223633,0.6142182946205139,965.0966796875,1.9070994853973389
sample_00281,16,31,block_out,0.7376570105552673,0.7455494999885559,514.8189697265625,3.7702455520629883
sample_00281,16,8,block_out,0.9844712615013123,0.18037556111812592,175.19204711914062,0.14268708229064941
sample_00281,32,16,block_out,0.8773114085197449,0.48315000534057617,444.17987060546875,0.6077373623847961
sample_00281,32,1,block_out,0.9859886765480042,0.1698967069387436,26.74609375,0.02048296295106411
sample_00281,32,23,block_out,0.760331392288208,0.6619179248809814,581.2830810546875,1.1874819993972778
sample_00281,32,27,block_out,0.7761967182159424,0.6425912380218506,699.0115966796875,1.980234980583191
sample_00281,32,31,block_out,0.7158554792404175,0.7745253443717957,800.3973999023438,3.8134849071502686
sample_00281,32,8,block_out,0.9804508090019226,0.20233412086963654,151.9304962158203,0.15452657639980316
sample_00281,4,16,block_out,0.8908219337463379,0.45554134249687195,600.4677734375,0.557925283908844
sample_00281,4,1,block_out,0.9971534609794617,0.08205622434616089,24.9990234375,0.005161661189049482
sample_00281,4,23,block_out,0.7854297757148743,0.6260453462600708,821.392822265625,1.1036396026611328
sample_00281,4,27,block_out,0.8264177441596985,0.568183958530426,981.2362060546875,1.7756305932998657
sample_00281,4,31,block_out,0.7845098972320557,0.6806550025939941,597.2907104492188,3.5268235206604004
sample_00281,4,8,block_out,0.9902312159538269,0.14381064474582672,93.30322265625,0.1302126944065094
sample_00281,63,16,block_out,0.871318519115448,0.49441322684288025,587.868896484375,0.5810309648513794
sample_00281,63,1,block_out,0.9782962799072266,0.2100357562303543,26.891334533691406,0.03170295059680939
sample_00281,63,23,block_out,0.7850278615951538,0.6282912492752075,859.0650634765625,1.120745062828064
sample_00281,63,27,block_out,0.8178053498268127,0.5837070941925049,967.6148681640625,1.7608379125595093
sample_00281,63,31,block_out,0.7638238072395325,0.7031890749931335,586.8975830078125,3.3175528049468994
sample_00281,63,8,block_out,0.9704776406288147,0.25036272406578064,156.81396484375,0.16380497813224792
sample_00282,0,16,block_out,0.9178187251091003,0.3977424204349518,264.962646484375,0.5442637801170349
sample_00282,0,1,block_out,1.000528335571289,0.000549150921870023,0.0302734375,0.00018131345859728754
sample_00282,0,23,block_out,0.8226008415222168,0.5731765031814575,411.8238525390625,1.0534087419509888
sample_00282,0,27,block_out,0.8646793961524963,0.5043244361877441,475.3658447265625,1.613179326057434
sample_00282,0,31,block_out,0.8547611832618713,0.5538846850395203,518.0787353515625,3.040562868118286
sample_00282,0,8,block_out,0.9925999045372009,0.12629051506519318,2.6328125,0.12182830274105072
sample_00282,16,16,block_out,0.8664448857307434,0.5023589730262756,621.9498291015625,0.604224681854248
sample_00282,16,1,block_out,0.9913133978843689,0.13544504344463348,28.0703125,0.012719572521746159
sample_00282,16,23,block_out,0.747808039188385,0.678834855556488,803.4859619140625,1.1863765716552734
sample_00282,16,27,block_out,0.777167558670044,0.6429948806762695,922.9620361328125,1.9661842584609985
sample_00282,16,31,block_out,0.7468675374984741,0.7242286205291748,760.92333984375,3.724255084991455
sample_00282,16,8,block_out,0.9769357442855835,0.2182900607585907,218.316162109375,0.14742626249790192
sample_00282,32,16,block_out,0.8644632697105408,0.5064685344696045,614.2203369140625,0.6115730404853821
sample_00282,32,1,block_out,0.9854684472084045,0.1730749011039734,26.84375,0.020245619118213654
sample_00282,32,23,block_out,0.7479629516601562,0.6786877512931824,798.9876098632812,1.1966344118118286
sample_00282,32,27,block_out,0.770151674747467,0.6539333462715149,947.1848754882812,1.9870527982711792
sample_00282,32,31,block_out,0.7311499714851379,0.7447945475578308,764.552490234375,3.6962013244628906
sample_00282,32,8,block_out,0.9734859466552734,0.2344902604818344,217.18798828125,0.1591537594795227
sample_00282,4,16,block_out,0.8864874839782715,0.4642132818698883,575.5546875,0.5594918727874756
sample_00282,4,1,block_out,0.9976361989974976,0.07601366192102432,23.9658203125,0.0044098105281591415
sample_00282,4,23,block_out,0.7860661745071411,0.6263613104820251,749.359375,1.1048452854156494
sample_00282,4,27,block_out,0.8316217064857483,0.5615451335906982,841.35888671875,1.761295199394226
sample_00282,4,31,block_out,0.809577465057373,0.6388077139854431,611.8226928710938,3.3633151054382324
sample_00282,4,8,block_out,0.9816524386405945,0.19446977972984314,204.2626953125,0.12973596155643463
sample_00282,63,16,block_out,0.859226405620575,0.5166310667991638,577.78662109375,0.5960993766784668
sample_00282,63,1,block_out,0.9775679707527161,0.21352837979793549,27.307586669921875,0.0313551090657711
sample_00282,63,23,block_out,0.7537384629249573,0.672024130821228,864.837890625,1.1864033937454224
sample_00282,63,27,block_out,0.7950781583786011,0.6173753142356873,1007.8193359375,1.8709238767623901
sample_00282,63,31,block_out,0.7471012473106384,0.7141217589378357,563.8328857421875,3.458131790161133
sample_00282,63,8,block_out,0.9760383367538452,0.22335900366306305,201.36216735839844,0.1636962592601776
sample_00283,0,16,block_out,0.920258641242981,0.39217323064804077,236.5078125,0.540243923664093
sample_00283,0,1,block_out,1.0004839897155762,0.0005633363034576178,0.0302734375,0.0001857538882177323
sample_00283,0,23,block_out,0.8297802805900574,0.5603047609329224,368.9007568359375,1.0334465503692627
sample_00283,0,27,block_out,0.8676360845565796,0.4987693428993225,428.0062255859375,1.591192603111267
sample_00283,0,31,block_out,0.8491208553314209,0.5648219585418701,593.1392822265625,3.064995288848877
sample_00283,0,8,block_out,0.9926695823669434,0.12547791004180908,2.539031982421875,0.12067747116088867
sample_00283,16,16,block_out,0.8829760551452637,0.471417635679245,447.17291259765625,0.5893265008926392
sample_00283,16,1,block_out,0.9925601482391357,0.12547077238559723,27.408203125,0.011808948591351509
sample_00283,16,23,block_out,0.7813814878463745,0.6318379044532776,681.769287109375,1.1199666261672974
sample_00283,16,27,block_out,0.8154386878013611,0.587337851524353,831.2720336914062,1.819462776184082
sample_00283,16,31,block_out,0.7712717056274414,0.6897376179695129,492.724365234375,3.5595972537994385
sample_00283,16,8,block_out,0.9829164743423462,0.1885545700788498,206.65069580078125,0.14242421090602875
sample_00283,32,16,block_out,0.8712218999862671,0.4947785437107086,515.5205078125,0.6086564660072327
sample_00283,32,1,block_out,0.9859883785247803,0.16946755349636078,25.974609375,0.020772520452737808
sample_00283,32,23,block_out,0.7642948627471924,0.6571891903877258,837.888916015625,1.153372883796692
sample_00283,32,27,block_out,0.7911006808280945,0.6238267421722412,1002.019287109375,1.9064030647277832
sample_00283,32,31,block_out,0.7265127897262573,0.7518524527549744,537.16748046875,3.7536048889160156
sample_00283,32,8,block_out,0.9792903661727905,0.20797082781791687,159.74072265625,0.1553937941789627
sample_00283,4,16,block_out,0.8873400688171387,0.4621577560901642,592.31884765625,0.5580931305885315
sample_00283,4,1,block_out,0.9978770613670349,0.07208985090255737,23.0703125,0.0045165447518229485
sample_00283,4,23,block_out,0.791680634021759,0.6161817908287048,804.0416259765625,1.078910231590271
sample_00283,4,27,block_out,0.8357012867927551,0.5541679859161377,933.4696044921875,1.7260404825210571
sample_00283,4,31,block_out,0.8102836012840271,0.6365700960159302,792.8605346679688,3.3682894706726074
sample_00283,4,8,block_out,0.9881284832954407,0.15748614072799683,114.62744140625,0.1294642984867096
sample_00283,63,16,block_out,0.857689619064331,0.5205188989639282,589.539306640625,0.5886259078979492
sample_00283,63,1,block_out,0.9758152961730957,0.22093012928962708,24.349609375,0.0344962477684021
sample_00283,63,23,block_out,0.7699161171913147,0.6485195755958557,913.5303955078125,1.1162607669830322
sample_00283,63,27,block_out,0.802703857421875,0.6053303480148315,1077.2706298828125,1.7991344928741455
sample_00283,63,31,block_out,0.7417433857917786,0.7232281565666199,619.619384765625,3.4149909019470215
sample_00283,63,8,block_out,0.9682897329330444,0.2593129575252533,166.5732421875,0.16757765412330627
sample_00284,0,16,block_out,0.92244952917099,0.38691091537475586,225.75726318359375,0.5360673069953918
sample_00284,0,1,block_out,1.0004926919937134,0.0005578643176704645,0.0380859375,0.00017958387616090477
sample_00284,0,23,block_out,0.8337318897247314,0.5554283261299133,379.87933349609375,1.0272040367126465
sample_00284,0,27,block_out,0.869422197341919,0.49571922421455383,440.421875,1.5694235563278198
sample_00284,0,31,block_out,0.8562610149383545,0.5488690733909607,476.7724609375,2.995028018951416
sample_00284,0,8,block_out,0.9929218292236328,0.12357065081596375,2.51849365234375,0.11832179129123688
sample_00284,16,16,block_out,0.8834581971168518,0.4696381688117981,662.19580078125,0.5394412875175476
sample_00284,16,1,block_out,0.9988049268722534,0.05775567516684532,21.015625,0.0029779537580907345
sample_00284,16,23,block_out,0.7911233901977539,0.6162804365158081,899.35400390625,1.0562059879302979
sample_00284,16,27,block_out,0.8423938751220703,0.5424149632453918,1055.7099609375,1.6405855417251587
sample_00284,16,31,block_out,0.835789144039154,0.5888574123382568,453.7290954589844,3.135660409927368
sample_00284,16,8,block_out,0.9857795834541321,0.1716882884502411,177.27490234375,0.12256842106580734
sample_00284,32,16,block_out,0.8797329068183899,0.4771536886692047,678.349365234375,0.5382846593856812
sample_00284,32,1,block_out,0.9989803433418274,0.05455264076590538,20.439453125,0.0027899492997676134
sample_00284,32,23,block_out,0.7842234373092651,0.6266883611679077,913.013427734375,1.0587719678878784
sample_00284,32,27,block_out,0.8400671482086182,0.5464193224906921,1058.447021484375,1.6336692571640015
sample_00284,32,31,block_out,0.8349871635437012,0.5911248922348022,489.2513427734375,3.0895726680755615
sample_00284,32,8,block_out,0.9867575168609619,0.1658310890197754,179.434814453125,0.12251569330692291
sample_00284,4,16,block_out,0.8836627006530762,0.4693874716758728,638.740234375,0.5413851141929626
sample_00284,4,1,block_out,0.9984520673751831,0.06377962976694107,22.66845703125,0.0033884961158037186
sample_00284,4,23,block_out,0.7813977003097534,0.630499541759491,883.2418212890625,1.0773342847824097
sample_00284,4,27,block_out,0.835489809513092,0.5531976222991943,1033.1163330078125,1.6775246858596802
sample_00284,4,31,block_out,0.8327146172523499,0.5952785015106201,481.96533203125,3.2415871620178223
sample_00284,4,8,block_out,0.9862527251243591,0.16904710233211517,155.91650390625,0.12307488918304443
sample_00284,63,16,block_out,0.9259580969810486,0.37871867418289185,231.360107421875,0.5157711505889893
sample_00284,63,1,block_out,0.9997544884681702,0.03727516159415245,25.666259765625,0.0014698398299515247
sample_00284,63,23,block_out,0.8490360975265503,0.5292990207672119,385.312744140625,1.0222837924957275
sample_00284,63,27,block_out,0.8778504133224487,0.4799380600452423,444.757080078125,1.539042592048645
sample_00284,63,31,block_out,0.843917965888977,0.5650773048400879,473.561767578125,2.7948367595672607
sample_00284,63,8,block_out,0.9920133352279663,0.13035690784454346,66.35595703125,0.12032506614923477
